,Platform,Active_Users_M,Avg_Rating,Problems_Count,Problems_Difficulty,Job_Integration,Contest_Frequency,Pricing_Model,Founded_Year,Mobile_App_Available,Certifications_Offered,Learning_Paths,Forum_Activity_Level,Platform_Score
0,HackerRank,5.6,4.2,581,Easy,Yes,Occasionally,Paid,2019,True,True,7,Medium,86
1,HackerRank,28.5,4.4,2256,Hard,Limited,Weekly,Freemium,2013,False,True,5,Low,118
2,Codeforces,17.6,4.4,3773,Varied,No,Weekly,Freemium,2018,True,True,8,Low,102
3,CodeChef,19.9,4.5,2855,Varied,No,Occasionally,Paid,2010,False,False,3,Low,86
4,CodeChef,16.5,4.1,1867,Easy,Yes,Weekly,Free,2021,False,True,3,Low,96
5,CodeChef,19.3,3.6,1589,Hard,No,Biweekly,Paid,2020,False,True,9,Medium,96
6,CodeChef,4.6,4.8,2702,Hard,Yes,Weekly,Paid,2017,False,True,9,High,100
7,LeetCode,19.8,4.2,2262,Medium,No,Weekly,Paid,2008,False,False,6,High,96
8,Codeforces,13.7,4.4,2444,Medium,Yes,Occasionally,Paid,2009,False,True,8,Low,101
9,CodeChef,6.6,4.9,1865,Hard,Yes,Biweekly,Freemium,2006,True,False,2,Low,82
10,CodeChef,23.2,4.5,2135,Hard,Yes,Weekly,Free,2009,False,True,7,Medium,120
11,CodeChef,19.2,4.8,3422,Medium,No,Biweekly,Freemium,2019,False,True,7,Low,105
12,LeetCode,3.0,5.0,550,Varied,Yes,Biweekly,Free,2009,False,True,3,High,86
13,Codeforces,2.3,4.4,1136,Hard,Yes,Occasionally,Paid,2012,False,False,8,Medium,80
14,Codeforces,19.8,4.5,2224,Varied,Yes,Occasionally,Free,2018,False,False,6,Medium,105
15,Codeforces,17.7,4.4,3314,Varied,Yes,Occasionally,Freemium,2018,False,False,1,Medium,93
16,Codeforces,2.5,4.5,857,Medium,Limited,Weekly,Paid,2007,False,False,7,High,80
17,HackerRank,9.1,4.3,1478,Easy,Limited,Weekly,Paid,2012,False,True,5,Medium,87
18,Codeforces,6.0,4.0,2042,Hard,No,Weekly,Paid,2022,False,False,6,High,73
19,LeetCode,2.5,4.2,1570,Hard,No,Weekly,Free,2020,True,True,9,Low,78
20,HackerRank,22.2,3.9,1912,Varied,Yes,Weekly,Free,2011,False,True,10,Low,116
21,LeetCode,10.9,3.9,1063,Medium,Yes,Weekly,Paid,2006,True,False,5,Low,83
22,HackerRank,21.1,4.7,1551,Hard,Limited,Biweekly,Paid,2013,True,False,6,Medium,104
23,CodeChef,20.0,3.7,2902,Medium,Yes,Weekly,Free,2005,True,False,6,Low,98
24,CodeChef,18.8,4.5,528,Varied,No,Monthly,Freemium,2009,True,False,9,Low,99
25,CodeChef,3.9,4.5,1211,Varied,No,Biweekly,Freemium,2013,True,False,6,Medium,74
26,Codeforces,26.8,3.6,1444,Hard,Limited,Biweekly,Freemium,2006,False,False,1,High,96
27,Codeforces,9.6,4.9,1536,Medium,Limited,Occasionally,Free,2010,True,True,9,High,101
28,CodeChef,15.3,4.4,1104,Varied,Limited,Biweekly,Freemium,2017,True,False,8,High,101
29,HackerRank,1.0,4.0,2665,Easy,Yes,Occasionally,Paid,2013,True,False,4,Medium,66
30,CodeChef,16.1,4.4,3787,Easy,Limited,Occasionally,Paid,2020,False,False,4,Low,86
31,Codeforces,22.5,4.4,3343,Hard,Yes,Weekly,Paid,2013,True,True,10,High,125
32,HackerRank,18.1,3.5,1130,Medium,Yes,Occasionally,Paid,2015,True,True,2,High,90
33,HackerRank,5.3,4.5,2723,Easy,Limited,Weekly,Paid,2020,False,True,7,High,89
34,HackerRank,17.3,4.1,1690,Medium,Yes,Weekly,Paid,2009,True,False,3,High,95
35,CodeChef,10.6,3.6,2593,Varied,No,Monthly,Paid,2018,False,True,6,Low,74
36,Codeforces,20.4,4.6,784,Easy,Yes,Monthly,Free,2009,True,False,9,High,115
37,Codeforces,5.7,5.0,3350,Varied,Limited,Biweekly,Free,2010,False,True,4,High,88
38,LeetCode,1.5,3.5,810,Varied,No,Monthly,Free,2022,False,True,7,Medium,64
39,LeetCode,15.3,4.2,3129,Easy,Yes,Occasionally,Freemium,2012,True,True,3,High,98
40,Codeforces,29.7,4.2,616,Easy,Limited,Biweekly,Freemium,2008,True,True,10,High,130
41,LeetCode,25.6,4.8,805,Easy,Limited,Weekly,Freemium,2021,True,True,5,Medium,119
42,Codeforces,4.3,3.8,2035,Hard,Yes,Occasionally,Paid,2007,True,True,5,High,78
43,Codeforces,1.1,4.9,1141,Varied,Yes,Biweekly,Paid,2018,True,True,5,Low,82
44,CodeChef,11.9,4.8,920,Easy,No,Biweekly,Paid,2017,False,True,10,Medium,99
45,CodeChef,18.3,4.2,1885,Hard,No,Occasionally,Paid,2022,True,True,6,Low,91
46,CodeChef,21.7,5.0,1843,Varied,Yes,Biweekly,Paid,2006,True,True,8,High,124
47,HackerRank,11.4,4.8,2486,Medium,Yes,Monthly,Free,2009,False,True,5,Medium,98
48,CodeChef,6.7,4.5,1188,Varied,Limited,Occasionally,Free,2005,False,False,7,Medium,82
49,LeetCode,19.4,4.3,2045,Varied,No,Weekly,Free,2022,True,True,3,Medium,94
50,HackerRank,21.7,4.4,3191,Easy,Limited,Monthly,Free,2018,True,True,4,Low,101
51,HackerRank,1.6,3.7,1601,Varied,No,Biweekly,Freemium,2018,True,True,2,Low,57
52,HackerRank,7.3,3.8,1970,Varied,No,Biweekly,Freemium,2005,False,True,1,Low,65
53,HackerRank,17.4,4.5,2737,Easy,No,Weekly,Free,2018,True,False,2,Medium,86
54,LeetCode,9.2,3.6,1087,Hard,Limited,Occasionally,Free,2008,True,True,8,High,86
55,LeetCode,9.3,4.9,524,Easy,Limited,Occasionally,Paid,2011,True,False,6,High,89
56,LeetCode,13.7,3.6,2723,Easy,No,Weekly,Free,2013,False,False,8,Low,82
57,Codeforces,22.0,4.2,2467,Varied,Limited,Monthly,Free,2017,True,True,9,Low,109
58,CodeChef,18.4,3.7,1620,Hard,Yes,Monthly,Freemium,2012,False,True,5,Low,98
59,HackerRank,1.0,4.4,1562,Easy,Yes,Weekly,Paid,2021,False,True,6,Low,80
60,HackerRank,25.2,3.5,3521,Varied,Limited,Weekly,Paid,2017,True,True,8,Medium,109
61,Codeforces,27.8,4.4,1388,Hard,Yes,Weekly,Paid,2010,True,True,7,High,127
62,LeetCode,24.2,4.2,1841,Varied,Yes,Biweekly,Free,2011,True,False,3,Low,101
63,CodeChef,26.6,4.5,3037,Varied,Yes,Weekly,Paid,2019,False,False,7,Medium,119
64,HackerRank,3.6,4.2,3800,Varied,Limited,Monthly,Paid,2006,False,False,1,Low,59
65,CodeChef,18.6,4.3,1309,Easy,Limited,Biweekly,Free,2017,True,False,1,High,89
66,CodeChef,27.2,3.9,3798,Easy,Yes,Monthly,Free,2013,True,True,1,Low,103
67,HackerRank,1.5,4.8,1012,Varied,Limited,Weekly,Freemium,2016,False,True,8,Medium,89
68,CodeChef,19.5,4.1,2458,Varied,Yes,Monthly,Paid,2022,False,False,4,Low,93
69,CodeChef,23.6,4.7,1377,Easy,Limited,Monthly,Paid,2009,True,False,6,High,108
70,Codeforces,1.2,4.5,695,Medium,No,Biweekly,Free,2014,False,False,6,Medium,68
71,CodeChef,27.4,4.8,2181,Hard,Limited,Occasionally,Free,2005,False,False,2,Medium,106
72,HackerRank,11.2,4.7,2625,Easy,Yes,Occasionally,Paid,2020,False,True,3,High,94
73,CodeChef,26.4,4.5,2912,Medium,Yes,Biweekly,Free,2008,True,True,5,Medium,119
74,HackerRank,29.7,3.6,1816,Varied,No,Weekly,Free,2021,False,False,6,Low,102
75,CodeChef,22.0,4.8,3474,Easy,Yes,Biweekly,Paid,2019,False,True,2,High,110
76,LeetCode,10.6,3.8,1250,Varied,Limited,Weekly,Freemium,2019,True,False,5,Medium,82
77,Codeforces,20.3,4.3,574,Varied,Limited,Monthly,Paid,2010,False,False,8,Medium,101
78,LeetCode,9.6,4.8,3237,Varied,Yes,Weekly,Paid,2007,False,False,2,Medium,86
79,HackerRank,23.1,4.3,1475,Hard,Limited,Occasionally,Freemium,2010,True,True,3,Medium,104
80,LeetCode,14.9,4.5,3722,Varied,Limited,Biweekly,Paid,2017,True,False,10,Low,98
81,CodeChef,1.2,4.6,2060,Medium,Yes,Biweekly,Freemium,2007,True,False,9,Low,85
82,CodeChef,10.2,4.9,3405,Easy,Yes,Occasionally,Freemium,2015,True,True,8,Low,103
83,HackerRank,12.5,4.1,3250,Medium,Yes,Weekly,Free,2017,False,False,2,High,87
84,HackerRank,24.6,4.2,1458,Medium,Yes,Biweekly,Free,2018,True,False,9,High,118
85,LeetCode,14.4,4.7,3244,Varied,Yes,Occasionally,Freemium,2016,True,True,9,High,114
86,HackerRank,18.5,4.8,1307,Hard,Yes,Weekly,Free,2020,False,False,2,Low,99
87,CodeChef,23.5,4.1,550,Medium,Limited,Weekly,Paid,2009,True,True,6,High,110
88,HackerRank,24.0,4.4,688,Varied,Yes,Weekly,Free,2010,True,False,4,High,111
89,LeetCode,19.1,3.8,2155,Easy,Yes,Weekly,Freemium,2014,True,True,2,Low,97
90,HackerRank,7.8,4.2,559,Easy,No,Weekly,Paid,2021,False,True,6,High,83
91,CodeChef,28.6,4.0,650,Varied,Yes,Weekly,Paid,2007,False,True,2,Medium,112
92,Codeforces,12.0,3.9,3270,Hard,Limited,Weekly,Free,2010,True,True,4,Medium,86
93,LeetCode,6.1,3.9,1654,Easy,No,Occasionally,Freemium,2013,False,False,7,Medium,72
94,LeetCode,11.4,4.7,3336,Hard,Yes,Monthly,Paid,2022,False,True,8,Medium,102
95,CodeChef,16.9,4.0,3738,Hard,Limited,Monthly,Free,2008,True,False,6,Low,88
96,LeetCode,28.6,4.5,2978,Varied,Limited,Occasionally,Paid,2021,False,True,3,Low,109
97,HackerRank,29.9,4.7,3625,Easy,No,Weekly,Free,2010,False,False,8,High,121
98,CodeChef,10.3,4.8,1985,Varied,Limited,Biweekly,Paid,2016,True,True,10,Medium,101
99,Codeforces,17.2,3.7,3579,Easy,Yes,Monthly,Freemium,2019,True,True,3,Low,92
100,LeetCode,1.8,4.2,833,Easy,Limited,Monthly,Free,2019,True,True,3,Low,67
101,HackerRank,29.5,4.6,3517,Varied,No,Monthly,Free,2006,False,False,10,Medium,118
102,Codeforces,19.4,4.8,2584,Hard,Limited,Weekly,Free,2014,False,False,6,Low,103
103,Codeforces,20.4,4.0,2061,Varied,Limited,Occasionally,Freemium,2012,True,False,10,Medium,106
104,LeetCode,7.8,4.1,2846,Hard,Yes,Biweekly,Freemium,2010,True,True,6,High,93
105,LeetCode,21.2,4.8,3929,Medium,Limited,Weekly,Paid,2007,True,True,10,High,122
106,LeetCode,17.1,4.8,3070,Hard,Yes,Weekly,Freemium,2022,True,False,8,High,115
107,LeetCode,17.3,4.1,1364,Medium,Yes,Monthly,Freemium,2015,True,True,2,High,98
108,LeetCode,29.2,4.7,1375,Varied,No,Occasionally,Paid,2022,True,False,6,Medium,110
109,Codeforces,9.1,4.3,709,Hard,Yes,Occasionally,Paid,2005,True,False,8,Low,88
110,HackerRank,7.6,3.9,3082,Hard,Limited,Biweekly,Freemium,2018,False,False,1,High,70
111,CodeChef,10.4,3.9,1227,Medium,No,Occasionally,Free,2015,True,False,5,Low,71
112,HackerRank,29.4,3.8,712,Medium,No,Weekly,Paid,2012,False,True,10,High,119
113,LeetCode,18.5,4.4,2752,Hard,No,Occasionally,Free,2018,True,False,7,Low,92
114,LeetCode,29.6,4.5,3526,Easy,Yes,Monthly,Freemium,2021,True,False,8,High,127
115,HackerRank,20.5,3.7,1554,Hard,Yes,Biweekly,Freemium,2011,False,False,5,Medium,99
116,LeetCode,11.8,5.0,969,Hard,Yes,Weekly,Free,2014,False,True,5,Medium,104
117,LeetCode,5.3,4.9,1920,Hard,Limited,Biweekly,Freemium,2014,True,True,8,Low,92
118,CodeChef,3.2,4.7,2873,Easy,Yes,Occasionally,Paid,2017,True,True,5,Low,82
119,Codeforces,21.4,5.0,2503,Hard,No,Monthly,Paid,2020,False,False,9,Low,105
120,HackerRank,2.1,4.8,3713,Hard,No,Monthly,Freemium,2016,False,False,7,High,77
121,LeetCode,21.9,3.9,3546,Hard,Limited,Biweekly,Paid,2015,True,False,5,Low,93
122,HackerRank,9.4,4.5,3065,Easy,No,Monthly,Free,2009,False,True,10,Medium,92
123,HackerRank,22.3,4.9,1632,Varied,Yes,Weekly,Paid,2018,True,True,9,Low,123
124,HackerRank,5.3,4.0,2434,Hard,Yes,Biweekly,Freemium,2014,False,True,9,High,94
125,CodeChef,23.1,4.5,3449,Hard,Limited,Weekly,Paid,2022,False,True,8,Low,114
126,CodeChef,19.7,4.6,2955,Medium,Yes,Occasionally,Freemium,2022,False,False,8,Low,110
127,LeetCode,16.0,4.8,1295,Easy,No,Occasionally,Free,2014,False,True,8,Medium,101
128,CodeChef,17.7,4.3,3857,Easy,Yes,Biweekly,Free,2014,True,True,5,High,106
129,LeetCode,22.7,4.2,624,Medium,Limited,Occasionally,Freemium,2021,True,False,1,High,95
130,Codeforces,6.1,4.1,3361,Easy,No,Weekly,Free,2019,False,False,9,High,81
131,HackerRank,1.5,3.8,3794,Hard,No,Biweekly,Freemium,2008,False,False,7,Medium,65
132,LeetCode,26.6,3.7,3514,Hard,Limited,Weekly,Paid,2008,True,True,7,High,113
133,Codeforces,5.2,3.7,1609,Easy,Limited,Monthly,Paid,2009,True,True,6,High,76
134,HackerRank,2.4,4.0,3078,Varied,No,Monthly,Freemium,2022,True,False,7,High,70
135,Codeforces,6.4,4.6,721,Hard,Limited,Monthly,Freemium,2011,False,False,3,Low,75
136,CodeChef,1.2,4.9,1493,Varied,No,Occasionally,Freemium,2019,False,False,4,Low,67
137,Codeforces,23.7,4.2,2240,Easy,Limited,Monthly,Free,2016,True,True,5,High,108
138,HackerRank,6.6,3.7,2033,Easy,No,Biweekly,Paid,2014,False,False,8,High,73
139,LeetCode,17.5,4.1,1427,Medium,Limited,Weekly,Freemium,2008,False,False,9,High,105
140,LeetCode,22.2,4.4,2800,Easy,No,Monthly,Paid,2007,False,False,3,Medium,90
141,CodeChef,2.0,4.9,2909,Hard,No,Occasionally,Freemium,2010,True,True,7,Low,79
142,LeetCode,18.4,3.8,3494,Easy,Yes,Monthly,Paid,2017,True,False,3,Low,87
143,CodeChef,17.8,3.7,2964,Hard,Limited,Occasionally,Free,2008,True,True,6,Medium,94
144,CodeChef,24.9,4.2,3527,Easy,No,Occasionally,Free,2009,True,False,6,Medium,99
145,Codeforces,27.0,4.4,3131,Medium,Limited,Weekly,Freemium,2020,True,True,9,Low,124
146,HackerRank,17.9,4.6,1671,Varied,Yes,Weekly,Paid,2022,False,True,1,Low,98
147,LeetCode,19.8,4.5,2114,Easy,Limited,Monthly,Paid,2005,True,True,1,Low,92
148,Codeforces,6.6,3.6,2545,Easy,Limited,Monthly,Paid,2017,True,False,5,Low,66
149,HackerRank,17.2,4.8,2152,Easy,No,Occasionally,Freemium,2018,False,True,6,Medium,101
150,CodeChef,4.5,3.7,2928,Varied,Yes,Monthly,Freemium,2017,True,False,5,High,76
151,Codeforces,28.9,3.6,3661,Easy,No,Weekly,Free,2016,True,False,3,High,98
152,HackerRank,27.4,3.9,580,Easy,Limited,Weekly,Free,2013,True,False,8,Low,110
153,CodeChef,6.0,4.7,1686,Varied,Yes,Monthly,Paid,2015,True,True,4,High,88
154,CodeChef,14.7,4.5,1273,Medium,Limited,Weekly,Freemium,2013,True,True,2,Medium,94
155,LeetCode,10.9,3.9,3572,Easy,Yes,Occasionally,Paid,2014,True,False,1,High,76
156,LeetCode,14.7,4.7,1641,Medium,Limited,Weekly,Free,2021,True,True,8,Medium,106
157,LeetCode,10.5,4.2,561,Hard,Yes,Occasionally,Freemium,2018,False,False,6,Medium,90
158,Codeforces,29.3,3.8,1516,Easy,Yes,Biweekly,Free,2011,False,True,6,Low,116
159,Codeforces,3.1,4.4,2971,Medium,Limited,Monthly,Free,2010,False,False,3,Medium,68
160,CodeChef,3.4,3.9,2448,Varied,Yes,Weekly,Freemium,2012,False,True,4,Medium,80
161,LeetCode,4.7,3.7,1312,Medium,No,Weekly,Freemium,2010,False,True,1,Low,62
162,Codeforces,10.4,4.8,3746,Medium,Yes,Occasionally,Paid,2007,True,True,8,High,104
163,LeetCode,23.5,4.5,1835,Varied,Yes,Weekly,Freemium,2013,False,False,6,Medium,115
164,HackerRank,19.8,4.0,2461,Easy,Limited,Occasionally,Paid,2014,True,False,2,High,88
165,CodeChef,13.9,3.8,3914,Hard,Limited,Occasionally,Free,2012,True,False,2,Low,74
166,LeetCode,17.2,4.8,3427,Varied,Limited,Biweekly,Freemium,2006,False,True,4,Low,101
167,HackerRank,28.9,4.7,1266,Medium,Yes,Weekly,Free,2009,True,True,10,Low,134
168,HackerRank,19.2,3.5,2258,Varied,No,Monthly,Freemium,2006,False,False,5,Low,82
169,HackerRank,8.6,4.3,596,Hard,Limited,Monthly,Paid,2014,False,False,4,Medium,76
170,LeetCode,28.6,3.7,1964,Varied,Yes,Monthly,Paid,2019,False,True,7,Low,114
171,Codeforces,25.5,4.0,944,Hard,No,Biweekly,Freemium,2007,True,False,9,Low,105
172,LeetCode,23.7,3.6,2658,Medium,Yes,Weekly,Free,2014,True,True,9,Low,114
173,CodeChef,8.6,3.7,1871,Easy,Limited,Monthly,Paid,2005,True,False,1,Low,62
174,Codeforces,24.2,3.8,1653,Medium,No,Monthly,Free,2005,True,False,7,Medium,96
175,Codeforces,26.9,4.4,1777,Hard,Yes,Occasionally,Free,2011,True,True,3,High,115
176,HackerRank,12.3,4.1,2839,Hard,Limited,Occasionally,Freemium,2018,False,True,2,Medium,83
177,Codeforces,21.6,4.4,1188,Hard,Yes,Occasionally,Paid,2018,True,True,7,Medium,112
178,LeetCode,14.2,4.5,627,Varied,No,Weekly,Paid,2014,True,False,3,High,84
179,CodeChef,20.5,4.7,3717,Varied,No,Weekly,Free,2017,True,False,4,Low,95
180,CodeChef,18.4,5.0,2321,Medium,Limited,Monthly,Paid,2021,False,True,4,High,105
181,LeetCode,15.2,4.1,1386,Easy,No,Weekly,Paid,2018,False,False,2,Medium,78
182,Codeforces,7.3,4.0,1153,Varied,No,Occasionally,Free,2005,False,False,6,Low,69
183,LeetCode,18.5,4.9,3808,Medium,No,Occasionally,Free,2011,True,True,6,Medium,102
184,LeetCode,8.9,4.8,2960,Varied,No,Occasionally,Free,2014,True,True,2,High,80
185,HackerRank,29.2,4.0,3683,Hard,Limited,Monthly,Freemium,2018,True,True,6,Low,114
186,Codeforces,3.2,3.5,835,Hard,No,Occasionally,Paid,2019,True,False,6,Low,57
187,HackerRank,12.2,3.9,1463,Easy,Yes,Monthly,Freemium,2010,False,True,10,High,104
188,LeetCode,26.6,4.4,1688,Hard,Limited,Weekly,Paid,2012,True,True,2,Medium,108
189,CodeChef,9.3,3.8,2360,Medium,Yes,Biweekly,Free,2011,False,True,2,Medium,80
190,LeetCode,18.9,4.4,3002,Easy,Limited,Biweekly,Paid,2010,True,False,4,High,95
191,Codeforces,28.3,4.4,2983,Varied,Yes,Occasionally,Freemium,2018,True,False,2,Medium,110
192,LeetCode,28.1,3.7,1904,Hard,No,Occasionally,Freemium,2022,False,True,8,Low,108
193,Codeforces,23.0,4.3,2459,Hard,No,Monthly,Free,2006,True,True,2,High,96
194,LeetCode,4.9,4.3,1430,Hard,Limited,Biweekly,Freemium,2010,True,False,3,Medium,72
195,HackerRank,7.5,3.8,1750,Easy,Yes,Monthly,Freemium,2019,True,True,4,Low,80
196,HackerRank,11.1,4.7,1671,Easy,No,Occasionally,Free,2018,False,True,4,High,87
197,CodeChef,1.3,3.6,3263,Medium,Yes,Occasionally,Free,2019,True,False,2,Low,58
198,Codeforces,20.3,3.8,1582,Varied,No,Biweekly,Free,2005,True,False,6,High,91
199,LeetCode,13.0,3.5,2643,Easy,Limited,Weekly,Paid,2007,False,False,3,Low,74
200,Codeforces,7.8,3.8,3582,Varied,Yes,Biweekly,Free,2007,True,False,8,High,87
201,HackerRank,10.6,3.7,991,Medium,No,Occasionally,Paid,2011,True,True,10,Low,83
202,HackerRank,15.2,4.4,1801,Hard,No,Biweekly,Freemium,2005,True,True,5,Low,91
203,CodeChef,19.2,3.5,1626,Varied,Yes,Weekly,Paid,2008,True,True,5,Medium,99
204,LeetCode,11.9,4.5,817,Easy,No,Monthly,Free,2014,True,True,4,Medium,84
205,Codeforces,13.1,4.1,929,Varied,No,Weekly,Paid,2015,False,False,5,High,83
206,Codeforces,26.4,4.1,2694,Easy,Limited,Occasionally,Freemium,2022,True,True,1,Medium,103
207,LeetCode,9.4,4.3,704,Easy,Yes,Weekly,Paid,2015,True,True,8,Low,96
208,LeetCode,29.6,4.6,3798,Hard,Limited,Occasionally,Paid,2009,True,True,9,High,127
209,Codeforces,17.2,3.7,2856,Medium,Limited,Occasionally,Freemium,2007,True,True,2,High,89
210,Codeforces,11.6,4.3,1592,Varied,Yes,Biweekly,Freemium,2011,False,False,9,Low,97
211,Codeforces,6.2,4.1,1375,Varied,Limited,Weekly,Paid,2022,False,True,7,Low,82
212,CodeChef,16.3,4.2,2770,Varied,Yes,Monthly,Freemium,2015,True,True,8,High,109
213,LeetCode,5.8,4.8,596,Medium,Yes,Weekly,Paid,2014,True,True,9,Medium,100
214,CodeChef,5.8,4.8,2652,Easy,Yes,Occasionally,Freemium,2009,True,False,5,Low,85
215,LeetCode,15.1,3.7,2192,Easy,Limited,Monthly,Freemium,2012,True,False,3,High,83
216,HackerRank,1.9,3.7,3100,Easy,No,Monthly,Freemium,2022,True,False,4,Low,56
217,CodeChef,10.2,4.1,2479,Varied,Yes,Biweekly,Freemium,2006,True,False,5,Low,85
218,Codeforces,29.3,3.6,1624,Easy,Limited,Biweekly,Freemium,2022,False,False,3,Low,100
219,LeetCode,11.9,4.4,1741,Varied,Limited,Occasionally,Free,2015,True,False,4,Low,81
220,LeetCode,18.2,3.7,3766,Hard,Yes,Monthly,Paid,2005,False,False,9,Medium,99
221,LeetCode,17.1,4.2,2893,Varied,Yes,Biweekly,Free,2019,True,False,4,Low,93
222,Codeforces,17.6,4.6,2787,Easy,Limited,Weekly,Free,2011,False,True,8,Low,107
223,Codeforces,4.7,3.7,3755,Varied,No,Weekly,Paid,2021,False,False,4,Medium,62
224,CodeChef,20.2,3.7,1303,Medium,Limited,Weekly,Paid,2013,True,False,5,Low,90
225,CodeChef,3.5,4.2,1650,Hard,Limited,Biweekly,Freemium,2012,False,True,8,High,86
226,CodeChef,4.1,4.5,1192,Medium,Limited,Monthly,Free,2005,False,True,3,Medium,75
227,CodeChef,5.7,4.1,3858,Varied,Yes,Biweekly,Free,2009,True,False,3,High,77
228,CodeChef,27.4,4.9,2091,Easy,Limited,Biweekly,Freemium,2008,True,False,2,Medium,110
229,HackerRank,2.9,4.8,3795,Hard,Yes,Weekly,Paid,2007,False,False,2,Low,74
230,Codeforces,23.3,4.6,984,Medium,Yes,Weekly,Freemium,2015,False,False,9,Low,120
231,CodeChef,9.0,3.5,3818,Medium,No,Occasionally,Freemium,2011,False,True,6,High,78
232,CodeChef,14.6,3.9,1255,Medium,Limited,Biweekly,Free,2016,True,False,10,High,97
233,Codeforces,8.1,4.2,2766,Hard,Limited,Biweekly,Freemium,2016,True,True,10,Medium,95
234,Codeforces,17.9,4.2,3271,Varied,Yes,Biweekly,Free,2022,True,False,9,Low,104
235,LeetCode,27.1,3.6,2454,Medium,Limited,Occasionally,Paid,2007,False,True,2,Low,96
236,HackerRank,28.5,4.9,1685,Medium,Limited,Monthly,Freemium,2017,True,False,5,Medium,117
237,LeetCode,17.3,5.0,892,Hard,Yes,Occasionally,Free,2015,False,True,4,Low,105
238,Codeforces,28.6,4.5,902,Hard,Yes,Monthly,Free,2015,False,True,6,High,125
239,Codeforces,29.9,5.0,2590,Hard,No,Monthly,Freemium,2020,False,False,4,High,115
240,HackerRank,6.5,4.7,3163,Varied,No,Weekly,Free,2019,False,False,4,High,78
241,Codeforces,27.3,3.8,3841,Easy,Limited,Biweekly,Free,2022,True,True,1,Medium,100
242,LeetCode,9.7,3.8,2275,Medium,No,Monthly,Free,2007,False,True,5,High,78
243,CodeChef,10.0,4.4,2651,Easy,No,Monthly,Freemium,2011,True,False,2,High,75
244,HackerRank,6.3,4.8,1404,Medium,Limited,Biweekly,Free,2015,True,True,10,Medium,96
245,CodeChef,12.1,3.8,762,Easy,Yes,Biweekly,Paid,2012,False,True,3,Low,83
246,Codeforces,26.9,4.3,3955,Easy,No,Biweekly,Freemium,2009,False,True,2,Medium,103
247,Codeforces,7.6,3.7,988,Varied,Limited,Occasionally,Free,2019,True,True,6,High,80
248,CodeChef,14.3,4.0,3980,Hard,Yes,Weekly,Paid,2008,True,True,9,Medium,104
249,LeetCode,28.4,3.6,510,Easy,Yes,Weekly,Paid,2017,True,False,6,High,113
250,CodeChef,11.8,4.1,2003,Medium,Limited,Weekly,Freemium,2005,True,False,4,High,87
251,Codeforces,19.0,4.8,2704,Varied,Yes,Weekly,Paid,2014,True,True,1,Medium,104
252,LeetCode,23.1,3.8,868,Hard,No,Occasionally,Freemium,2020,True,True,9,Low,104
253,HackerRank,4.4,4.8,1799,Easy,Yes,Weekly,Free,2018,False,True,8,Medium,97
254,CodeChef,28.3,4.4,3815,Medium,Yes,Occasionally,Paid,2019,True,False,8,High,121
255,CodeChef,17.5,4.3,1576,Hard,Yes,Occasionally,Free,2020,False,True,10,Medium,112
256,Codeforces,16.9,4.0,1919,Medium,Limited,Occasionally,Free,2012,True,False,8,High,96
257,CodeChef,8.4,3.6,1796,Hard,Yes,Weekly,Free,2016,True,False,9,Low,86
258,Codeforces,28.1,4.7,838,Medium,Limited,Biweekly,Free,2006,True,False,10,Low,121
259,LeetCode,25.2,4.9,1748,Medium,No,Monthly,Freemium,2013,False,False,3,Medium,103
260,HackerRank,25.8,4.5,3476,Hard,Yes,Biweekly,Freemium,2005,False,False,5,High,117
261,CodeChef,20.9,4.3,594,Varied,Yes,Occasionally,Paid,2006,True,False,1,Low,91
262,Codeforces,14.0,3.8,3115,Medium,Limited,Weekly,Paid,2017,True,False,9,Medium,92
263,HackerRank,12.4,3.9,1573,Varied,Limited,Biweekly,Freemium,2014,False,False,7,High,90
264,LeetCode,8.8,4.3,2331,Hard,Yes,Monthly,Free,2007,False,True,4,Low,85
265,LeetCode,13.7,4.6,2193,Hard,Limited,Biweekly,Paid,2008,True,False,8,Low,94
266,LeetCode,17.0,4.0,2742,Easy,Yes,Weekly,Free,2022,False,False,1,Medium,88
267,LeetCode,10.7,4.1,1294,Easy,Limited,Biweekly,Paid,2010,True,False,2,Medium,74
268,CodeChef,6.5,4.5,3153,Easy,No,Biweekly,Free,2022,True,True,7,High,85
269,LeetCode,27.7,4.2,3918,Medium,No,Weekly,Paid,2009,True,False,2,High,100
270,CodeChef,9.1,3.6,856,Easy,Limited,Occasionally,Freemium,2011,True,False,4,Medium,73
271,Codeforces,17.3,4.8,2352,Varied,Limited,Biweekly,Free,2020,True,True,1,Low,93
272,CodeChef,25.5,4.1,2220,Varied,No,Biweekly,Freemium,2015,True,True,6,Low,105
273,HackerRank,25.0,4.7,2711,Easy,Limited,Biweekly,Freemium,2020,True,True,1,High,110
274,LeetCode,14.4,5.0,1420,Hard,Limited,Monthly,Free,2014,False,True,10,Low,108
275,CodeChef,27.9,4.5,2439,Easy,No,Weekly,Freemium,2013,True,True,9,High,125
276,CodeChef,27.6,4.8,1964,Medium,Limited,Monthly,Freemium,2018,True,False,5,Medium,114
277,LeetCode,22.9,4.9,1524,Easy,No,Biweekly,Freemium,2018,True,True,6,Medium,111
278,Codeforces,21.2,4.3,1980,Medium,No,Weekly,Paid,2022,True,True,2,High,96
279,CodeChef,25.7,3.7,3136,Easy,Yes,Weekly,Free,2014,True,False,8,Low,111
280,LeetCode,9.7,3.5,2366,Easy,Yes,Monthly,Freemium,2019,True,False,5,Medium,80
281,CodeChef,13.8,4.9,1323,Medium,Limited,Occasionally,Free,2019,True,True,10,Medium,108
282,LeetCode,8.4,4.1,2773,Hard,Limited,Monthly,Paid,2007,True,False,7,High,82
283,Codeforces,19.6,4.9,3942,Easy,No,Occasionally,Paid,2016,False,True,6,High,104
284,HackerRank,27.6,4.4,2670,Varied,Limited,Monthly,Free,2017,True,True,10,High,125
285,Codeforces,5.1,3.9,1672,Varied,Limited,Biweekly,Paid,2010,False,True,8,High,83
286,LeetCode,29.4,4.7,2582,Varied,Limited,Weekly,Freemium,2016,False,True,10,Medium,134
287,Codeforces,6.9,4.0,3984,Medium,No,Monthly,Paid,2019,False,False,4,Medium,65
288,HackerRank,28.8,4.4,2636,Varied,Limited,Monthly,Paid,2008,False,False,5,Low,107
289,CodeChef,27.5,4.0,1318,Hard,Yes,Biweekly,Paid,2009,True,False,5,Low,107
290,HackerRank,2.1,4.7,2899,Medium,No,Monthly,Freemium,2014,False,False,2,High,66
291,HackerRank,27.7,3.8,1347,Easy,No,Biweekly,Paid,2021,False,True,8,Medium,109
292,HackerRank,9.6,4.8,1840,Medium,Yes,Weekly,Paid,2005,False,True,9,Medium,105
293,LeetCode,12.4,4.2,3719,Easy,Yes,Monthly,Freemium,2021,False,False,7,Low,93
294,LeetCode,20.5,4.6,2535,Varied,Limited,Weekly,Paid,2011,False,True,7,High,113
295,Codeforces,28.6,3.7,3221,Hard,Limited,Weekly,Freemium,2021,False,False,9,High,118
296,HackerRank,13.5,4.1,1158,Easy,Yes,Biweekly,Freemium,2022,False,True,9,High,107
297,LeetCode,28.4,4.1,3955,Varied,Limited,Weekly,Freemium,2020,False,True,4,High,117
298,HackerRank,15.8,4.4,3781,Varied,No,Occasionally,Free,2006,True,False,6,High,90
299,HackerRank,9.4,4.0,3668,Hard,No,Monthly,Paid,2018,True,False,7,Low,73
300,HackerRank,3.5,4.6,1664,Easy,No,Monthly,Paid,2005,True,False,6,Medium,70
301,LeetCode,6.7,4.4,1030,Medium,No,Monthly,Free,2018,True,False,1,Medium,64
302,LeetCode,11.3,4.1,1240,Easy,No,Occasionally,Free,2021,True,True,2,High,77
303,Codeforces,6.0,4.4,1315,Varied,No,Biweekly,Paid,2007,False,True,2,High,72
304,LeetCode,1.0,3.8,2009,Hard,No,Monthly,Free,2016,False,True,1,Low,52
305,CodeChef,28.1,4.3,2597,Hard,No,Occasionally,Freemium,2008,False,False,1,Low,95
306,LeetCode,14.5,4.1,1790,Medium,Yes,Weekly,Free,2017,True,False,9,High,104
307,CodeChef,21.4,4.0,3830,Hard,Yes,Occasionally,Free,2021,True,True,9,Low,111
308,Codeforces,29.1,4.7,1637,Medium,Limited,Occasionally,Freemium,2010,True,True,1,Low,111
309,HackerRank,14.7,3.9,1700,Varied,Yes,Weekly,Paid,2017,True,True,9,High,106
310,Codeforces,28.4,4.8,2302,Hard,Yes,Weekly,Free,2009,True,True,3,High,125
311,HackerRank,7.2,4.4,1971,Easy,Yes,Monthly,Freemium,2012,True,False,2,Low,77
312,Codeforces,2.9,3.6,1398,Varied,Limited,Monthly,Free,2014,False,False,6,Low,63
313,LeetCode,25.7,3.6,2240,Hard,No,Weekly,Paid,2022,True,False,1,Low,85
314,CodeChef,4.2,4.4,826,Easy,No,Biweekly,Paid,2020,False,False,6,Low,68
315,Codeforces,10.5,3.9,2737,Medium,No,Monthly,Paid,2014,True,False,10,Low,80
316,LeetCode,25.5,4.8,804,Hard,Limited,Occasionally,Freemium,2009,True,False,4,High,111
317,Codeforces,5.7,3.8,3261,Medium,No,Monthly,Free,2010,False,True,5,Low,68
318,CodeChef,21.0,4.2,975,Easy,Yes,Biweekly,Free,2014,False,False,3,Medium,98
319,Codeforces,12.1,4.1,3997,Easy,No,Monthly,Free,2011,True,True,10,Medium,92
320,CodeChef,22.6,4.0,2109,Hard,Limited,Biweekly,Freemium,2015,True,True,1,Medium,97
321,CodeChef,20.0,4.3,2647,Varied,Yes,Monthly,Paid,2015,False,False,3,Low,94
322,CodeChef,22.5,4.5,3558,Medium,No,Monthly,Freemium,2011,False,True,6,Low,104
323,HackerRank,15.6,4.5,2369,Varied,Yes,Occasionally,Freemium,2017,True,True,5,High,105
324,HackerRank,27.4,4.7,2714,Varied,No,Weekly,Free,2012,False,True,8,Medium,120
325,Codeforces,23.1,3.7,1958,Varied,Limited,Monthly,Freemium,2010,False,True,8,Medium,108
326,Codeforces,13.6,4.3,3247,Varied,Limited,Monthly,Free,2022,True,True,5,Low,89
327,Codeforces,15.2,4.9,2075,Medium,Yes,Monthly,Free,2020,False,False,3,Low,94
328,CodeChef,5.5,4.8,2287,Hard,Limited,Monthly,Freemium,2021,True,True,10,Low,94
329,Codeforces,16.5,4.2,2741,Easy,Yes,Biweekly,Free,2020,False,False,10,Medium,106
330,Codeforces,18.1,4.2,3133,Easy,Yes,Occasionally,Paid,2020,True,True,3,Low,95
331,LeetCode,14.7,4.4,711,Easy,Limited,Weekly,Freemium,2005,True,True,4,High,99
332,HackerRank,14.3,4.9,836,Hard,Yes,Monthly,Paid,2015,True,False,9,High,107
333,CodeChef,30.0,4.0,3169,Easy,Limited,Weekly,Paid,2009,False,True,5,High,117
334,Codeforces,19.2,3.7,889,Varied,Yes,Biweekly,Freemium,2005,True,True,5,Medium,102
335,Codeforces,29.3,4.9,2293,Medium,Limited,Weekly,Free,2015,True,False,5,Low,117
336,Codeforces,28.7,4.2,3231,Easy,Yes,Occasionally,Free,2018,False,False,10,High,125
337,LeetCode,14.4,4.9,2929,Varied,No,Biweekly,Freemium,2013,True,True,4,High,97
338,Codeforces,24.4,4.6,2525,Hard,Limited,Occasionally,Paid,2014,False,True,5,High,112
339,Codeforces,29.2,4.9,959,Hard,Yes,Occasionally,Freemium,2018,False,True,5,High,130
340,Codeforces,11.3,4.2,819,Medium,No,Occasionally,Freemium,2006,True,False,7,Medium,83
341,HackerRank,27.2,3.9,564,Varied,Limited,Monthly,Free,2007,True,True,2,Medium,102
342,HackerRank,16.1,4.7,2223,Varied,Yes,Occasionally,Free,2015,False,True,4,Low,100
343,LeetCode,4.9,4.9,931,Hard,Limited,Weekly,Freemium,2007,True,True,7,Medium,93
344,Codeforces,8.6,3.8,3355,Medium,Limited,Weekly,Freemium,2009,False,True,8,Low,88
345,Codeforces,18.8,4.2,2014,Easy,Yes,Monthly,Free,2010,False,True,7,High,109
346,LeetCode,5.2,5.0,1029,Easy,No,Monthly,Free,2014,False,True,7,Low,83
347,LeetCode,11.4,4.0,2379,Hard,No,Occasionally,Free,2021,False,True,3,High,78
348,Codeforces,20.4,4.4,3226,Varied,Yes,Biweekly,Paid,2016,True,True,1,Medium,100
349,LeetCode,4.7,4.6,3489,Hard,No,Occasionally,Freemium,2005,True,True,9,High,88
350,LeetCode,12.9,4.4,3619,Medium,Yes,Biweekly,Paid,2010,False,True,4,High,96
351,LeetCode,1.4,4.6,1089,Varied,Limited,Occasionally,Freemium,2022,False,True,3,Medium,74
352,Codeforces,3.3,4.8,2032,Hard,No,Biweekly,Free,2007,True,False,5,Medium,72
353,Codeforces,17.8,4.4,716,Hard,No,Occasionally,Freemium,2008,False,True,4,Medium,94
354,Codeforces,11.2,3.9,1033,Varied,Limited,Weekly,Paid,2018,False,True,7,Medium,90
355,HackerRank,20.3,3.8,3220,Hard,No,Occasionally,Free,2014,False,True,7,High,97
356,LeetCode,16.9,4.0,3824,Medium,Yes,Monthly,Freemium,2006,True,True,5,Low,98
357,CodeChef,26.4,3.5,2250,Medium,Yes,Biweekly,Freemium,2006,True,True,9,High,121
358,CodeChef,28.1,4.4,1463,Varied,Yes,Weekly,Free,2020,False,False,10,Medium,127
359,Codeforces,7.1,3.8,1006,Hard,Limited,Weekly,Free,2019,False,True,4,Low,76
360,CodeChef,23.1,4.7,3352,Easy,Limited,Monthly,Paid,2009,True,False,3,Medium,100
361,LeetCode,12.0,4.3,2635,Hard,No,Monthly,Paid,2008,False,False,5,High,80
362,LeetCode,19.1,4.0,2130,Hard,No,Weekly,Free,2018,False,True,4,High,95
363,HackerRank,22.9,4.1,1379,Varied,No,Occasionally,Free,2014,True,True,2,High,94
364,HackerRank,5.1,4.7,3971,Varied,Yes,Occasionally,Freemium,2006,False,True,10,Low,98
365,Codeforces,20.3,4.5,615,Medium,No,Monthly,Free,2017,True,False,1,Low,83
366,Codeforces,16.9,4.1,2120,Easy,No,Biweekly,Free,2022,False,True,7,Medium,94
367,Codeforces,19.8,4.0,2803,Hard,Limited,Weekly,Paid,2013,True,True,9,High,110
368,LeetCode,23.1,4.4,3566,Hard,No,Monthly,Freemium,2018,False,False,9,Medium,107
369,CodeChef,16.6,4.8,1883,Medium,Limited,Monthly,Paid,2009,True,False,3,High,93
370,LeetCode,5.7,4.7,809,Easy,No,Biweekly,Paid,2009,True,True,3,Medium,75
371,CodeChef,8.4,4.5,3078,Varied,No,Occasionally,Paid,2019,False,True,5,High,82
372,CodeChef,4.3,4.6,3560,Medium,No,Weekly,Free,2009,True,False,10,Low,81
373,CodeChef,16.3,4.8,2431,Easy,Limited,Weekly,Freemium,2013,True,True,9,Medium,113
374,HackerRank,15.7,4.8,2417,Hard,No,Weekly,Paid,2013,True,False,9,High,102
375,CodeChef,29.4,4.9,3298,Medium,Limited,Weekly,Freemium,2012,False,False,4,Low,117
376,CodeChef,29.2,4.4,1706,Hard,No,Occasionally,Paid,2009,True,False,10,High,117
377,LeetCode,13.5,4.1,543,Hard,No,Biweekly,Freemium,2010,False,True,9,Low,93
378,Codeforces,21.2,4.3,2880,Easy,No,Weekly,Paid,2020,False,False,7,High,101
379,Codeforces,12.3,4.3,3550,Varied,No,Weekly,Freemium,2008,False,True,9,Medium,97
380,HackerRank,13.6,4.2,524,Hard,No,Monthly,Free,2012,False,False,5,High,82
381,Codeforces,4.4,4.8,1175,Varied,Yes,Weekly,Freemium,2017,False,False,3,High,86
382,LeetCode,27.8,3.9,1743,Hard,No,Weekly,Paid,2012,False,False,9,Low,107
383,LeetCode,16.4,4.0,3555,Easy,Yes,Occasionally,Freemium,2010,True,False,10,Low,103
384,Codeforces,14.8,4.9,1455,Easy,Limited,Weekly,Free,2008,True,True,6,Low,102
385,HackerRank,23.0,4.5,3435,Varied,Limited,Biweekly,Free,2017,True,True,5,Low,106
386,Codeforces,29.3,3.5,3123,Varied,Limited,Biweekly,Free,2022,False,False,6,Low,103
387,CodeChef,19.4,4.8,566,Varied,No,Biweekly,Freemium,2017,True,True,2,Low,95
388,LeetCode,1.0,4.9,1742,Easy,Yes,Weekly,Free,2007,True,True,5,Low,84
389,CodeChef,29.4,4.3,1742,Medium,Limited,Biweekly,Freemium,2016,False,False,10,Medium,123
390,HackerRank,19.9,4.1,2951,Hard,No,Biweekly,Free,2011,False,False,3,High,88
391,LeetCode,30.0,4.8,1886,Hard,Limited,Occasionally,Free,2014,False,False,1,Low,106
392,LeetCode,2.0,3.9,645,Easy,Yes,Weekly,Paid,2020,False,True,10,High,89
393,CodeChef,18.3,4.5,1576,Easy,Limited,Biweekly,Freemium,2014,True,False,6,Medium,100
394,CodeChef,7.5,4.6,972,Hard,Limited,Biweekly,Freemium,2014,False,False,5,Low,81
395,Codeforces,20.2,4.5,3884,Medium,No,Occasionally,Freemium,2009,False,False,4,High,95
396,LeetCode,3.9,4.0,642,Hard,No,Biweekly,Freemium,2005,False,False,8,High,75
397,HackerRank,13.1,3.5,1755,Varied,No,Weekly,Freemium,2022,False,True,1,Low,73
398,LeetCode,12.2,4.3,2376,Medium,Limited,Biweekly,Freemium,2018,False,False,6,High,91
399,Codeforces,26.9,4.9,3094,Easy,No,Weekly,Free,2007,False,False,4,High,110
400,HackerRank,9.1,4.4,3146,Varied,Yes,Biweekly,Free,2009,False,False,8,High,95
401,Codeforces,18.0,4.1,2764,Easy,Limited,Monthly,Freemium,2010,False,False,3,Medium,89
402,Codeforces,11.5,4.2,2212,Medium,Yes,Occasionally,Paid,2016,True,True,1,Medium,83
403,HackerRank,21.6,4.2,2844,Easy,Yes,Weekly,Free,2005,True,True,5,Medium,110
404,CodeChef,20.8,4.9,1819,Medium,Limited,Weekly,Paid,2009,True,True,1,Low,100
405,Codeforces,24.0,4.0,516,Medium,No,Biweekly,Paid,2012,False,False,5,Low,92
406,CodeChef,15.7,4.7,2833,Hard,Limited,Monthly,Free,2011,True,False,7,Low,96
407,CodeChef,17.3,3.6,2205,Varied,Limited,Occasionally,Freemium,2022,False,False,8,Medium,93
408,LeetCode,26.9,4.2,888,Hard,No,Weekly,Paid,2012,False,False,3,High,100
409,CodeChef,25.6,4.7,1056,Easy,Limited,Monthly,Paid,2014,True,True,9,Low,118
410,Codeforces,11.3,4.7,1548,Easy,Limited,Occasionally,Free,2012,False,False,5,Medium,87
411,HackerRank,22.9,4.0,2293,Easy,Yes,Monthly,Freemium,2010,True,True,9,Medium,117
412,CodeChef,9.1,3.8,2368,Hard,No,Weekly,Free,2007,False,True,7,Low,80
413,HackerRank,28.2,4.2,2532,Easy,Limited,Biweekly,Paid,2008,False,False,6,Low,107
414,Codeforces,7.7,4.5,2885,Medium,Yes,Biweekly,Freemium,2015,True,True,2,Low,85
415,Codeforces,19.3,4.0,3177,Hard,No,Biweekly,Free,2009,False,False,2,Low,80
416,LeetCode,16.9,3.7,3131,Hard,Yes,Biweekly,Freemium,2021,False,True,3,Medium,94
417,CodeChef,7.1,4.6,2585,Hard,Yes,Occasionally,Freemium,2020,True,False,4,Low,83
418,Codeforces,6.4,4.5,1656,Medium,Limited,Biweekly,Paid,2018,True,True,3,Low,77
419,LeetCode,2.9,4.9,1013,Medium,Limited,Biweekly,Paid,2011,True,False,1,Medium,68
420,HackerRank,24.2,4.3,1921,Varied,No,Biweekly,Paid,2015,False,False,2,Low,89
421,CodeChef,14.9,4.5,2218,Hard,Yes,Occasionally,Freemium,2015,True,False,5,High,99
422,HackerRank,14.2,4.7,3402,Medium,Limited,Occasionally,Freemium,2019,False,True,5,High,100
423,LeetCode,16.5,4.3,1565,Varied,No,Monthly,Paid,2017,False,True,7,Medium,94
424,LeetCode,1.3,3.6,3233,Easy,Yes,Weekly,Freemium,2016,True,False,2,Medium,65
425,CodeChef,29.6,5.0,2722,Easy,No,Monthly,Freemium,2019,False,True,2,Medium,113
426,HackerRank,14.6,4.2,2903,Medium,No,Biweekly,Free,2021,True,False,9,Low,89
427,LeetCode,4.8,3.8,1474,Medium,No,Biweekly,Freemium,2018,False,False,10,High,78
428,HackerRank,28.1,3.5,2788,Hard,Limited,Occasionally,Free,2010,True,False,4,High,100
429,Codeforces,19.3,4.9,3005,Medium,No,Biweekly,Freemium,2005,False,True,8,High,112
430,LeetCode,15.6,4.2,704,Varied,Limited,Weekly,Paid,2015,False,True,6,High,99
431,LeetCode,25.8,3.6,1386,Varied,Limited,Weekly,Paid,2011,False,True,10,Low,113
432,LeetCode,6.7,3.6,3212,Hard,No,Occasionally,Paid,2014,False,True,2,High,64
433,LeetCode,27.7,3.8,2313,Varied,No,Occasionally,Freemium,2020,False,True,3,High,103
434,HackerRank,26.2,3.9,1815,Easy,Limited,Occasionally,Paid,2014,True,False,6,High,104
435,LeetCode,28.2,3.6,800,Easy,No,Monthly,Freemium,2005,True,True,8,Low,107
436,LeetCode,1.7,4.8,1885,Varied,Yes,Monthly,Free,2016,True,True,5,Low,82
437,LeetCode,22.1,4.2,2606,Easy,Limited,Occasionally,Freemium,2010,True,True,2,High,101
438,HackerRank,24.4,4.1,1947,Varied,No,Occasionally,Freemium,2012,True,False,8,High,106
439,LeetCode,13.4,3.8,1177,Easy,Yes,Monthly,Freemium,2016,False,True,6,Low,93
440,LeetCode,14.3,4.5,879,Medium,No,Monthly,Freemium,2012,True,True,7,Medium,95
441,LeetCode,19.0,4.4,3344,Easy,Yes,Weekly,Paid,2013,True,True,7,Low,110
442,CodeChef,24.1,4.0,3601,Easy,Yes,Occasionally,Paid,2010,False,False,1,Low,93
443,LeetCode,28.2,4.4,3797,Easy,Yes,Weekly,Paid,2008,True,False,1,High,110
444,HackerRank,28.8,4.8,1364,Medium,No,Biweekly,Paid,2006,False,True,2,Low,106
445,Codeforces,22.9,4.3,3719,Varied,Yes,Occasionally,Paid,2020,True,True,3,Medium,105
446,CodeChef,18.5,4.3,3893,Hard,No,Occasionally,Paid,2012,True,False,4,Low,84
447,Codeforces,1.1,4.4,579,Medium,Yes,Biweekly,Free,2009,True,False,5,Medium,75
448,CodeChef,24.0,4.3,1951,Varied,Limited,Weekly,Free,2021,False,False,4,High,105
449,LeetCode,15.8,4.8,3172,Easy,No,Occasionally,Freemium,2011,True,True,3,High,95
450,HackerRank,24.1,4.5,1851,Medium,Limited,Monthly,Paid,2022,False,False,6,Medium,105
451,LeetCode,10.8,4.4,3047,Varied,No,Monthly,Paid,2006,True,False,2,Low,69
452,CodeChef,25.9,4.2,667,Hard,No,Biweekly,Freemium,2016,True,True,1,Low,97
453,LeetCode,7.7,4.2,2500,Hard,Limited,Weekly,Free,2008,True,True,2,Medium,79
454,HackerRank,14.4,5.0,1449,Easy,Yes,Monthly,Freemium,2017,False,False,2,Medium,96
455,LeetCode,13.0,4.7,1768,Easy,Yes,Occasionally,Free,2006,True,True,6,Low,100
456,HackerRank,13.7,4.2,3299,Easy,Limited,Monthly,Free,2022,False,False,2,Medium,80
457,CodeChef,15.6,4.6,2400,Medium,Yes,Biweekly,Freemium,2019,False,True,3,Medium,101
458,HackerRank,25.5,4.0,3586,Easy,Yes,Occasionally,Freemium,2019,False,True,10,High,125
459,HackerRank,17.9,3.9,1982,Easy,Limited,Occasionally,Free,2006,False,True,5,Medium,94
460,Codeforces,28.7,3.9,1530,Medium,Yes,Monthly,Freemium,2022,True,True,5,Medium,117
461,CodeChef,2.8,3.9,793,Varied,Limited,Weekly,Free,2011,False,True,9,Low,80
462,CodeChef,3.1,3.8,3474,Hard,No,Occasionally,Freemium,2006,True,False,8,Medium,69
463,CodeChef,21.3,3.5,2882,Medium,No,Biweekly,Paid,2022,True,True,9,High,100
464,LeetCode,8.7,4.1,2958,Hard,Yes,Biweekly,Free,2008,False,False,1,Medium,75
465,CodeChef,22.0,3.8,3374,Varied,No,Weekly,Paid,2008,True,True,3,Medium,92
466,Codeforces,21.7,3.9,3907,Medium,No,Monthly,Free,2005,False,True,1,Low,85
467,CodeChef,10.5,3.7,1428,Hard,Yes,Occasionally,Freemium,2021,True,True,10,Medium,98
468,Codeforces,13.1,3.6,3041,Hard,Limited,Weekly,Paid,2009,False,False,6,Low,81
469,CodeChef,23.1,3.9,1652,Medium,Yes,Weekly,Free,2013,False,False,8,Medium,111
470,HackerRank,12.8,4.1,1346,Medium,Yes,Monthly,Paid,2007,True,False,3,Low,81
471,LeetCode,26.2,3.9,1429,Varied,No,Weekly,Free,2010,False,True,4,Low,100
472,HackerRank,9.0,4.5,2427,Easy,No,Biweekly,Freemium,2021,False,False,5,High,82
473,LeetCode,7.7,4.8,2810,Medium,Limited,Occasionally,Free,2021,False,False,3,Medium,79
474,HackerRank,26.5,3.8,2357,Varied,No,Weekly,Paid,2014,True,False,8,Low,102
475,Codeforces,14.2,4.1,590,Hard,Yes,Weekly,Paid,2012,False,True,9,Medium,105
476,Codeforces,6.6,4.2,1704,Varied,No,Biweekly,Paid,2020,False,False,10,Low,78
477,CodeChef,15.7,3.6,3217,Medium,Limited,Monthly,Paid,2017,False,True,4,Low,83
478,CodeChef,13.3,4.1,3964,Varied,Yes,Occasionally,Freemium,2007,True,False,9,Medium,99
479,CodeChef,14.6,3.9,2233,Medium,Yes,Monthly,Free,2019,False,False,10,Medium,99
480,CodeChef,19.9,5.0,1113,Medium,Limited,Monthly,Freemium,2019,False,True,1,Medium,102
481,LeetCode,6.1,3.7,1925,Hard,No,Biweekly,Free,2009,False,False,1,Medium,57
482,Codeforces,23.2,4.5,3777,Varied,No,Biweekly,Freemium,2013,False,True,8,High,114
483,HackerRank,16.1,3.6,2208,Medium,Yes,Occasionally,Freemium,2017,False,False,9,Medium,98
484,Codeforces,18.1,4.3,2834,Easy,Limited,Occasionally,Paid,2018,True,True,9,Medium,105
485,HackerRank,18.8,3.7,1244,Medium,Yes,Biweekly,Free,2020,True,False,3,Low,88
486,HackerRank,14.2,4.5,1843,Medium,No,Biweekly,Paid,2016,True,True,10,Medium,99
487,Codeforces,12.4,3.9,1320,Hard,No,Biweekly,Freemium,2017,False,True,5,High,86
488,HackerRank,16.0,4.5,2784,Easy,Yes,Monthly,Freemium,2008,False,False,7,High,105
489,CodeChef,10.6,4.4,1346,Hard,Yes,Monthly,Free,2009,False,True,10,Medium,103
490,Codeforces,13.2,4.1,1068,Medium,No,Occasionally,Freemium,2008,False,True,7,Medium,90
491,Codeforces,13.1,4.6,2794,Hard,No,Weekly,Freemium,2005,True,False,7,High,95
492,LeetCode,9.1,4.6,1965,Hard,No,Weekly,Free,2020,False,True,5,Medium,86
493,LeetCode,20.2,4.3,3206,Varied,Limited,Weekly,Paid,2020,False,True,7,High,109
494,LeetCode,26.2,4.2,3873,Medium,Yes,Weekly,Paid,2005,False,True,4,Medium,114
495,HackerRank,29.3,4.5,1897,Varied,No,Occasionally,Freemium,2022,True,False,8,Medium,115
496,CodeChef,22.6,4.6,664,Varied,No,Monthly,Freemium,2006,False,True,9,Medium,113
497,CodeChef,29.7,4.2,1874,Easy,Yes,Biweekly,Freemium,2010,True,False,9,Low,124
498,LeetCode,7.0,4.5,2559,Medium,Yes,Weekly,Paid,2019,True,False,6,Low,86
499,LeetCode,13.9,4.0,3100,Varied,No,Occasionally,Free,2009,False,False,5,Medium,79
500,LeetCode,5.3,4.7,2507,Varied,Yes,Occasionally,Freemium,2006,False,False,2,High,81
501,CodeChef,1.9,3.6,2394,Medium,No,Biweekly,Paid,2022,False,True,5,Low,60
502,Codeforces,10.0,3.6,1742,Easy,Yes,Monthly,Paid,2011,False,True,1,Medium,75
503,Codeforces,23.8,4.3,2781,Easy,Limited,Biweekly,Free,2016,True,True,10,High,120
504,CodeChef,20.3,4.0,3076,Hard,Yes,Biweekly,Freemium,2016,False,True,2,Low,98
505,HackerRank,20.7,4.4,1634,Varied,Limited,Monthly,Paid,2022,True,False,8,Low,101
506,LeetCode,14.7,4.7,901,Varied,No,Biweekly,Freemium,2007,True,False,1,Medium,82
507,LeetCode,24.6,4.0,1843,Varied,Limited,Biweekly,Paid,2007,True,False,6,High,104
508,LeetCode,28.8,3.6,545,Medium,No,Biweekly,Freemium,2010,True,True,7,Medium,109
509,Codeforces,28.8,4.5,1129,Varied,Limited,Biweekly,Paid,2012,False,False,10,High,123
510,LeetCode,19.7,4.9,3775,Varied,Limited,Monthly,Free,2020,True,True,10,High,119
511,Codeforces,28.0,4.5,1896,Varied,Limited,Biweekly,Paid,2008,False,True,8,High,123
512,HackerRank,23.9,5.0,508,Easy,Yes,Occasionally,Freemium,2022,True,False,10,Medium,126
513,LeetCode,5.1,4.4,1434,Easy,Limited,Occasionally,Free,2007,False,False,1,Medium,67
514,CodeChef,21.7,4.8,2970,Hard,Yes,Biweekly,Paid,2006,True,False,1,High,103
515,HackerRank,27.9,3.8,2771,Varied,Yes,Weekly,Free,2010,False,False,3,Medium,107
516,Codeforces,29.8,4.3,3645,Varied,Limited,Biweekly,Paid,2007,False,True,7,Low,118
517,LeetCode,25.8,3.9,962,Easy,No,Occasionally,Freemium,2020,True,True,6,Low,103
518,LeetCode,7.3,4.0,1347,Easy,Limited,Weekly,Freemium,2014,True,True,10,Low,92
519,CodeChef,28.8,4.0,2766,Easy,Yes,Biweekly,Freemium,2014,True,True,2,Low,111
520,CodeChef,3.0,4.5,3254,Hard,Limited,Biweekly,Paid,2008,True,False,3,Low,66
521,CodeChef,15.1,4.1,1420,Easy,Yes,Occasionally,Free,2019,False,True,5,Low,95
522,CodeChef,29.9,4.3,3017,Medium,Limited,Biweekly,Freemium,2017,True,False,2,High,110
523,HackerRank,9.8,4.0,1982,Varied,Limited,Occasionally,Freemium,2016,False,False,4,Low,76
524,HackerRank,28.2,4.0,1697,Varied,Yes,Monthly,Freemium,2022,False,False,1,High,106
525,LeetCode,11.0,3.5,2437,Medium,Limited,Monthly,Free,2008,False,False,7,High,80
526,HackerRank,5.0,4.0,1900,Medium,Yes,Weekly,Freemium,2005,False,False,3,Medium,76
527,HackerRank,23.3,3.6,3401,Varied,Yes,Biweekly,Free,2005,False,False,5,High,102
528,HackerRank,23.1,4.1,2262,Easy,Limited,Biweekly,Freemium,2014,False,True,10,Medium,117
529,LeetCode,7.8,4.4,614,Medium,Yes,Weekly,Paid,2015,False,False,3,High,84
530,Codeforces,13.6,3.7,1559,Varied,No,Monthly,Free,2012,False,False,2,High,71
531,LeetCode,25.8,4.2,1234,Varied,Limited,Monthly,Paid,2020,False,True,5,Low,106
532,HackerRank,11.4,4.6,2906,Hard,Yes,Biweekly,Freemium,2018,True,False,10,Low,102
533,HackerRank,29.5,4.9,1600,Varied,Limited,Monthly,Paid,2005,True,False,10,Low,123
534,Codeforces,9.6,4.6,500,Medium,Yes,Biweekly,Paid,2006,False,True,2,Low,85
535,LeetCode,16.2,4.0,2948,Hard,No,Weekly,Freemium,2022,False,True,10,Low,100
536,HackerRank,10.6,4.4,771,Medium,Yes,Weekly,Paid,2019,True,False,9,Low,96
537,LeetCode,3.7,3.6,2770,Varied,No,Occasionally,Freemium,2011,False,True,10,Medium,77
538,CodeChef,29.4,4.5,3935,Easy,No,Monthly,Freemium,2005,True,True,9,Medium,122
539,CodeChef,7.3,4.6,808,Medium,No,Occasionally,Freemium,2019,True,False,9,Low,83
540,CodeChef,27.2,4.3,2404,Medium,Yes,Biweekly,Paid,2018,False,True,6,Medium,119
541,HackerRank,6.1,4.7,3484,Varied,Yes,Weekly,Paid,2014,True,False,10,High,98
542,LeetCode,22.5,4.4,3379,Hard,No,Weekly,Paid,2016,True,False,10,High,110
543,HackerRank,6.1,3.9,1093,Varied,Limited,Monthly,Free,2022,False,False,10,High,83
544,CodeChef,19.3,4.4,2056,Varied,Limited,Monthly,Free,2022,True,True,6,Medium,103
545,CodeChef,22.9,4.6,1033,Varied,No,Occasionally,Paid,2015,True,True,10,High,114
546,LeetCode,4.5,4.3,1679,Varied,No,Monthly,Free,2008,True,False,3,Medium,64
547,LeetCode,27.3,4.3,757,Varied,Yes,Weekly,Paid,2020,False,True,10,Medium,129
548,HackerRank,29.3,4.2,1817,Medium,No,Monthly,Freemium,2007,False,False,9,Medium,114
549,LeetCode,24.1,3.7,3878,Easy,No,Occasionally,Free,2021,True,True,3,Medium,92
550,CodeChef,4.6,4.0,3324,Hard,No,Monthly,Freemium,2013,False,True,7,Low,74
551,Codeforces,12.2,3.5,3445,Varied,Yes,Weekly,Free,2017,False,False,5,Low,82
552,HackerRank,12.4,3.8,2420,Varied,Yes,Biweekly,Paid,2013,False,False,9,High,95
553,HackerRank,11.3,4.8,3440,Easy,Limited,Occasionally,Free,2009,True,True,5,Low,91
554,HackerRank,10.7,4.0,2210,Varied,Limited,Monthly,Freemium,2007,True,False,3,Low,75
555,LeetCode,27.1,3.9,3681,Hard,Limited,Biweekly,Free,2013,True,True,9,High,119
556,HackerRank,16.0,4.3,2227,Hard,Yes,Occasionally,Free,2019,True,True,4,Low,96
557,LeetCode,13.5,4.5,3504,Hard,Limited,Biweekly,Free,2014,True,True,6,Low,94
558,LeetCode,5.0,4.9,2219,Easy,No,Biweekly,Freemium,2006,False,True,5,Low,80
559,HackerRank,11.0,4.5,3939,Easy,Yes,Monthly,Freemium,2009,False,False,5,Low,90
560,HackerRank,9.3,4.9,3659,Easy,Limited,Monthly,Free,2006,False,True,5,Medium,91
561,HackerRank,23.0,3.7,3270,Hard,Limited,Occasionally,Freemium,2013,True,True,1,Medium,94
562,HackerRank,10.6,3.7,645,Hard,No,Biweekly,Freemium,2012,True,False,4,High,74
563,LeetCode,27.3,3.6,3572,Easy,Limited,Monthly,Paid,2019,True,True,5,Low,102
564,HackerRank,14.7,3.8,1942,Varied,No,Biweekly,Paid,2015,True,True,8,Low,87
565,LeetCode,9.6,4.1,2020,Varied,No,Weekly,Free,2021,True,False,5,Medium,76
566,HackerRank,24.3,4.9,2454,Medium,Yes,Occasionally,Paid,2013,False,False,4,Low,108
567,Codeforces,19.3,4.4,3891,Varied,Limited,Biweekly,Free,2014,False,False,5,Low,95
568,HackerRank,12.3,5.0,3029,Easy,No,Monthly,Freemium,2012,False,False,5,Medium,88
569,CodeChef,23.2,4.5,1021,Easy,No,Biweekly,Paid,2015,True,True,1,Medium,95
570,CodeChef,10.3,4.1,2896,Medium,Limited,Occasionally,Freemium,2017,True,True,2,Low,78
571,Codeforces,12.1,3.9,2766,Varied,Yes,Occasionally,Paid,2011,False,False,2,Medium,78
572,Codeforces,4.9,4.6,1392,Medium,Limited,Biweekly,Paid,2010,False,True,8,High,89
573,HackerRank,27.1,4.8,615,Hard,No,Weekly,Paid,2012,True,False,10,Low,117
574,HackerRank,16.7,4.0,2333,Medium,Yes,Occasionally,Free,2006,True,True,1,High,92
575,CodeChef,8.2,3.7,507,Hard,Yes,Occasionally,Freemium,2021,False,False,9,Medium,87
576,LeetCode,3.9,3.9,2508,Varied,Limited,Weekly,Free,2020,False,True,2,Medium,70
577,Codeforces,18.5,4.8,3705,Medium,Limited,Occasionally,Freemium,2014,True,False,1,Low,91
578,CodeChef,27.2,3.8,3778,Easy,No,Weekly,Freemium,2011,True,False,7,Low,104
579,HackerRank,10.5,4.9,2180,Medium,No,Occasionally,Freemium,2013,True,False,5,Low,83
580,LeetCode,7.1,3.9,701,Easy,Limited,Monthly,Freemium,2007,True,False,3,Low,69
581,HackerRank,5.3,3.9,1342,Hard,Yes,Biweekly,Paid,2009,True,False,6,Medium,77
582,Codeforces,24.6,3.6,1320,Hard,No,Weekly,Free,2009,False,False,1,Medium,86
583,CodeChef,13.9,3.8,3801,Medium,Yes,Biweekly,Paid,2005,True,False,7,High,93
584,CodeChef,25.8,4.3,2566,Hard,Yes,Monthly,Paid,2012,True,False,1,Low,99
585,CodeChef,16.4,3.8,1531,Easy,Yes,Occasionally,Paid,2006,False,True,8,Medium,101
586,Codeforces,24.0,4.1,1437,Varied,Yes,Monthly,Freemium,2022,False,True,2,Medium,106
587,HackerRank,24.3,4.2,2691,Medium,No,Occasionally,Paid,2005,False,False,3,Medium,91
588,Codeforces,10.5,4.2,1886,Hard,Yes,Monthly,Freemium,2005,True,True,8,High,101
589,CodeChef,9.9,4.4,3981,Easy,Yes,Monthly,Freemium,2016,False,False,3,High,87
590,Codeforces,6.3,3.6,1467,Easy,No,Monthly,Paid,2011,True,False,5,Low,60
591,CodeChef,4.4,4.0,2096,Medium,Yes,Weekly,Paid,2019,False,False,7,Medium,81
592,LeetCode,25.0,3.6,3321,Hard,Yes,Weekly,Freemium,2007,False,True,2,High,108
593,CodeChef,1.1,3.7,2053,Hard,Yes,Monthly,Freemium,2018,True,True,7,Medium,78
594,CodeChef,24.6,4.9,945,Hard,Yes,Biweekly,Free,2016,True,True,8,High,128
595,LeetCode,6.4,3.5,959,Varied,Yes,Occasionally,Free,2006,True,False,10,Low,81
596,LeetCode,10.9,4.9,662,Easy,Yes,Weekly,Freemium,2016,False,False,3,Medium,94
597,Codeforces,8.4,4.7,2353,Hard,No,Occasionally,Paid,2022,False,False,7,Low,79
598,LeetCode,12.8,4.0,893,Hard,Yes,Weekly,Freemium,2006,True,True,6,Low,97
599,CodeChef,25.6,3.7,3325,Hard,Yes,Biweekly,Freemium,2019,True,True,1,Low,101
600,Codeforces,20.2,4.4,2897,Easy,Limited,Monthly,Paid,2013,False,True,7,Medium,105
601,HackerRank,12.5,3.7,658,Varied,No,Weekly,Free,2017,False,False,5,Medium,77
602,HackerRank,25.2,4.9,2196,Varied,No,Occasionally,Paid,2013,True,False,3,High,102
603,CodeChef,17.6,4.3,3433,Medium,No,Monthly,Paid,2015,True,False,1,Low,76
604,HackerRank,27.7,4.9,1771,Medium,No,Monthly,Paid,2005,True,False,7,High,114
605,Codeforces,16.5,3.8,582,Varied,No,Biweekly,Free,2020,False,False,10,Low,90
606,HackerRank,29.8,4.4,564,Easy,Yes,Monthly,Paid,2013,False,True,1,Medium,113
607,CodeChef,23.5,4.6,2287,Hard,Yes,Monthly,Freemium,2016,True,False,6,High,115
608,CodeChef,1.4,4.2,3513,Easy,No,Biweekly,Free,2005,False,False,1,Medium,55
609,CodeChef,23.0,4.5,1872,Medium,No,Occasionally,Paid,2006,False,False,1,Low,86
610,CodeChef,25.8,3.5,2114,Medium,Limited,Occasionally,Freemium,2020,False,True,3,High,102
611,CodeChef,13.3,3.8,573,Easy,Yes,Occasionally,Free,2006,False,True,4,Medium,89
612,Codeforces,12.5,3.5,1546,Easy,No,Biweekly,Free,2013,True,False,4,High,73
613,LeetCode,13.9,4.1,1038,Varied,Yes,Biweekly,Freemium,2013,True,True,7,Medium,102
614,HackerRank,22.3,3.9,3092,Easy,Limited,Weekly,Freemium,2020,False,True,6,Low,105
615,HackerRank,14.8,3.5,2044,Hard,Limited,Weekly,Paid,2017,True,True,8,Medium,93
616,Codeforces,6.6,4.9,3575,Easy,Limited,Monthly,Freemium,2022,True,True,10,Low,97
617,Codeforces,16.8,3.7,1915,Hard,Limited,Monthly,Freemium,2019,True,False,3,High,85
618,Codeforces,12.0,4.9,2880,Medium,Yes,Biweekly,Paid,2010,True,False,10,Low,103
619,Codeforces,1.0,4.8,3079,Varied,No,Monthly,Freemium,2014,True,False,10,Low,78
620,CodeChef,13.7,3.5,3705,Easy,Limited,Biweekly,Freemium,2018,True,False,5,Medium,82
621,HackerRank,22.4,4.4,2224,Easy,Limited,Weekly,Free,2007,True,False,8,High,112
622,Codeforces,24.1,3.6,1031,Easy,Yes,Weekly,Freemium,2006,False,False,10,High,117
623,LeetCode,19.9,3.8,1753,Easy,Limited,Biweekly,Paid,2010,False,False,2,High,87
624,Codeforces,22.7,4.1,1465,Medium,Yes,Biweekly,Freemium,2005,False,True,7,High,117
625,HackerRank,28.7,4.7,2183,Medium,No,Occasionally,Freemium,2016,True,True,9,Low,121
626,CodeChef,14.9,3.6,1003,Varied,Limited,Biweekly,Free,2006,True,True,6,Low,87
627,Codeforces,28.0,4.2,3156,Medium,Yes,Monthly,Free,2016,False,True,10,Medium,127
628,Codeforces,20.6,3.7,1515,Easy,Yes,Monthly,Free,2021,False,True,5,High,103
629,CodeChef,23.9,4.1,3756,Easy,Limited,Weekly,Free,2012,True,True,4,Medium,106
630,CodeChef,17.3,4.7,3013,Hard,No,Weekly,Free,2013,False,False,5,High,96
631,CodeChef,13.5,5.0,1135,Hard,Yes,Occasionally,Free,2006,True,True,5,High,105
632,LeetCode,22.6,4.3,1097,Medium,Yes,Occasionally,Free,2019,True,False,7,Medium,109
633,LeetCode,17.3,4.6,2535,Easy,Yes,Monthly,Freemium,2018,True,True,5,Medium,107
634,Codeforces,21.6,4.8,2782,Hard,Limited,Occasionally,Paid,2021,False,False,4,Medium,100
635,Codeforces,25.5,4.8,2568,Varied,Limited,Weekly,Paid,2015,False,False,4,Medium,109
636,LeetCode,7.1,4.7,1090,Varied,Yes,Weekly,Paid,2022,True,False,4,Medium,86
637,HackerRank,1.3,3.8,1626,Hard,Limited,Monthly,Freemium,2017,True,False,1,Low,55
638,Codeforces,8.2,4.9,850,Hard,No,Biweekly,Paid,2018,True,True,4,High,84
639,LeetCode,18.3,4.7,1080,Easy,Yes,Weekly,Paid,2016,False,False,10,Medium,114
640,CodeChef,5.2,5.0,736,Easy,No,Biweekly,Free,2018,False,True,7,High,88
641,LeetCode,28.8,4.0,2296,Easy,No,Weekly,Freemium,2014,False,True,4,Low,107
642,Codeforces,16.4,3.7,1050,Easy,Yes,Weekly,Freemium,2013,True,True,2,Low,92
643,CodeChef,27.0,4.2,3406,Varied,Limited,Occasionally,Freemium,2006,True,True,9,High,122
644,Codeforces,17.1,4.5,3931,Hard,Limited,Occasionally,Free,2005,True,False,7,Low,96
645,LeetCode,25.7,4.7,669,Hard,Yes,Occasionally,Paid,2011,True,True,1,Medium,110
646,HackerRank,28.1,4.5,975,Easy,No,Biweekly,Freemium,2022,True,False,5,Low,106
647,HackerRank,13.5,3.5,3316,Varied,No,Monthly,Paid,2021,False,False,3,Medium,68
648,Codeforces,24.0,4.7,2576,Hard,Limited,Biweekly,Freemium,2012,True,True,8,Medium,120
649,CodeChef,14.2,4.5,2112,Easy,Limited,Monthly,Paid,2005,True,True,2,Low,85
650,LeetCode,2.1,5.0,3724,Varied,Yes,Monthly,Free,2014,True,False,8,High,89
651,HackerRank,16.7,4.1,1895,Varied,No,Weekly,Free,2007,True,True,7,High,98
652,Codeforces,7.5,4.6,1792,Hard,No,Occasionally,Free,2011,True,False,1,Medium,67
653,Codeforces,1.9,3.6,3664,Hard,No,Weekly,Paid,2013,True,True,4,High,64
654,LeetCode,12.3,4.4,718,Easy,Yes,Monthly,Freemium,2017,False,False,6,Medium,94
655,HackerRank,12.1,4.2,3844,Medium,Limited,Monthly,Free,2007,False,True,10,Medium,98
656,Codeforces,11.8,3.6,950,Easy,No,Occasionally,Paid,2018,False,True,6,High,80
657,Codeforces,10.8,4.6,2375,Hard,Limited,Weekly,Freemium,2019,False,True,10,Medium,105
658,Codeforces,28.3,3.9,2930,Hard,Limited,Monthly,Free,2009,False,True,1,High,103
659,CodeChef,14.1,4.0,2173,Medium,Yes,Weekly,Freemium,2021,True,True,4,Medium,97
660,Codeforces,9.2,3.7,1453,Hard,No,Biweekly,Free,2021,True,True,9,Medium,83
661,HackerRank,26.7,3.8,3824,Varied,Limited,Occasionally,Free,2020,True,False,6,High,105
662,HackerRank,28.6,4.3,2225,Medium,No,Occasionally,Paid,2006,False,True,1,Low,98
663,LeetCode,15.9,3.5,1773,Medium,No,Weekly,Paid,2020,False,False,1,High,73
664,LeetCode,25.8,3.5,3631,Varied,Yes,Weekly,Free,2008,True,True,10,Low,118
665,LeetCode,22.4,4.5,2580,Hard,Yes,Occasionally,Freemium,2008,False,False,4,Medium,107
666,Codeforces,28.4,4.0,3991,Medium,No,Occasionally,Free,2013,True,True,3,High,104
667,LeetCode,9.2,3.5,3809,Hard,Yes,Weekly,Free,2012,False,False,7,Low,82
668,HackerRank,21.4,4.2,3644,Varied,Limited,Monthly,Freemium,2007,False,True,2,High,100
669,CodeChef,22.7,4.6,1612,Medium,Limited,Weekly,Paid,2010,True,True,5,High,112
670,CodeChef,10.5,4.9,1372,Easy,Limited,Occasionally,Free,2018,False,True,9,High,103
671,Codeforces,21.2,3.9,1162,Hard,Yes,Monthly,Freemium,2021,False,True,10,High,118
672,CodeChef,7.2,4.2,2237,Varied,No,Biweekly,Freemium,2016,True,False,5,Medium,74
673,LeetCode,10.8,3.7,698,Hard,Yes,Weekly,Paid,2007,True,False,7,Medium,87
674,LeetCode,14.3,4.3,3037,Varied,Yes,Biweekly,Paid,2019,True,False,8,High,100
675,LeetCode,6.7,4.4,3164,Medium,No,Occasionally,Free,2010,True,False,3,Low,66
676,Codeforces,20.8,4.8,1554,Hard,Limited,Weekly,Free,2009,False,True,8,Low,114
677,CodeChef,14.0,5.0,3870,Varied,Limited,Occasionally,Paid,2011,False,False,1,Low,83
678,HackerRank,29.2,4.5,1637,Varied,No,Monthly,Free,2009,False,False,3,High,105
679,Codeforces,1.3,4.1,633,Varied,Yes,Occasionally,Freemium,2017,True,True,7,Low,80
680,LeetCode,13.3,4.7,3115,Varied,No,Monthly,Freemium,2013,True,True,2,Low,84
681,CodeChef,11.0,4.0,1113,Varied,No,Weekly,Paid,2005,False,True,8,High,90
682,HackerRank,11.7,4.8,1146,Medium,Limited,Weekly,Freemium,2009,True,False,6,Medium,96
683,LeetCode,10.7,4.0,1632,Medium,No,Occasionally,Paid,2016,False,False,1,Low,63
684,LeetCode,4.4,3.7,2306,Varied,Limited,Weekly,Free,2006,True,True,3,High,73
685,HackerRank,14.4,4.6,1860,Hard,Limited,Biweekly,Freemium,2022,False,True,4,High,99
686,LeetCode,13.8,3.9,1974,Hard,No,Biweekly,Freemium,2006,False,False,8,Low,85
687,LeetCode,19.9,3.5,2062,Varied,No,Occasionally,Freemium,2019,True,False,8,High,93
688,LeetCode,7.5,4.8,3103,Hard,Yes,Monthly,Paid,2016,True,False,2,Medium,80
689,HackerRank,7.3,4.7,751,Varied,No,Occasionally,Freemium,2014,False,False,5,High,80
690,LeetCode,5.4,3.6,550,Hard,No,Occasionally,Freemium,2015,False,True,8,High,77
691,HackerRank,6.6,4.4,997,Easy,Yes,Weekly,Freemium,2013,False,True,3,Low,86
692,HackerRank,21.6,4.9,993,Hard,Yes,Biweekly,Free,2012,False,True,3,Low,109
693,CodeChef,2.1,4.3,3664,Medium,No,Occasionally,Freemium,2007,True,False,5,High,68
694,Codeforces,21.6,4.5,2146,Medium,Limited,Monthly,Free,2007,True,True,6,High,109
695,CodeChef,26.2,4.6,1032,Varied,No,Biweekly,Freemium,2014,True,False,1,Medium,98
696,HackerRank,28.7,3.8,3032,Varied,Yes,Monthly,Paid,2011,True,True,8,High,121
697,HackerRank,5.8,4.3,3065,Medium,Limited,Biweekly,Freemium,2014,False,True,7,Medium,87
698,HackerRank,13.2,4.9,3268,Varied,Limited,Weekly,Free,2021,True,False,9,Low,101
699,CodeChef,17.1,4.3,3619,Medium,No,Biweekly,Paid,2006,True,True,6,Medium,94
700,HackerRank,25.9,4.9,1540,Easy,Yes,Occasionally,Freemium,2012,True,False,3,Low,112
701,LeetCode,7.8,3.5,2126,Varied,Yes,Biweekly,Paid,2013,False,False,6,Medium,77
702,CodeChef,10.8,4.9,2674,Medium,Limited,Biweekly,Paid,2015,False,False,5,High,90
703,HackerRank,20.7,3.8,1454,Easy,Yes,Biweekly,Freemium,2011,True,False,4,High,100
704,Codeforces,16.3,4.2,2753,Hard,No,Biweekly,Paid,2005,False,True,3,High,87
705,LeetCode,24.5,3.5,1501,Hard,Limited,Biweekly,Free,2008,True,False,6,High,100
706,Codeforces,15.3,3.6,757,Medium,Limited,Weekly,Free,2013,True,True,4,Medium,88
707,HackerRank,21.2,4.9,1135,Medium,No,Monthly,Freemium,2006,False,False,8,Low,105
708,LeetCode,13.9,3.7,2707,Hard,No,Weekly,Freemium,2022,False,True,10,Medium,96
709,LeetCode,17.3,4.2,3889,Easy,Yes,Biweekly,Freemium,2013,False,False,8,Medium,105
710,Codeforces,11.6,4.6,2387,Varied,No,Weekly,Free,2016,True,False,6,High,88
711,HackerRank,4.4,4.0,3726,Medium,Limited,Weekly,Free,2012,False,False,6,High,77
712,Codeforces,29.6,3.9,3639,Medium,Limited,Monthly,Freemium,2014,False,False,9,Low,114
713,HackerRank,7.9,5.0,3746,Varied,Limited,Monthly,Free,2021,True,False,3,Medium,81
714,Codeforces,30.0,4.4,3504,Easy,Yes,Monthly,Free,2020,True,True,4,Low,118
715,Codeforces,27.9,4.7,2645,Varied,Yes,Occasionally,Free,2012,True,True,3,Medium,118
716,HackerRank,18.3,3.9,1111,Hard,No,Monthly,Free,2007,False,False,8,High,92
717,Codeforces,24.4,3.9,1859,Varied,No,Occasionally,Paid,2005,False,False,10,High,105
718,CodeChef,26.7,3.7,2669,Easy,No,Monthly,Paid,2008,False,False,8,Low,98
719,LeetCode,1.8,4.4,770,Medium,No,Monthly,Paid,2021,False,True,8,High,77
720,Codeforces,27.3,4.0,2238,Varied,Yes,Weekly,Free,2014,True,False,7,High,118
721,CodeChef,15.3,3.6,3698,Hard,No,Biweekly,Free,2019,True,True,7,Low,85
722,CodeChef,21.6,3.5,2022,Medium,No,Occasionally,Paid,2018,True,True,7,Low,91
723,Codeforces,12.3,4.7,3357,Easy,Yes,Occasionally,Freemium,2014,True,False,4,Low,91
724,HackerRank,22.8,3.6,2257,Hard,No,Occasionally,Freemium,2018,False,True,7,Low,97
725,LeetCode,4.8,4.5,3026,Hard,Yes,Biweekly,Freemium,2005,True,True,5,Medium,88
726,LeetCode,11.2,3.8,2120,Varied,Limited,Occasionally,Paid,2012,True,False,2,Low,69
727,Codeforces,23.3,4.0,2558,Hard,Limited,Monthly,Free,2015,True,True,8,Medium,109
728,LeetCode,8.8,4.8,2192,Medium,Yes,Biweekly,Paid,2013,False,True,8,Medium,100
729,HackerRank,27.6,3.9,3409,Hard,Limited,Weekly,Freemium,2016,False,True,1,Low,103
730,CodeChef,7.7,3.8,3757,Easy,Yes,Biweekly,Freemium,2010,True,True,7,Medium,90
731,Codeforces,23.8,4.3,3923,Easy,Yes,Biweekly,Free,2013,True,False,6,Medium,110
732,LeetCode,21.7,4.1,2536,Varied,Limited,Occasionally,Paid,2017,False,False,5,High,98
733,LeetCode,21.0,3.7,3743,Easy,Limited,Monthly,Freemium,2009,False,True,7,Medium,102
734,Codeforces,16.4,3.7,2757,Hard,No,Weekly,Freemium,2018,True,False,3,Low,79
735,CodeChef,11.9,4.1,1243,Easy,Limited,Biweekly,Freemium,2012,True,False,4,Low,81
736,HackerRank,7.3,5.0,611,Varied,Yes,Monthly,Paid,2017,False,False,3,Medium,84
737,CodeChef,6.4,4.5,3030,Varied,No,Weekly,Paid,2005,True,True,7,Medium,84
738,HackerRank,19.0,4.8,1002,Easy,No,Occasionally,Free,2021,True,True,6,Low,100
739,HackerRank,13.9,3.6,1305,Easy,Yes,Occasionally,Free,2011,False,True,7,High,96
740,LeetCode,7.8,4.7,2242,Medium,Limited,Biweekly,Free,2013,True,True,8,High,96
741,Codeforces,4.6,3.9,2999,Medium,Limited,Weekly,Freemium,2007,True,True,2,Low,71
742,LeetCode,21.5,3.6,3720,Hard,Yes,Monthly,Freemium,2021,True,False,5,Low,96
743,HackerRank,10.6,4.2,1636,Medium,No,Weekly,Free,2013,True,True,7,High,90
744,HackerRank,13.8,4.4,2685,Medium,Yes,Weekly,Paid,2005,True,False,3,Low,89
745,Codeforces,12.1,4.5,817,Hard,No,Biweekly,Paid,2019,True,False,9,High,91
746,LeetCode,8.8,5.0,1990,Medium,Limited,Occasionally,Paid,2011,False,True,10,Low,98
747,LeetCode,23.2,4.1,571,Varied,Limited,Weekly,Paid,2022,True,False,7,High,107
748,HackerRank,13.2,4.4,982,Medium,Yes,Monthly,Freemium,2012,True,True,2,High,95
749,Codeforces,4.8,3.8,2554,Medium,Limited,Monthly,Free,2007,True,False,3,Medium,64
750,LeetCode,15.8,3.6,584,Easy,Limited,Occasionally,Paid,2005,True,True,8,High,95
751,HackerRank,7.7,4.0,3866,Medium,No,Weekly,Freemium,2022,True,True,1,Low,70
752,LeetCode,2.6,3.8,2232,Hard,Limited,Monthly,Freemium,2012,True,True,3,Low,66
753,HackerRank,16.4,4.1,1611,Varied,Yes,Occasionally,Free,2005,False,False,10,High,106
754,CodeChef,29.7,4.7,2574,Easy,Limited,Weekly,Paid,2006,True,False,10,High,129
755,CodeChef,19.6,3.6,3402,Hard,Yes,Biweekly,Free,2022,False,False,1,Low,84
756,CodeChef,26.0,4.1,2562,Easy,No,Monthly,Free,2015,True,True,8,Medium,109
757,LeetCode,5.9,4.0,1785,Easy,No,Monthly,Free,2020,True,False,5,High,69
758,LeetCode,19.5,4.7,1069,Easy,Limited,Weekly,Paid,2008,False,False,10,Low,109
759,CodeChef,27.7,4.6,861,Medium,Limited,Weekly,Paid,2018,True,True,7,Low,120
760,CodeChef,5.8,4.7,3337,Medium,Yes,Occasionally,Free,2012,False,False,1,Low,74
761,CodeChef,3.5,4.1,2497,Easy,No,Weekly,Freemium,2018,True,False,3,Medium,65
762,HackerRank,9.1,4.1,1579,Medium,Limited,Occasionally,Free,2020,False,False,8,Low,82
763,HackerRank,25.8,4.6,3937,Hard,Yes,Biweekly,Free,2020,True,False,7,Low,116
764,CodeChef,6.5,4.3,2472,Medium,Limited,Monthly,Paid,2021,False,False,5,Low,73
765,CodeChef,20.5,3.9,588,Medium,Limited,Weekly,Paid,2017,True,False,4,Medium,93
766,Codeforces,23.7,4.6,1791,Varied,Yes,Occasionally,Freemium,2017,True,True,1,Medium,109
767,LeetCode,11.4,4.3,3902,Easy,No,Monthly,Paid,2011,False,False,5,High,79
768,Codeforces,28.5,4.2,949,Hard,Limited,Weekly,Free,2006,True,True,1,Medium,108
769,LeetCode,26.0,3.6,887,Easy,Limited,Weekly,Freemium,2015,False,False,5,Medium,103
770,LeetCode,4.8,4.0,3212,Easy,No,Weekly,Paid,2006,False,True,1,High,66
771,HackerRank,29.0,4.9,3815,Medium,Limited,Occasionally,Freemium,2016,False,True,3,Low,116
772,Codeforces,17.9,5.0,1048,Hard,Limited,Monthly,Freemium,2006,True,False,5,Low,100
773,HackerRank,25.3,4.3,3816,Hard,Limited,Biweekly,Paid,2005,False,False,1,Low,94
774,LeetCode,28.7,3.6,537,Easy,Limited,Monthly,Free,2007,True,True,1,High,101
775,HackerRank,16.1,4.8,3715,Easy,No,Monthly,Paid,2021,False,True,3,Medium,90
776,Codeforces,5.9,4.3,939,Easy,Limited,Biweekly,Freemium,2012,True,True,9,Low,89
777,Codeforces,10.9,4.7,3864,Medium,No,Weekly,Free,2013,False,True,10,High,101
778,CodeChef,1.8,4.5,2442,Medium,Limited,Weekly,Freemium,2021,False,True,4,High,81
779,LeetCode,1.8,4.1,3886,Varied,No,Weekly,Paid,2013,True,False,5,Medium,64
780,CodeChef,16.2,3.7,626,Medium,Yes,Weekly,Paid,2010,True,True,3,Medium,92
781,Codeforces,10.8,4.5,3297,Hard,Yes,Biweekly,Paid,2006,False,True,9,Low,100
782,Codeforces,9.7,4.5,669,Easy,No,Biweekly,Free,2020,False,True,1,Medium,76
783,Codeforces,12.1,4.0,1399,Easy,Yes,Weekly,Freemium,2007,False,True,2,Medium,90
784,CodeChef,9.8,3.8,3568,Easy,Limited,Occasionally,Free,2008,False,False,4,Low,72
785,Codeforces,8.2,4.6,2764,Varied,No,Biweekly,Freemium,2013,True,True,1,High,78
786,Codeforces,3.1,3.9,2228,Hard,Limited,Biweekly,Paid,2012,True,True,10,High,84
787,HackerRank,18.1,4.8,1185,Easy,No,Monthly,Paid,2007,False,True,5,High,99
788,CodeChef,2.2,3.7,1456,Hard,Yes,Monthly,Freemium,2016,False,True,1,Low,65
789,CodeChef,1.8,3.7,948,Hard,No,Occasionally,Free,2015,True,False,5,High,60
790,HackerRank,2.1,3.9,2282,Varied,Yes,Occasionally,Free,2007,False,True,2,High,71
791,LeetCode,19.8,4.7,1656,Easy,Limited,Biweekly,Freemium,2010,True,False,8,Low,107
792,HackerRank,11.8,4.5,3125,Easy,Limited,Weekly,Freemium,2007,True,True,2,High,92
793,Codeforces,24.3,4.8,785,Varied,No,Biweekly,Paid,2015,False,False,6,Low,102
794,Codeforces,14.2,4.3,3390,Medium,Limited,Occasionally,Freemium,2021,False,True,7,Medium,98
795,LeetCode,13.1,3.9,1151,Varied,No,Occasionally,Freemium,2014,False,False,6,High,83
796,CodeChef,15.1,4.2,975,Medium,Yes,Monthly,Freemium,2007,False,True,5,High,102
797,Codeforces,16.3,4.0,2770,Medium,No,Weekly,Paid,2022,False,True,6,Low,89
798,Codeforces,6.7,4.4,1164,Hard,No,Biweekly,Paid,2012,False,False,10,High,84
799,Codeforces,5.0,4.4,2888,Easy,No,Occasionally,Freemium,2010,True,False,10,Low,80
800,CodeChef,12.1,4.5,2029,Easy,No,Monthly,Free,2022,False,True,3,High,84
801,CodeChef,27.2,4.1,3699,Hard,No,Weekly,Paid,2009,False,True,10,Low,115
802,CodeChef,20.0,4.8,2144,Easy,No,Monthly,Paid,2010,True,True,7,High,106
803,LeetCode,6.5,4.8,1832,Varied,Yes,Weekly,Free,2018,True,False,5,Medium,89
804,Codeforces,13.0,3.8,3239,Hard,Yes,Monthly,Free,2010,True,False,2,High,82
805,CodeChef,28.9,4.1,725,Medium,No,Weekly,Freemium,2020,False,False,2,High,103
806,LeetCode,16.3,4.9,3120,Easy,Limited,Occasionally,Free,2006,False,False,6,High,100
807,LeetCode,25.5,3.7,2541,Easy,Limited,Monthly,Freemium,2017,False,True,3,Medium,101
808,CodeChef,24.7,3.5,1503,Varied,Limited,Monthly,Paid,2022,True,False,1,High,88
809,CodeChef,25.2,4.8,2243,Easy,Yes,Monthly,Free,2007,True,True,7,High,125
810,CodeChef,7.3,4.7,2537,Medium,Yes,Weekly,Paid,2012,True,False,10,Medium,98
811,Codeforces,6.5,4.1,1072,Medium,Limited,Monthly,Free,2005,True,True,7,High,85
812,CodeChef,21.4,4.5,1379,Varied,Limited,Monthly,Free,2011,True,True,1,Low,95
813,Codeforces,2.2,5.0,1192,Varied,Limited,Occasionally,Free,2021,True,False,3,Medium,72
814,HackerRank,3.1,4.1,2114,Easy,Limited,Weekly,Free,2007,False,True,2,Medium,71
815,Codeforces,29.9,4.6,3545,Hard,No,Biweekly,Free,2005,True,True,1,Medium,107
816,CodeChef,24.0,3.6,3252,Hard,No,Biweekly,Freemium,2008,True,False,3,Medium,89
817,LeetCode,13.9,4.7,2160,Varied,No,Biweekly,Freemium,2008,False,True,7,Medium,98
818,Codeforces,26.7,4.6,2578,Hard,Yes,Biweekly,Paid,2008,True,True,6,Medium,121
819,CodeChef,28.1,4.7,3011,Varied,Yes,Weekly,Paid,2007,True,True,2,High,120
820,CodeChef,28.4,4.3,971,Hard,Limited,Occasionally,Paid,2005,True,False,9,Low,114
821,Codeforces,12.0,4.9,2124,Hard,Yes,Weekly,Freemium,2007,False,True,6,Low,105
822,CodeChef,29.1,4.9,770,Hard,Limited,Monthly,Free,2020,True,True,2,Medium,115
823,LeetCode,26.7,4.2,1866,Hard,Limited,Monthly,Freemium,2015,False,False,1,Low,97
824,HackerRank,19.2,4.3,3965,Varied,Yes,Occasionally,Free,2014,True,False,4,High,100
825,HackerRank,14.2,4.7,3488,Hard,No,Weekly,Freemium,2021,True,True,9,Medium,104
826,HackerRank,28.6,5.0,2436,Hard,No,Weekly,Paid,2012,False,True,2,High,114
827,CodeChef,18.1,3.8,3009,Varied,Limited,Occasionally,Freemium,2020,False,False,3,Medium,86
828,CodeChef,13.8,3.6,1111,Hard,Limited,Occasionally,Paid,2019,True,True,1,High,78
829,Codeforces,9.2,4.2,2152,Medium,Yes,Occasionally,Free,2019,False,True,7,Low,91
830,LeetCode,25.2,3.9,1997,Easy,Limited,Occasionally,Free,2021,False,True,6,Low,105
831,HackerRank,27.2,3.8,1077,Hard,Yes,Monthly,Freemium,2018,True,True,10,Low,122
832,CodeChef,1.1,4.4,3645,Varied,Limited,Biweekly,Free,2010,True,True,6,Medium,77
833,Codeforces,12.5,3.6,3783,Easy,Yes,Biweekly,Free,2005,False,True,4,Medium,87
834,CodeChef,10.3,4.9,585,Medium,No,Biweekly,Paid,2006,False,True,6,High,91
835,CodeChef,15.2,3.5,3760,Hard,Limited,Occasionally,Free,2010,False,False,8,Low,85
836,HackerRank,13.0,4.3,1459,Hard,Yes,Weekly,Paid,2012,False,False,1,High,86
837,HackerRank,16.5,4.6,3766,Medium,No,Occasionally,Free,2005,False,True,9,Medium,102
838,HackerRank,3.8,4.2,3872,Medium,No,Weekly,Freemium,2017,True,False,6,Medium,73
839,HackerRank,16.7,4.3,2922,Hard,Limited,Occasionally,Freemium,2018,True,True,10,Low,106
840,Codeforces,5.4,3.8,1514,Varied,Yes,Weekly,Paid,2012,True,True,7,Low,83
841,LeetCode,26.4,4.2,3969,Medium,Yes,Occasionally,Free,2005,True,False,8,High,118
842,LeetCode,17.7,4.4,2418,Hard,No,Monthly,Free,2021,False,False,5,High,91
843,HackerRank,4.9,3.7,3172,Varied,No,Monthly,Free,2010,True,False,3,High,60
844,Codeforces,13.6,3.8,3248,Easy,Yes,Weekly,Free,2008,True,True,10,High,106
845,CodeChef,15.0,5.0,2795,Medium,Yes,Monthly,Paid,2020,True,True,4,Medium,102
846,CodeChef,19.4,4.2,2293,Hard,No,Monthly,Freemium,2018,True,False,5,Medium,91
847,HackerRank,18.2,4.8,798,Easy,Limited,Occasionally,Freemium,2018,True,False,3,Medium,96
848,HackerRank,11.0,4.6,1799,Medium,Limited,Weekly,Free,2008,False,False,7,High,94
849,LeetCode,28.4,4.1,3988,Varied,No,Weekly,Free,2013,True,False,3,Low,99
850,CodeChef,25.1,4.0,1865,Varied,No,Occasionally,Paid,2005,True,True,5,Medium,100
851,CodeChef,28.1,4.9,3527,Easy,No,Monthly,Freemium,2020,True,True,3,Medium,112
852,HackerRank,24.4,4.1,3971,Easy,No,Monthly,Freemium,2011,True,True,10,High,115
853,HackerRank,25.3,3.7,3159,Medium,No,Monthly,Freemium,2006,True,True,7,Medium,104
854,LeetCode,14.7,3.9,2155,Hard,No,Biweekly,Free,2007,True,True,7,Medium,89
855,Codeforces,11.8,4.1,3820,Easy,No,Biweekly,Free,2006,True,False,8,High,86
856,LeetCode,16.5,3.9,3512,Hard,No,Monthly,Free,2015,True,True,3,High,85
857,HackerRank,1.7,4.6,2936,Easy,No,Monthly,Paid,2011,True,False,3,Low,60
858,LeetCode,27.7,4.1,2384,Varied,Yes,Occasionally,Free,2015,False,True,7,Low,118
859,CodeChef,27.7,3.9,3237,Easy,Yes,Weekly,Free,2016,False,False,1,Low,102
860,CodeChef,26.5,4.9,3863,Hard,No,Occasionally,Freemium,2017,False,True,2,Medium,108
861,LeetCode,17.3,4.3,3660,Hard,Yes,Weekly,Freemium,2013,True,False,4,Low,98
862,HackerRank,23.8,3.7,2943,Medium,Yes,Monthly,Free,2009,True,False,3,Medium,97
863,Codeforces,28.6,3.8,1337,Varied,Yes,Biweekly,Freemium,2021,True,False,7,Low,114
864,CodeChef,9.6,3.5,2653,Medium,No,Biweekly,Free,2018,False,False,6,Medium,70
865,HackerRank,27.2,3.6,3685,Varied,Limited,Occasionally,Freemium,2007,True,True,1,Medium,99
866,Codeforces,15.9,4.6,1964,Hard,Yes,Occasionally,Paid,2016,True,False,4,Low,93
867,Codeforces,4.3,3.8,1283,Varied,Limited,Biweekly,Freemium,2016,False,False,6,High,74
868,HackerRank,12.5,4.3,1963,Varied,Yes,Weekly,Free,2016,False,False,1,High,87
869,Codeforces,29.0,4.2,2201,Medium,No,Occasionally,Freemium,2015,True,True,9,Low,116
870,HackerRank,6.3,3.5,1860,Medium,Limited,Occasionally,Paid,2011,True,True,10,Medium,81
871,CodeChef,7.1,4.3,1622,Hard,Yes,Monthly,Freemium,2014,True,False,9,Low,90
872,LeetCode,20.9,4.7,784,Easy,Limited,Occasionally,Free,2018,False,False,2,Medium,95
873,Codeforces,20.0,3.7,2676,Hard,Limited,Biweekly,Free,2012,False,True,3,Medium,92
874,Codeforces,17.0,3.8,3763,Medium,Limited,Weekly,Paid,2009,True,True,8,High,102
875,HackerRank,25.1,5.0,636,Medium,Limited,Monthly,Freemium,2019,False,True,5,Low,116
876,Codeforces,25.7,4.1,3912,Medium,No,Biweekly,Freemium,2019,False,True,4,Medium,104
877,HackerRank,27.0,4.2,2934,Easy,Yes,Occasionally,Paid,2018,True,False,6,Medium,112
878,Codeforces,29.6,4.9,3709,Medium,Yes,Biweekly,Freemium,2012,False,False,10,Low,132
879,LeetCode,2.3,3.5,1245,Medium,Limited,Occasionally,Freemium,2014,False,True,8,High,76
880,HackerRank,28.0,4.2,1239,Varied,Limited,Monthly,Free,2009,True,False,6,Low,107
881,CodeChef,29.9,4.1,3545,Varied,Limited,Biweekly,Paid,2007,True,False,5,High,111
882,HackerRank,7.6,4.7,1666,Hard,Yes,Occasionally,Paid,2005,False,True,2,Low,82
883,CodeChef,19.9,4.1,1189,Medium,Yes,Weekly,Free,2006,False,True,2,Low,99
884,LeetCode,22.4,4.5,2902,Hard,Yes,Monthly,Paid,2005,True,True,7,Medium,115
885,LeetCode,10.6,4.8,2272,Easy,Yes,Biweekly,Paid,2011,False,False,2,Medium,86
886,LeetCode,6.2,4.5,1652,Varied,Yes,Monthly,Paid,2017,True,True,8,Medium,92
887,Codeforces,20.3,4.4,2578,Varied,Yes,Biweekly,Free,2018,True,False,7,Medium,107
888,Codeforces,3.5,3.9,2773,Hard,Yes,Biweekly,Paid,2013,True,False,2,Low,64
889,CodeChef,9.0,4.8,2429,Varied,Limited,Occasionally,Paid,2012,True,False,2,High,80
890,CodeChef,28.3,4.9,1800,Varied,Yes,Occasionally,Freemium,2017,True,True,3,High,124
891,CodeChef,1.8,4.5,1233,Medium,No,Monthly,Paid,2016,True,True,8,Low,74
892,Codeforces,15.8,4.5,1250,Medium,Yes,Weekly,Paid,2019,False,True,6,High,108
893,CodeChef,26.0,3.7,1373,Medium,Yes,Monthly,Freemium,2012,False,False,3,High,104
894,HackerRank,17.2,4.2,3662,Easy,Limited,Weekly,Free,2021,True,False,9,Low,100
895,LeetCode,5.0,4.8,2481,Varied,Limited,Biweekly,Paid,2014,True,False,2,Low,70
896,HackerRank,4.3,4.1,3398,Varied,Yes,Biweekly,Freemium,2018,False,True,2,Medium,77
897,Codeforces,7.2,4.7,2922,Medium,No,Biweekly,Paid,2014,True,False,1,High,70
898,LeetCode,18.7,3.9,2234,Easy,No,Monthly,Freemium,2009,True,True,8,Medium,98
899,LeetCode,13.7,4.9,2292,Hard,Yes,Biweekly,Freemium,2005,False,True,9,Medium,114
900,HackerRank,18.0,4.4,1471,Easy,Limited,Biweekly,Free,2019,False,False,7,Medium,99
901,LeetCode,17.5,4.4,3401,Varied,No,Biweekly,Freemium,2019,True,False,4,Medium,89
902,Codeforces,26.6,4.9,744,Hard,Limited,Monthly,Paid,2017,False,False,2,Low,103
903,HackerRank,10.3,4.3,978,Easy,Yes,Biweekly,Freemium,2006,False,False,2,Low,81
904,LeetCode,15.0,4.3,1516,Varied,Yes,Biweekly,Paid,2013,False,False,7,Medium,98
905,Codeforces,6.7,4.1,2296,Hard,No,Biweekly,Paid,2008,True,True,8,Medium,80
906,CodeChef,21.3,3.6,1721,Varied,Limited,Monthly,Paid,2010,True,True,7,High,101
907,CodeChef,3.3,4.6,3420,Varied,Limited,Occasionally,Freemium,2020,False,True,8,High,89
908,HackerRank,3.3,4.7,2454,Easy,Yes,Occasionally,Paid,2022,False,False,2,High,75
909,Codeforces,19.2,3.9,3848,Hard,No,Weekly,Freemium,2022,True,True,6,High,100
910,Codeforces,4.6,4.1,1101,Medium,No,Monthly,Freemium,2013,True,True,9,High,83
911,LeetCode,17.3,3.8,1631,Medium,Yes,Weekly,Paid,2015,False,False,4,High,94
912,LeetCode,9.2,3.6,3917,Varied,No,Monthly,Freemium,2015,False,False,10,Medium,80
913,HackerRank,2.8,3.7,3803,Medium,Limited,Weekly,Free,2014,False,False,7,Low,69
914,Codeforces,9.3,4.6,3436,Varied,No,Occasionally,Freemium,2021,False,False,6,Low,80
915,CodeChef,29.3,3.8,1390,Easy,Yes,Weekly,Paid,2016,True,True,5,Medium,117
916,Codeforces,8.4,3.8,930,Medium,Limited,Monthly,Paid,2007,True,False,9,Medium,81
917,Codeforces,9.1,4.0,777,Medium,Yes,Biweekly,Free,2011,False,True,10,High,100
918,LeetCode,7.7,3.9,500,Medium,Yes,Occasionally,Free,2009,False,False,10,Low,87
919,Codeforces,10.4,3.9,2515,Hard,Yes,Monthly,Freemium,2017,False,False,9,Medium,93
920,Codeforces,11.7,3.8,3708,Varied,Limited,Weekly,Freemium,2019,True,False,6,Low,84
921,LeetCode,21.5,3.6,2471,Varied,No,Monthly,Free,2007,True,True,1,Medium,83
922,Codeforces,20.1,3.8,529,Easy,No,Biweekly,Free,2012,False,False,4,Medium,85
923,CodeChef,9.4,3.7,805,Easy,Limited,Occasionally,Paid,2013,False,False,5,Low,71
924,CodeChef,10.5,3.9,2684,Varied,No,Weekly,Freemium,2017,True,True,4,Low,79
925,Codeforces,21.4,3.5,3626,Hard,Yes,Biweekly,Freemium,2007,False,True,2,Medium,97
926,CodeChef,26.3,4.2,3455,Easy,Yes,Occasionally,Freemium,2014,False,True,9,Medium,124
927,LeetCode,22.6,4.1,1573,Easy,No,Monthly,Freemium,2006,False,False,8,Low,99
928,Codeforces,16.2,4.6,2948,Hard,Limited,Monthly,Freemium,2015,False,False,9,Low,101
929,Codeforces,13.4,4.3,3492,Hard,Yes,Monthly,Freemium,2006,False,False,6,High,97
930,HackerRank,11.4,4.0,3064,Medium,No,Monthly,Free,2021,False,False,4,Low,71
931,LeetCode,26.7,4.3,2581,Medium,No,Biweekly,Paid,2019,False,True,2,Low,98
932,CodeChef,2.5,3.8,959,Varied,Limited,Biweekly,Free,2016,True,False,1,Low,56
933,CodeChef,21.1,3.9,1701,Hard,Limited,Biweekly,Freemium,2012,True,True,7,High,108
934,CodeChef,13.6,4.4,751,Varied,Limited,Biweekly,Freemium,2017,False,True,7,Low,97
935,CodeChef,27.9,4.2,2371,Medium,Yes,Monthly,Free,2013,True,False,10,Medium,122
936,CodeChef,23.4,4.4,3151,Hard,Yes,Monthly,Paid,2006,False,False,3,Medium,102
937,Codeforces,4.8,4.0,3112,Hard,Limited,Weekly,Freemium,2011,False,False,3,Low,69
938,CodeChef,15.2,3.9,927,Easy,No,Occasionally,Free,2012,True,True,6,Medium,87
939,HackerRank,23.3,4.5,1013,Hard,No,Occasionally,Paid,2011,True,False,5,High,99
940,CodeChef,28.5,4.9,3546,Hard,No,Biweekly,Paid,2015,False,True,6,High,119
941,LeetCode,4.5,4.9,1392,Varied,Yes,Weekly,Paid,2013,False,False,7,Low,88
942,CodeChef,18.7,4.9,1175,Varied,Yes,Occasionally,Free,2018,False,False,10,Medium,115
943,CodeChef,28.2,4.0,1245,Hard,Limited,Occasionally,Paid,2022,False,False,5,High,106
944,LeetCode,3.0,3.8,3812,Medium,Yes,Biweekly,Paid,2015,True,True,8,Medium,82
945,Codeforces,16.4,4.7,2326,Varied,Yes,Occasionally,Free,2018,True,False,7,Low,102
946,CodeChef,7.2,3.9,3317,Varied,Yes,Biweekly,Freemium,2008,True,False,6,High,85
947,Codeforces,27.7,4.1,854,Medium,No,Biweekly,Freemium,2018,True,True,9,High,119
948,HackerRank,20.8,4.4,2856,Easy,No,Biweekly,Paid,2022,True,False,3,Low,87
949,LeetCode,3.4,3.5,1814,Easy,Yes,Monthly,Freemium,2021,False,False,6,Medium,72
950,HackerRank,8.3,3.8,3902,Varied,Yes,Monthly,Freemium,2017,False,False,1,Low,70
951,Codeforces,2.7,4.1,1595,Hard,No,Weekly,Freemium,2014,True,True,10,High,85
952,HackerRank,1.8,3.8,1834,Easy,Yes,Monthly,Free,2015,False,False,6,Low,69
953,Codeforces,17.0,4.9,615,Easy,Yes,Weekly,Paid,2019,True,False,6,Low,104
954,Codeforces,9.2,4.8,2822,Hard,Yes,Biweekly,Paid,2012,False,False,2,High,86
955,HackerRank,13.0,3.5,3180,Medium,Yes,Weekly,Freemium,2006,False,False,4,Low,84
956,HackerRank,17.8,3.8,1754,Hard,No,Occasionally,Free,2018,False,True,7,High,94
957,Codeforces,29.4,5.0,2152,Hard,Yes,Occasionally,Paid,2018,False,True,6,Medium,128
958,LeetCode,24.4,4.1,662,Varied,No,Weekly,Free,2012,False,False,5,Low,97
959,HackerRank,9.7,4.8,3802,Hard,Limited,Biweekly,Paid,2008,False,True,1,High,85
960,HackerRank,23.5,4.7,2213,Easy,Limited,Weekly,Freemium,2020,False,True,6,High,119
961,HackerRank,14.3,3.7,583,Medium,Limited,Weekly,Freemium,2019,False,False,2,High,82
962,HackerRank,5.6,4.1,1891,Varied,Limited,Weekly,Paid,2013,False,False,4,Medium,72
963,CodeChef,4.9,4.8,1873,Medium,No,Monthly,Freemium,2007,True,False,4,Low,71
964,LeetCode,29.9,4.3,1410,Hard,Limited,Biweekly,Free,2008,True,True,7,High,123
965,CodeChef,23.8,4.1,3494,Medium,No,Biweekly,Freemium,2014,False,False,6,High,102
966,CodeChef,2.0,4.7,3073,Medium,No,Weekly,Freemium,2019,False,False,7,Low,75
967,Codeforces,9.4,3.6,1059,Easy,Limited,Monthly,Freemium,2012,True,True,3,Low,74
968,Codeforces,16.5,4.6,1805,Hard,Limited,Biweekly,Free,2007,True,False,4,Low,91
969,LeetCode,15.2,4.5,1321,Easy,Yes,Biweekly,Freemium,2016,False,True,5,High,106
970,LeetCode,12.6,4.6,591,Easy,No,Monthly,Freemium,2015,True,True,6,Low,90
971,Codeforces,7.9,3.7,2043,Easy,No,Occasionally,Freemium,2005,False,False,5,Low,67
972,HackerRank,11.4,4.2,2666,Medium,No,Weekly,Free,2022,True,True,6,Low,85
973,CodeChef,12.5,4.2,1160,Medium,Yes,Occasionally,Free,2006,False,True,5,High,96
974,LeetCode,25.7,4.8,2126,Varied,Yes,Monthly,Paid,2021,False,False,1,Medium,106
975,LeetCode,3.8,3.8,1733,Easy,Yes,Biweekly,Freemium,2005,True,False,3,Medium,71
976,LeetCode,23.2,3.6,3741,Varied,Limited,Occasionally,Free,2009,False,True,9,Medium,107
977,HackerRank,11.8,4.3,1929,Medium,No,Monthly,Free,2007,False,False,5,Low,77
978,CodeChef,26.6,3.7,3755,Easy,No,Biweekly,Freemium,2015,True,False,9,High,108
979,HackerRank,20.2,5.0,3276,Easy,No,Occasionally,Free,2010,True,True,8,Medium,109
980,CodeChef,4.3,4.9,972,Varied,Limited,Occasionally,Free,2009,True,True,7,High,89
981,Codeforces,13.0,4.4,2361,Hard,Yes,Weekly,Free,2015,False,True,7,Low,102
982,CodeChef,6.4,4.5,1336,Varied,No,Monthly,Freemium,2005,True,True,9,High,90
983,HackerRank,18.0,4.8,1716,Medium,Yes,Weekly,Paid,2018,False,True,2,Low,102
984,CodeChef,24.2,4.7,1323,Easy,No,Occasionally,Freemium,2022,True,True,6,High,112
985,CodeChef,25.5,3.7,3678,Varied,Limited,Occasionally,Freemium,2014,True,True,10,High,117
986,Codeforces,24.9,4.8,1516,Medium,No,Occasionally,Free,2020,False,False,3,Low,97
987,CodeChef,17.4,4.0,2411,Medium,No,Weekly,Freemium,2007,False,True,9,Low,100
988,HackerRank,11.4,4.9,1294,Varied,No,Occasionally,Paid,2014,True,True,5,High,90
989,CodeChef,11.9,4.9,3586,Varied,Yes,Occasionally,Free,2006,False,False,1,Low,85
990,CodeChef,10.5,4.9,1829,Varied,No,Occasionally,Paid,2019,True,True,4,Low,83
991,CodeChef,19.9,3.6,2319,Medium,Limited,Monthly,Paid,2016,True,True,3,Medium,89
992,CodeChef,23.3,4.6,3525,Easy,Yes,Weekly,Freemium,2022,True,True,8,Low,123
993,HackerRank,5.6,4.4,2032,Varied,No,Biweekly,Freemium,2010,True,True,9,High,88
994,HackerRank,26.3,3.8,3396,Medium,Yes,Biweekly,Free,2015,False,False,3,High,104
995,CodeChef,11.5,3.6,833,Easy,Yes,Occasionally,Freemium,2012,True,True,5,Medium,88
996,Codeforces,10.3,3.8,2844,Varied,Limited,Weekly,Free,2007,True,True,5,Low,82
997,CodeChef,11.0,3.6,1902,Varied,Limited,Weekly,Paid,2016,False,True,1,High,76
998,HackerRank,7.7,3.9,1683,Hard,No,Biweekly,Free,2018,False,False,4,Low,66
999,CodeChef,26.4,4.6,3933,Medium,Yes,Biweekly,Paid,2008,False,False,7,Medium,118
1000,CodeChef,26.9,3.9,2321,Varied,No,Occasionally,Paid,2017,True,False,3,Medium,92
1001,CodeChef,2.2,4.3,3283,Medium,Yes,Biweekly,Free,2016,False,True,9,High,90
1002,CodeChef,22.9,4.7,2702,Medium,No,Monthly,Paid,2007,True,True,6,High,107
1003,CodeChef,26.0,4.1,3468,Easy,No,Weekly,Freemium,2013,False,True,6,Low,108
1004,Codeforces,7.0,3.7,1726,Hard,Limited,Biweekly,Paid,2020,False,True,5,Low,74
1005,CodeChef,6.6,4.7,2328,Hard,No,Occasionally,Freemium,2014,False,False,2,Low,69
1006,HackerRank,20.5,5.0,2249,Medium,Limited,Monthly,Freemium,2005,True,True,2,Low,103
1007,CodeChef,24.1,4.4,2698,Hard,No,Monthly,Freemium,2008,True,True,6,Medium,107
1008,LeetCode,11.6,4.6,2224,Easy,No,Weekly,Paid,2010,False,True,8,High,96
1009,CodeChef,10.6,3.8,2637,Easy,Limited,Biweekly,Free,2021,True,True,2,Medium,77
1010,Codeforces,13.8,4.8,2171,Easy,Yes,Occasionally,Paid,2014,True,True,1,Medium,93
1011,LeetCode,11.5,4.3,1639,Varied,No,Monthly,Free,2019,True,True,5,High,85
1012,LeetCode,25.1,4.9,1414,Easy,No,Biweekly,Paid,2012,False,False,10,Low,113
1013,LeetCode,22.3,3.8,1605,Easy,No,Occasionally,Paid,2005,True,False,10,Low,96
1014,LeetCode,16.2,4.4,2736,Hard,Yes,Weekly,Free,2017,True,False,4,Low,95
1015,CodeChef,24.1,3.8,1127,Medium,No,Weekly,Paid,2019,True,False,8,High,102
1016,Codeforces,4.5,4.5,2383,Easy,No,Monthly,Paid,2015,False,True,3,Low,68
1017,LeetCode,9.1,3.6,1179,Medium,Limited,Monthly,Freemium,2016,True,False,7,High,81
1018,Codeforces,22.0,4.4,1457,Hard,Yes,Monthly,Freemium,2019,True,True,3,High,110
1019,LeetCode,24.3,3.8,1636,Varied,Limited,Occasionally,Freemium,2016,True,True,9,Low,110
1020,Codeforces,14.4,4.5,3767,Medium,No,Monthly,Paid,2007,False,True,1,Low,79
1021,LeetCode,17.8,4.6,1087,Hard,Yes,Weekly,Paid,2012,False,True,3,Medium,104
1022,LeetCode,3.8,3.5,2050,Hard,Limited,Biweekly,Freemium,2016,False,False,4,High,67
1023,HackerRank,26.5,4.7,1622,Varied,Limited,Biweekly,Freemium,2008,True,False,5,Low,111
1024,LeetCode,5.6,3.7,929,Varied,Limited,Monthly,Paid,2016,False,False,8,High,75
1025,LeetCode,19.9,4.4,2348,Varied,Yes,Occasionally,Free,2021,False,False,5,Low,100
1026,HackerRank,23.5,5.0,3981,Easy,Limited,Biweekly,Freemium,2015,True,True,2,High,112
1027,CodeChef,16.0,4.9,2594,Medium,Yes,Monthly,Freemium,2013,True,True,3,Medium,104
1028,CodeChef,6.2,3.5,3857,Medium,Limited,Biweekly,Paid,2008,True,True,9,Low,78
1029,HackerRank,10.7,3.8,1928,Medium,Limited,Weekly,Paid,2020,True,True,8,High,92
1030,LeetCode,17.5,4.1,548,Easy,No,Biweekly,Freemium,2017,False,True,10,Medium,103
1031,Codeforces,17.0,4.8,3394,Varied,Yes,Occasionally,Free,2019,True,False,9,Low,108
1032,CodeChef,8.7,4.3,2055,Hard,Limited,Biweekly,Freemium,2007,False,False,3,High,80
1033,HackerRank,2.3,4.9,2738,Easy,Limited,Weekly,Paid,2008,False,True,8,Medium,88
1034,CodeChef,10.5,5.0,3759,Hard,No,Occasionally,Free,2015,True,False,4,Low,80
1035,Codeforces,1.9,4.2,1243,Hard,Limited,Monthly,Free,2007,True,True,2,High,69
1036,HackerRank,8.3,4.0,3158,Medium,Limited,Weekly,Free,2011,False,False,4,Low,74
1037,HackerRank,17.9,4.5,1680,Hard,Limited,Weekly,Paid,2016,True,True,6,Low,102
1038,HackerRank,13.0,4.8,3283,Varied,Yes,Weekly,Free,2013,False,False,10,Medium,108
1039,LeetCode,14.0,4.4,972,Varied,No,Biweekly,Paid,2007,False,False,6,Low,83
1040,CodeChef,10.5,3.7,3029,Medium,No,Biweekly,Freemium,2017,True,True,4,Medium,77
1041,CodeChef,28.2,4.2,1829,Varied,Limited,Biweekly,Freemium,2009,True,True,9,Low,121
1042,HackerRank,27.4,4.2,585,Easy,Yes,Monthly,Freemium,2013,False,True,5,Medium,118
1043,CodeChef,29.9,4.7,1914,Hard,No,Monthly,Freemium,2013,False,False,5,Low,110
1044,HackerRank,20.8,4.0,3923,Varied,Limited,Biweekly,Paid,2010,False,True,10,Medium,109
1045,HackerRank,19.0,4.9,3581,Medium,Limited,Biweekly,Paid,2021,True,False,3,High,98
1046,HackerRank,20.7,4.1,2057,Easy,No,Biweekly,Free,2015,True,False,4,Low,87
1047,LeetCode,7.5,4.5,1144,Medium,Limited,Biweekly,Paid,2021,True,False,9,Medium,87
1048,LeetCode,29.8,4.3,3891,Medium,No,Biweekly,Paid,2015,True,True,3,High,109
1049,Codeforces,20.4,4.1,741,Hard,No,Monthly,Free,2017,False,True,8,Medium,101
1050,CodeChef,11.0,4.6,3944,Easy,Yes,Occasionally,Paid,2005,False,False,3,Medium,86
1051,CodeChef,19.7,3.7,1851,Medium,Limited,Weekly,Paid,2014,True,False,3,High,90
1052,CodeChef,1.5,4.3,1153,Varied,Yes,Monthly,Paid,2013,True,False,8,Medium,78
1053,HackerRank,12.3,3.7,2392,Hard,Limited,Occasionally,Paid,2020,True,True,9,Low,88
1054,HackerRank,23.3,3.7,3424,Varied,Yes,Occasionally,Freemium,2020,False,False,1,Low,92
1055,LeetCode,13.4,4.0,2654,Easy,Yes,Monthly,Paid,2011,False,False,4,Medium,85
1056,CodeChef,23.9,4.8,2934,Easy,Limited,Occasionally,Freemium,2015,True,True,5,Low,112
1057,LeetCode,19.3,4.2,1308,Easy,Yes,Monthly,Freemium,2021,False,True,9,Low,112
1058,LeetCode,29.8,3.5,3637,Medium,No,Occasionally,Freemium,2011,False,False,7,Medium,104
1059,HackerRank,4.5,3.9,2654,Hard,Yes,Occasionally,Free,2011,False,False,10,High,86
1060,HackerRank,12.5,3.6,2754,Hard,Limited,Monthly,Free,2017,False,False,4,High,78
1061,LeetCode,5.2,3.5,1907,Medium,Limited,Occasionally,Paid,2011,True,True,9,Low,76
1062,LeetCode,27.7,4.6,1415,Easy,No,Weekly,Free,2006,False,True,1,Medium,106
1063,HackerRank,6.1,4.3,1322,Varied,Yes,Monthly,Free,2016,False,False,9,Low,86
1064,Codeforces,17.7,3.7,1625,Easy,Limited,Monthly,Freemium,2012,True,False,3,Low,83
1065,CodeChef,21.3,4.4,3216,Varied,Limited,Weekly,Free,2012,False,True,7,Low,109
1066,HackerRank,5.9,3.5,2168,Varied,Yes,Occasionally,Paid,2008,False,False,3,Low,65
1067,Codeforces,9.6,3.6,3296,Easy,Limited,Weekly,Free,2008,True,False,7,Medium,80
1068,Codeforces,26.1,4.4,3387,Varied,Limited,Occasionally,Free,2009,True,False,7,Low,108
1069,LeetCode,17.7,3.6,1991,Easy,Yes,Monthly,Freemium,2016,False,True,7,Medium,102
1070,Codeforces,1.2,4.6,572,Varied,No,Biweekly,Free,2009,True,True,6,Medium,74
1071,LeetCode,27.9,4.8,2382,Easy,No,Biweekly,Freemium,2010,True,False,10,Medium,121
1072,Codeforces,23.1,4.4,1819,Hard,Yes,Weekly,Freemium,2010,False,False,4,Low,108
1073,LeetCode,24.3,4.9,1822,Easy,Limited,Occasionally,Free,2009,True,True,2,High,109
1074,LeetCode,16.0,4.6,1889,Easy,Limited,Monthly,Free,2008,True,True,3,Medium,94
1075,CodeChef,26.1,4.1,3110,Easy,Yes,Biweekly,Free,2016,False,False,5,High,111
1076,CodeChef,10.5,4.4,3058,Easy,Limited,Biweekly,Paid,2021,True,False,7,Low,85
1077,Codeforces,7.0,4.4,1158,Easy,Yes,Monthly,Freemium,2021,True,False,4,Medium,82
1078,LeetCode,14.0,4.5,2671,Hard,Limited,Biweekly,Paid,2022,False,False,7,High,95
1079,Codeforces,23.0,3.7,3263,Easy,No,Biweekly,Free,2012,True,True,6,High,100
1080,LeetCode,29.2,4.9,723,Varied,No,Monthly,Freemium,2015,True,True,9,Medium,126
1081,HackerRank,14.5,4.6,1417,Medium,Limited,Weekly,Free,2022,True,True,3,Low,93
1082,CodeChef,23.0,4.1,706,Medium,No,Occasionally,Free,2011,False,False,4,High,94
1083,LeetCode,27.1,4.8,1518,Easy,Limited,Occasionally,Free,2012,True,True,1,High,111
1084,Codeforces,10.0,4.3,621,Medium,Limited,Occasionally,Free,2018,False,True,7,High,92
1085,Codeforces,11.3,4.7,3861,Medium,No,Occasionally,Paid,2009,True,True,1,Medium,78
1086,Codeforces,12.1,4.4,1733,Hard,Limited,Biweekly,Paid,2012,False,False,8,Low,89
1087,LeetCode,23.5,4.9,3945,Varied,Yes,Weekly,Freemium,2020,True,True,3,High,120
1088,LeetCode,9.0,4.2,3175,Easy,Yes,Monthly,Free,2021,True,True,10,Low,96
1089,HackerRank,26.6,3.8,3162,Medium,No,Weekly,Paid,2019,False,True,1,Low,93
1090,CodeChef,22.8,4.6,2278,Hard,Yes,Biweekly,Paid,2015,True,False,1,Low,98
1091,Codeforces,7.8,3.7,3297,Easy,Limited,Monthly,Freemium,2006,True,False,4,High,74
1092,Codeforces,16.6,3.8,3608,Varied,Limited,Weekly,Freemium,2011,False,False,6,Low,91
1093,LeetCode,3.5,4.2,1815,Hard,Yes,Occasionally,Paid,2015,True,False,4,Medium,72
1094,LeetCode,18.6,4.7,2382,Varied,Yes,Biweekly,Freemium,2008,True,True,1,Low,101
1095,CodeChef,15.8,4.1,1131,Medium,No,Monthly,Paid,2019,False,True,6,Medium,89
1096,Codeforces,5.0,3.5,3567,Medium,Limited,Weekly,Freemium,2014,True,True,6,Medium,78
1097,LeetCode,19.6,4.2,3048,Varied,Limited,Monthly,Free,2019,True,True,10,Medium,109
1098,LeetCode,6.6,4.2,664,Hard,No,Biweekly,Freemium,2011,True,False,10,High,85
1099,HackerRank,10.5,3.8,1486,Hard,Limited,Occasionally,Freemium,2007,False,False,10,High,91
1100,LeetCode,18.5,4.0,3327,Hard,Limited,Monthly,Paid,2019,True,False,10,Low,98
1101,LeetCode,29.1,4.5,2566,Hard,Yes,Monthly,Free,2019,True,True,2,Low,114
1102,HackerRank,11.5,4.6,2174,Varied,Yes,Monthly,Freemium,2016,True,False,3,High,91
1103,HackerRank,22.1,4.1,3897,Varied,Yes,Monthly,Freemium,2011,False,False,6,Medium,106
1104,LeetCode,21.6,4.4,3463,Varied,Yes,Weekly,Paid,2013,True,False,6,High,110
1105,HackerRank,15.9,4.6,3619,Hard,Limited,Monthly,Free,2020,True,True,10,Low,106
1106,HackerRank,2.2,4.5,3032,Hard,No,Weekly,Freemium,2020,False,False,10,Medium,81
1107,LeetCode,4.1,3.7,3805,Hard,Limited,Weekly,Paid,2020,False,False,2,High,64
1108,LeetCode,8.5,4.0,795,Medium,Yes,Monthly,Paid,2012,True,True,9,High,95
1109,CodeChef,3.6,3.5,505,Hard,Yes,Occasionally,Free,2012,False,False,3,Low,62
1110,CodeChef,28.5,4.1,2283,Medium,No,Weekly,Paid,2022,True,False,8,Low,108
1111,CodeChef,25.4,3.8,3332,Hard,Yes,Biweekly,Paid,2022,False,False,2,High,100
1112,LeetCode,14.0,3.5,3505,Easy,Limited,Biweekly,Freemium,2014,False,True,5,Low,85
1113,CodeChef,26.0,3.9,1354,Hard,No,Biweekly,Free,2017,True,True,6,Low,102
1114,LeetCode,23.2,3.7,1766,Medium,Yes,Occasionally,Freemium,2016,False,False,6,High,106
1115,CodeChef,3.9,4.3,2030,Medium,Limited,Monthly,Paid,2021,True,True,1,Medium,68
1116,Codeforces,12.8,3.7,1850,Varied,No,Occasionally,Freemium,2016,True,True,4,Medium,79
1117,LeetCode,21.4,4.5,3400,Hard,No,Monthly,Paid,2007,True,True,10,Medium,109
1118,LeetCode,14.2,4.4,3020,Varied,Yes,Occasionally,Freemium,2017,True,True,7,Low,102
1119,LeetCode,23.4,3.5,1566,Varied,No,Occasionally,Paid,2009,False,True,7,High,98
1120,Codeforces,17.5,4.8,2666,Varied,Limited,Weekly,Paid,2015,False,False,2,Medium,93
1121,Codeforces,19.6,4.2,3827,Varied,Limited,Occasionally,Paid,2009,True,False,6,Medium,95
1122,Codeforces,20.4,4.7,3855,Hard,Yes,Occasionally,Free,2019,False,True,9,High,121
1123,Codeforces,27.1,3.5,2239,Varied,No,Monthly,Freemium,2008,True,True,10,High,113
1124,HackerRank,29.6,3.9,2732,Easy,No,Weekly,Free,2006,False,True,6,Low,109
1125,HackerRank,14.3,5.0,1822,Medium,Yes,Biweekly,Free,2021,True,False,7,High,106
1126,Codeforces,3.7,5.0,2002,Medium,Limited,Monthly,Free,2022,False,False,9,Low,85
1127,CodeChef,25.7,3.8,1591,Easy,Yes,Weekly,Paid,2019,False,False,2,High,103
1128,HackerRank,8.9,4.1,1006,Easy,No,Biweekly,Paid,2010,False,False,5,High,74
1129,Codeforces,18.9,3.5,3288,Hard,Yes,Monthly,Freemium,2005,True,True,3,Medium,94
1130,HackerRank,22.7,4.2,1613,Easy,No,Occasionally,Paid,2008,False,True,8,High,106
1131,HackerRank,6.1,5.0,3476,Easy,Limited,Occasionally,Free,2013,False,True,10,High,99
1132,LeetCode,12.0,4.9,1059,Easy,Yes,Monthly,Paid,2005,False,False,7,Low,96
1133,HackerRank,2.1,4.8,3826,Hard,No,Biweekly,Free,2018,True,False,7,Low,72
1134,CodeChef,16.2,4.2,3290,Medium,Limited,Biweekly,Free,2016,False,False,3,Medium,86
1135,HackerRank,16.9,3.9,726,Varied,Yes,Biweekly,Free,2006,True,True,6,Medium,100
1136,LeetCode,8.9,4.2,2759,Medium,Yes,Occasionally,Freemium,2017,True,False,3,High,83
1137,LeetCode,23.1,3.9,3410,Hard,Yes,Occasionally,Freemium,2013,False,True,5,High,111
1138,LeetCode,14.2,4.7,3134,Easy,Limited,Occasionally,Free,2007,False,False,9,High,101
1139,Codeforces,17.0,3.8,3762,Medium,Yes,Biweekly,Paid,2006,True,False,9,Medium,100
1140,LeetCode,29.4,3.9,2683,Easy,Yes,Weekly,Free,2009,False,True,5,High,121
1141,LeetCode,10.6,4.2,971,Varied,Limited,Biweekly,Paid,2015,True,True,3,Medium,82
1142,Codeforces,21.4,4.5,2600,Varied,Yes,Monthly,Paid,2011,False,True,3,Low,103
1143,HackerRank,12.8,4.1,3471,Medium,No,Occasionally,Paid,2007,False,True,2,Low,74
1144,LeetCode,28.7,4.1,3083,Easy,Yes,Biweekly,Free,2017,True,True,4,High,118
1145,HackerRank,22.2,4.7,3749,Medium,Limited,Weekly,Free,2005,True,False,8,Low,110
1146,Codeforces,12.4,4.4,773,Varied,No,Biweekly,Freemium,2006,True,False,9,Low,90
1147,HackerRank,4.3,3.7,2433,Varied,Limited,Monthly,Freemium,2007,False,True,4,Low,69
1148,HackerRank,10.7,3.6,1264,Hard,Yes,Biweekly,Freemium,2010,False,True,3,Medium,84
1149,CodeChef,24.5,3.8,2985,Hard,Limited,Biweekly,Freemium,2010,True,True,9,Medium,114
1150,CodeChef,4.2,4.0,3380,Varied,No,Biweekly,Freemium,2012,True,False,10,Low,75
1151,LeetCode,27.6,4.8,2622,Medium,Limited,Occasionally,Free,2010,True,True,4,High,117
1152,HackerRank,2.7,3.5,2005,Hard,No,Occasionally,Paid,2009,True,True,7,Medium,65
1153,HackerRank,27.0,4.1,2677,Hard,Limited,Occasionally,Free,2016,False,True,2,Medium,104
1154,CodeChef,17.6,4.9,1491,Varied,Yes,Weekly,Freemium,2014,True,True,9,Low,119
1155,CodeChef,14.5,4.1,895,Medium,Limited,Weekly,Free,2020,False,False,1,High,83
1156,Codeforces,10.5,4.2,1601,Medium,No,Monthly,Paid,2012,False,True,2,Medium,74
1157,CodeChef,11.7,3.7,2075,Hard,Yes,Biweekly,Paid,2009,False,False,6,Medium,85
1158,HackerRank,20.0,4.6,1143,Easy,Limited,Biweekly,Paid,2020,False,True,6,Medium,106
1159,HackerRank,9.6,4.1,2510,Hard,Yes,Monthly,Paid,2005,False,True,8,Low,91
1160,CodeChef,1.0,3.8,3751,Hard,No,Occasionally,Paid,2015,True,False,2,Low,48
1161,HackerRank,16.9,3.5,2895,Hard,Yes,Occasionally,Free,2005,True,False,4,Medium,86
1162,Codeforces,17.7,3.9,2791,Hard,No,Biweekly,Freemium,2021,True,False,7,Low,89
1163,HackerRank,12.3,4.5,2253,Medium,Limited,Occasionally,Freemium,2010,False,False,1,Low,78
1164,CodeChef,9.4,4.6,1454,Varied,Yes,Monthly,Freemium,2018,True,False,6,Medium,92
1165,CodeChef,22.2,4.4,2661,Easy,No,Biweekly,Freemium,2022,False,False,5,Low,96
1166,HackerRank,29.7,3.6,3472,Easy,No,Weekly,Freemium,2009,True,False,10,Low,112
1167,CodeChef,24.6,3.6,3515,Varied,Yes,Weekly,Freemium,2006,False,False,6,Low,106
1168,CodeChef,24.6,4.5,3699,Varied,Limited,Biweekly,Freemium,2022,True,True,9,Medium,121
1169,HackerRank,20.2,4.3,2287,Varied,Limited,Biweekly,Free,2019,True,False,1,High,91
1170,LeetCode,21.9,4.4,1004,Varied,Limited,Occasionally,Paid,2007,True,True,1,Medium,96
1171,LeetCode,13.3,4.4,1878,Easy,No,Monthly,Freemium,2007,True,False,6,High,88
1172,LeetCode,5.8,3.6,2806,Medium,Yes,Weekly,Paid,2005,True,True,7,High,86
1173,HackerRank,22.6,4.8,2623,Easy,No,Occasionally,Freemium,2021,True,False,1,Medium,94
1174,HackerRank,23.2,4.5,1914,Hard,Yes,Biweekly,Freemium,2021,True,False,4,Low,107
1175,LeetCode,20.2,4.1,3282,Hard,No,Monthly,Free,2008,True,False,6,Medium,91
1176,HackerRank,12.0,4.5,675,Easy,No,Monthly,Freemium,2009,True,True,3,Low,82
1177,Codeforces,21.9,4.2,3584,Easy,No,Monthly,Free,2005,False,True,1,Low,88
1178,LeetCode,9.4,4.8,2850,Varied,Limited,Occasionally,Freemium,2020,False,False,3,Low,81
1179,CodeChef,13.6,4.3,3780,Easy,No,Monthly,Freemium,2005,False,True,4,Medium,86
1180,CodeChef,15.8,4.6,553,Hard,Yes,Biweekly,Paid,2005,False,True,2,High,99
1181,Codeforces,22.3,4.8,1350,Medium,Limited,Monthly,Paid,2022,True,False,4,Low,99
1182,LeetCode,25.1,3.8,3026,Hard,Limited,Monthly,Freemium,2006,False,False,3,Low,95
1183,LeetCode,11.9,4.5,809,Easy,Limited,Biweekly,Paid,2006,False,True,7,High,97
1184,LeetCode,11.0,4.0,603,Easy,No,Biweekly,Freemium,2022,False,False,1,Medium,70
1185,LeetCode,22.3,4.4,3333,Medium,No,Occasionally,Freemium,2006,False,True,2,Low,94
1186,HackerRank,22.4,4.5,1812,Easy,Limited,Occasionally,Freemium,2021,True,True,8,Low,113
1187,CodeChef,12.2,4.0,3691,Hard,Yes,Monthly,Free,2010,False,True,1,Low,81
1188,LeetCode,27.3,3.5,2562,Varied,Yes,Biweekly,Free,2006,False,False,6,High,109
1189,LeetCode,24.2,4.5,1664,Hard,Limited,Biweekly,Freemium,2020,False,False,6,Medium,109
1190,HackerRank,27.4,4.9,1486,Easy,Yes,Weekly,Free,2015,False,False,1,Medium,113
1191,Codeforces,12.9,4.4,2010,Easy,No,Monthly,Free,2007,False,False,7,Low,83
1192,CodeChef,2.6,4.4,3292,Varied,Limited,Occasionally,Paid,2017,False,True,10,Low,83
1193,HackerRank,12.0,4.7,2331,Hard,Yes,Occasionally,Paid,2005,False,False,2,Medium,86
1194,LeetCode,10.4,4.5,1379,Varied,Limited,Monthly,Free,2015,True,False,10,High,96
1195,HackerRank,8.7,4.2,1620,Medium,No,Weekly,Free,2005,False,True,7,High,87
1196,Codeforces,7.4,3.8,2383,Varied,Limited,Weekly,Freemium,2021,False,True,5,Medium,82
1197,LeetCode,29.9,5.0,1519,Varied,Limited,Occasionally,Paid,2007,True,True,7,Low,124
1198,LeetCode,26.2,4.4,2254,Easy,Limited,Occasionally,Freemium,2012,False,True,6,Low,113
1199,LeetCode,8.2,4.2,2373,Hard,Limited,Weekly,Paid,2018,True,True,4,Low,80
1200,HackerRank,20.6,4.3,2632,Easy,Limited,Weekly,Free,2007,False,True,1,Low,95
1201,CodeChef,13.7,3.8,552,Hard,Limited,Weekly,Paid,2018,True,False,4,High,84
1202,Codeforces,26.5,4.3,1856,Medium,Limited,Biweekly,Freemium,2020,True,False,1,Medium,101
1203,HackerRank,21.0,3.5,2002,Easy,Limited,Biweekly,Freemium,2006,False,True,4,Low,94
1204,Codeforces,13.1,3.8,2127,Varied,Yes,Occasionally,Paid,2006,True,False,3,Low,79
1205,CodeChef,24.6,3.8,2574,Medium,Yes,Occasionally,Paid,2005,False,False,8,Low,106
1206,LeetCode,12.3,4.9,2694,Hard,Yes,Biweekly,Free,2020,True,True,9,Medium,109
1207,CodeChef,21.6,4.0,2936,Medium,Yes,Monthly,Paid,2015,False,True,4,High,104
1208,Codeforces,14.7,4.4,969,Easy,No,Weekly,Paid,2005,False,True,5,High,93
1209,CodeChef,5.4,4.5,1718,Hard,Yes,Biweekly,Free,2010,False,True,10,High,99
1210,CodeChef,26.6,4.0,2259,Varied,Yes,Weekly,Paid,2020,False,False,5,High,112
1211,Codeforces,18.6,4.8,923,Varied,Yes,Biweekly,Freemium,2017,False,True,9,Medium,120
1212,CodeChef,6.3,3.6,3007,Easy,Limited,Monthly,Freemium,2016,True,True,8,High,83
1213,LeetCode,7.6,5.0,3905,Medium,Limited,Biweekly,Free,2014,False,True,7,Low,92
1214,LeetCode,23.1,3.7,1577,Medium,No,Biweekly,Paid,2014,False,True,7,Low,97
1215,HackerRank,22.1,4.7,2313,Hard,Limited,Biweekly,Free,2018,False,False,4,High,104
1216,CodeChef,26.2,4.1,2861,Hard,No,Biweekly,Free,2015,True,False,10,Medium,109
1217,CodeChef,28.5,4.8,3393,Hard,No,Occasionally,Paid,2013,True,True,6,Low,113
1218,CodeChef,19.1,4.3,1783,Medium,No,Occasionally,Paid,2020,True,False,5,Medium,89
1219,CodeChef,3.2,4.1,1431,Medium,Yes,Occasionally,Paid,2010,False,False,10,High,85
1220,HackerRank,16.7,4.1,2944,Varied,No,Monthly,Paid,2009,False,True,5,High,90
1221,HackerRank,15.2,4.2,2398,Easy,Yes,Monthly,Freemium,2021,False,False,10,Medium,105
1222,Codeforces,14.4,3.6,3231,Varied,Yes,Weekly,Free,2015,False,True,9,High,104
1223,HackerRank,14.3,4.0,1033,Easy,Limited,Weekly,Freemium,2009,False,False,8,High,97
1224,HackerRank,2.2,3.8,2781,Hard,Limited,Occasionally,Free,2018,True,False,8,High,72
1225,HackerRank,23.0,4.1,3086,Medium,Yes,Weekly,Free,2018,False,True,1,Low,102
1226,HackerRank,14.4,3.7,3952,Varied,Yes,Monthly,Paid,2011,False,False,10,Medium,96
1227,CodeChef,7.5,4.6,3833,Easy,Yes,Monthly,Freemium,2007,False,True,3,Medium,88
1228,Codeforces,22.3,3.5,1737,Hard,No,Biweekly,Freemium,2014,True,False,6,Low,89
1229,Codeforces,20.2,3.7,2138,Easy,No,Occasionally,Freemium,2013,True,True,8,High,100
1230,CodeChef,11.6,5.0,1723,Medium,No,Monthly,Free,2019,True,False,3,Low,79
1231,LeetCode,25.8,5.0,1729,Easy,Yes,Occasionally,Paid,2007,True,False,8,High,124
1232,CodeChef,3.4,4.1,2267,Hard,Limited,Weekly,Paid,2015,True,False,7,High,77
1233,LeetCode,12.3,4.9,2369,Easy,Limited,Weekly,Free,2014,False,True,9,High,108
1234,HackerRank,14.1,5.0,1287,Medium,No,Biweekly,Free,2015,True,True,9,High,105
1235,HackerRank,23.4,4.1,3721,Easy,Yes,Biweekly,Free,2013,True,False,8,High,113
1236,CodeChef,22.3,4.8,1340,Medium,Yes,Biweekly,Freemium,2019,True,True,6,High,121
1237,LeetCode,25.9,5.0,1593,Hard,Yes,Occasionally,Paid,2018,False,True,10,High,133
1238,HackerRank,22.0,4.8,3630,Varied,No,Biweekly,Free,2015,False,True,8,Low,109
1239,CodeChef,3.8,3.9,928,Hard,Limited,Occasionally,Paid,2007,True,False,10,Low,75
1240,Codeforces,2.6,4.3,1654,Easy,Yes,Biweekly,Free,2021,True,True,9,Medium,89
1241,HackerRank,22.8,4.2,1937,Easy,Limited,Occasionally,Freemium,2013,False,True,3,High,104
1242,LeetCode,1.5,3.7,896,Medium,Yes,Occasionally,Paid,2007,True,False,1,Medium,58
1243,LeetCode,5.0,4.3,3666,Medium,Limited,Monthly,Paid,2013,True,True,8,Low,82
1244,CodeChef,6.8,3.5,2442,Hard,No,Weekly,Free,2020,False,False,2,Medium,60
1245,CodeChef,26.0,4.6,1373,Varied,Limited,Occasionally,Paid,2005,True,False,1,High,101
1246,Codeforces,27.1,4.7,2380,Varied,Limited,Monthly,Freemium,2012,False,False,4,High,113
1247,LeetCode,1.1,3.8,750,Hard,Yes,Monthly,Freemium,2021,False,True,5,Medium,75
1248,LeetCode,1.9,3.9,2336,Hard,Limited,Weekly,Paid,2011,False,True,2,High,68
1249,HackerRank,29.6,4.2,3845,Hard,Yes,Occasionally,Freemium,2006,True,False,1,High,110
1250,HackerRank,12.8,4.2,1177,Medium,Yes,Weekly,Free,2016,False,False,2,High,88
1251,LeetCode,13.1,4.0,998,Hard,No,Occasionally,Free,2007,True,False,3,High,76
1252,LeetCode,25.6,4.7,3131,Hard,No,Biweekly,Free,2008,True,False,6,High,108
1253,HackerRank,23.8,3.9,1743,Varied,Limited,Monthly,Freemium,2018,False,True,9,Low,111
1254,LeetCode,11.6,4.4,1549,Easy,No,Biweekly,Free,2007,True,False,7,Low,82
1255,CodeChef,2.9,4.1,1765,Medium,Limited,Occasionally,Free,2015,True,False,10,Medium,78
1256,HackerRank,23.2,4.5,3772,Varied,Limited,Biweekly,Paid,2014,False,False,9,Medium,111
1257,LeetCode,23.0,3.5,2193,Varied,Limited,Monthly,Freemium,2017,True,False,7,Low,96
1258,CodeChef,15.5,3.5,2574,Easy,No,Monthly,Freemium,2020,True,False,3,Medium,74
1259,HackerRank,8.2,4.7,3078,Medium,Yes,Monthly,Freemium,2015,False,False,6,High,93
1260,LeetCode,16.9,4.4,1410,Easy,Yes,Biweekly,Paid,2020,False,True,4,Medium,100
1261,Codeforces,28.5,4.3,1013,Medium,No,Occasionally,Free,2014,False,True,7,Medium,113
1262,CodeChef,15.9,3.6,2372,Easy,No,Monthly,Free,2020,True,True,4,High,83
1263,CodeChef,11.1,3.7,2011,Hard,No,Occasionally,Free,2008,False,False,10,Medium,82
1264,LeetCode,19.2,4.2,3347,Medium,Limited,Weekly,Free,2016,False,False,4,Medium,95
1265,LeetCode,26.1,3.5,3604,Varied,Yes,Weekly,Free,2014,False,True,4,High,110
1266,HackerRank,4.3,5.0,2933,Easy,Limited,Monthly,Paid,2013,False,True,7,Low,85
1267,CodeChef,25.1,4.7,3558,Easy,Yes,Weekly,Free,2005,False,True,5,Low,119
1268,Codeforces,26.9,4.4,3425,Hard,Limited,Weekly,Paid,2017,True,False,3,High,107
1269,CodeChef,28.4,4.1,2346,Easy,No,Monthly,Paid,2021,False,False,7,Medium,105
1270,HackerRank,22.9,4.7,538,Hard,Limited,Occasionally,Free,2016,True,False,3,Medium,100
1271,CodeChef,11.1,4.1,3232,Easy,No,Occasionally,Free,2005,True,True,9,Medium,89
1272,HackerRank,8.9,4.8,2014,Hard,Limited,Weekly,Paid,2005,False,True,8,Low,95
1273,LeetCode,1.5,4.4,680,Varied,Limited,Biweekly,Free,2020,False,False,5,Low,68
1274,CodeChef,26.8,3.9,2209,Easy,No,Monthly,Paid,2019,False,True,9,Medium,109
1275,HackerRank,1.7,4.1,862,Hard,Limited,Weekly,Free,2005,True,True,5,Medium,75
1276,LeetCode,15.3,3.7,3427,Easy,Yes,Monthly,Paid,2011,True,False,7,High,93
1277,LeetCode,21.2,3.8,2076,Easy,No,Weekly,Free,2008,False,True,8,High,104
1278,CodeChef,10.0,4.3,3004,Varied,Yes,Occasionally,Free,2019,True,True,9,Medium,99
1279,Codeforces,7.2,4.5,870,Easy,Yes,Monthly,Paid,2022,False,False,3,Medium,79
1280,CodeChef,19.9,4.7,2418,Varied,Limited,Occasionally,Free,2013,False,False,6,Low,100
1281,LeetCode,3.7,4.8,969,Easy,Yes,Monthly,Free,2005,True,True,2,High,83
1282,CodeChef,14.4,3.8,1412,Medium,No,Biweekly,Freemium,2007,True,True,10,High,98
1283,LeetCode,17.5,4.2,2350,Varied,Yes,Monthly,Free,2020,True,True,10,Medium,111
1284,CodeChef,9.9,4.5,2587,Varied,No,Monthly,Paid,2020,True,False,6,High,81
1285,HackerRank,15.2,4.8,1033,Varied,Yes,Biweekly,Paid,2005,True,False,7,Low,101
1286,CodeChef,2.4,3.7,2657,Hard,No,Monthly,Free,2006,False,True,8,Low,68
1287,Codeforces,29.3,3.8,3277,Hard,No,Monthly,Free,2019,True,False,10,High,112
1288,CodeChef,15.8,4.5,985,Easy,No,Weekly,Freemium,2009,False,False,6,High,96
1289,HackerRank,12.7,4.9,1338,Varied,No,Occasionally,Paid,2005,True,False,8,Medium,91
1290,Codeforces,8.6,4.6,1416,Medium,No,Occasionally,Paid,2019,True,False,4,High,76
1291,CodeChef,6.1,4.7,2425,Easy,Limited,Weekly,Paid,2018,False,False,6,Medium,83
1292,HackerRank,8.7,4.8,1351,Easy,Yes,Weekly,Freemium,2016,True,True,10,High,111
1293,HackerRank,19.6,3.8,3976,Medium,No,Monthly,Free,2021,True,True,7,Low,92
1294,CodeChef,29.3,3.6,1551,Easy,No,Occasionally,Paid,2015,False,True,3,High,100
1295,LeetCode,1.7,4.2,3962,Medium,No,Monthly,Free,2018,True,True,8,Medium,74
1296,CodeChef,6.8,4.1,3529,Medium,Yes,Occasionally,Free,2013,False,True,6,Low,84
1297,LeetCode,27.1,4.6,1663,Medium,Limited,Weekly,Freemium,2013,True,True,6,Low,120
1298,CodeChef,28.6,4.5,651,Medium,Limited,Weekly,Free,2022,True,True,9,High,129
1299,Codeforces,11.4,4.9,3964,Hard,No,Monthly,Freemium,2022,False,True,9,High,101
1300,Codeforces,18.9,3.5,3898,Easy,Limited,Monthly,Paid,2014,False,True,2,High,86
1301,CodeChef,16.1,5.0,2561,Varied,Limited,Monthly,Freemium,2020,True,True,5,Low,102
1302,CodeChef,14.6,3.9,2274,Varied,Yes,Weekly,Paid,2018,True,True,8,Medium,102
1303,CodeChef,26.4,4.6,3823,Varied,Limited,Biweekly,Free,2022,False,True,4,High,115
1304,LeetCode,15.7,3.6,1819,Easy,No,Weekly,Freemium,2006,True,True,1,Low,78
1305,HackerRank,1.6,4.1,1065,Easy,Limited,Monthly,Free,2006,False,False,5,High,68
1306,LeetCode,25.8,4.6,1387,Medium,Limited,Weekly,Freemium,2006,True,True,6,Low,118
1307,LeetCode,15.3,3.7,3928,Easy,No,Weekly,Paid,2020,False,False,7,Low,82
1308,LeetCode,24.9,4.9,2653,Medium,Limited,Occasionally,Free,2015,True,True,1,High,108
1309,HackerRank,22.7,3.7,662,Varied,Limited,Occasionally,Paid,2007,True,True,9,High,108
1310,HackerRank,16.3,3.9,3263,Easy,Yes,Weekly,Free,2012,True,True,3,Low,93
1311,HackerRank,27.4,4.1,3828,Varied,Yes,Weekly,Paid,2017,True,True,8,Low,121
1312,Codeforces,1.7,4.5,1963,Varied,Yes,Weekly,Paid,2009,False,True,4,High,83
1313,Codeforces,11.4,4.9,2374,Medium,No,Monthly,Paid,2017,False,False,10,Low,91
1314,HackerRank,24.4,4.0,3731,Easy,Yes,Weekly,Paid,2021,True,False,3,High,105
1315,LeetCode,11.3,4.0,1812,Medium,Limited,Monthly,Freemium,2020,True,True,8,High,95
1316,CodeChef,15.6,4.9,1656,Easy,No,Monthly,Free,2009,False,False,10,High,102
1317,LeetCode,14.7,3.9,2889,Medium,Limited,Occasionally,Paid,2015,False,True,4,Low,84
1318,HackerRank,13.9,4.5,1804,Hard,No,Occasionally,Paid,2017,True,False,4,Medium,81
1319,HackerRank,20.8,4.4,907,Easy,Limited,Weekly,Free,2014,True,False,2,Medium,95
1320,HackerRank,3.4,3.8,3786,Easy,No,Biweekly,Paid,2007,True,False,10,Low,69
1321,LeetCode,20.4,4.7,3509,Easy,Yes,Biweekly,Paid,2015,False,True,10,High,123
1322,LeetCode,8.3,4.9,2154,Easy,No,Biweekly,Paid,2013,True,False,3,High,77
1323,CodeChef,6.0,3.7,532,Easy,No,Biweekly,Paid,2020,True,False,2,Medium,58
1324,HackerRank,14.8,4.3,3303,Medium,Limited,Biweekly,Free,2022,True,True,9,Medium,102
1325,HackerRank,1.7,5.0,1306,Easy,Limited,Biweekly,Paid,2019,False,True,10,Low,89
1326,HackerRank,9.0,4.5,867,Medium,No,Biweekly,Freemium,2021,True,False,1,High,74
1327,HackerRank,16.6,4.1,3277,Medium,No,Weekly,Paid,2012,False,True,10,Medium,101
1328,Codeforces,16.3,3.8,1304,Hard,Yes,Weekly,Paid,2022,False,False,1,High,86
1329,CodeChef,10.6,4.5,2974,Varied,No,Weekly,Free,2017,False,True,3,High,85
1330,HackerRank,22.9,3.5,3206,Medium,Yes,Weekly,Freemium,2009,True,False,6,Low,102
1331,CodeChef,17.4,4.0,3480,Easy,No,Weekly,Free,2007,True,False,3,High,85
1332,Codeforces,29.0,4.8,781,Varied,No,Biweekly,Freemium,2007,False,False,7,High,118
1333,LeetCode,13.5,4.7,3209,Medium,Yes,Monthly,Freemium,2007,True,False,3,High,95
1334,Codeforces,27.0,4.2,734,Hard,Yes,Weekly,Freemium,2015,True,True,6,Medium,122
1335,CodeChef,22.7,4.2,2875,Varied,Yes,Occasionally,Paid,2011,False,True,1,Medium,100
1336,LeetCode,21.5,4.5,1176,Varied,Yes,Occasionally,Paid,2005,True,True,1,Low,99
1337,Codeforces,27.9,4.4,2228,Medium,Yes,Biweekly,Paid,2018,True,True,10,High,131
1338,LeetCode,26.1,3.7,2006,Hard,Limited,Monthly,Freemium,2008,True,True,2,Low,98
1339,CodeChef,20.2,4.5,2475,Hard,No,Weekly,Free,2007,False,True,7,Medium,105
1340,Codeforces,23.9,4.1,3318,Varied,Limited,Weekly,Paid,2020,False,True,1,Low,97
1341,Codeforces,27.0,3.8,992,Varied,Limited,Biweekly,Paid,2013,False,False,1,Medium,94
1342,LeetCode,13.3,4.9,2423,Easy,No,Weekly,Free,2013,True,True,1,Low,85
1343,CodeChef,15.0,4.8,1392,Varied,Limited,Weekly,Freemium,2006,False,True,1,Low,94
1344,CodeChef,17.4,4.3,1687,Easy,Limited,Weekly,Free,2019,False,True,8,High,108
1345,Codeforces,29.9,4.6,3215,Varied,No,Occasionally,Freemium,2009,True,True,4,Low,112
1346,HackerRank,18.8,4.6,3938,Hard,No,Monthly,Free,2011,True,False,4,High,92
1347,HackerRank,1.8,3.7,2772,Medium,No,Occasionally,Paid,2020,False,True,1,Medium,54
1348,HackerRank,4.0,3.7,529,Medium,Limited,Weekly,Free,2005,True,True,2,Low,66
1349,LeetCode,26.3,4.0,2095,Medium,Limited,Biweekly,Freemium,2006,True,False,4,Low,101
1350,CodeChef,27.9,3.5,3283,Hard,Yes,Monthly,Free,2007,True,True,6,High,114
1351,LeetCode,28.1,4.3,3396,Medium,Yes,Monthly,Freemium,2019,False,True,10,High,132
1352,CodeChef,20.2,4.1,964,Varied,Yes,Weekly,Free,2019,False,False,7,Medium,106
1353,CodeChef,12.9,4.0,1508,Medium,Yes,Biweekly,Free,2016,False,False,8,Low,92
1354,Codeforces,14.0,4.8,2621,Hard,No,Biweekly,Paid,2012,True,False,10,High,99
1355,Codeforces,8.1,4.4,3007,Hard,No,Biweekly,Paid,2009,False,False,8,Low,78
1356,CodeChef,14.9,4.5,2234,Easy,Limited,Monthly,Paid,2011,False,False,8,Medium,95
1357,HackerRank,21.5,4.9,2743,Varied,Limited,Biweekly,Free,2009,False,True,1,Low,100
1358,LeetCode,2.3,4.5,2149,Medium,No,Biweekly,Freemium,2018,False,True,7,Medium,78
1359,CodeChef,13.4,4.3,3942,Hard,Limited,Occasionally,Freemium,2006,False,False,7,Medium,92
1360,Codeforces,15.7,4.3,2796,Varied,No,Weekly,Freemium,2017,False,True,6,Low,95
1361,Codeforces,5.2,3.6,3660,Varied,Yes,Biweekly,Free,2011,True,False,6,Low,73
1362,CodeChef,5.1,4.4,1497,Medium,No,Occasionally,Freemium,2015,False,True,1,Medium,69
1363,CodeChef,18.6,3.8,2797,Varied,Limited,Biweekly,Freemium,2009,True,True,5,Medium,97
1364,CodeChef,18.8,3.7,1909,Varied,No,Biweekly,Free,2015,False,False,3,Low,78
1365,CodeChef,14.8,4.8,3485,Hard,No,Weekly,Freemium,2015,True,False,4,Low,89
1366,LeetCode,21.3,4.6,3077,Medium,Yes,Biweekly,Freemium,2007,False,False,8,High,117
1367,LeetCode,10.8,4.4,1180,Medium,Yes,Weekly,Freemium,2007,False,False,9,High,103
1368,Codeforces,14.2,4.4,1688,Varied,Limited,Weekly,Freemium,2005,False,True,1,High,92
1369,Codeforces,9.3,3.8,1898,Varied,No,Biweekly,Paid,2015,False,False,2,Medium,64
1370,LeetCode,27.7,3.6,2469,Varied,Yes,Biweekly,Paid,2021,True,False,6,Low,106
1371,LeetCode,21.6,4.0,2457,Easy,Yes,Monthly,Free,2018,True,False,7,Low,102
1372,LeetCode,4.2,5.0,2819,Varied,Yes,Biweekly,Paid,2020,False,True,10,Medium,99
1373,Codeforces,16.9,3.7,860,Varied,Limited,Biweekly,Freemium,2014,False,False,10,Medium,98
1374,HackerRank,29.2,4.1,2744,Varied,No,Biweekly,Freemium,2006,False,True,8,Medium,117
1375,Codeforces,5.8,3.6,2996,Medium,No,Occasionally,Freemium,2007,False,False,7,High,71
1376,HackerRank,27.3,4.1,2156,Hard,No,Monthly,Free,2005,True,True,6,High,109
1377,HackerRank,12.8,4.5,3979,Hard,Limited,Monthly,Paid,2018,True,True,1,Low,81
1378,Codeforces,2.0,3.9,3672,Hard,Yes,Weekly,Free,2012,True,False,7,High,79
1379,Codeforces,20.6,4.7,1256,Easy,No,Occasionally,Paid,2013,True,True,2,High,96
1380,LeetCode,17.0,4.6,2678,Hard,Yes,Weekly,Paid,2019,False,False,8,High,110
1381,HackerRank,20.8,4.6,2335,Easy,Yes,Monthly,Free,2013,True,False,2,High,101
1382,HackerRank,14.7,4.3,2996,Easy,Limited,Biweekly,Paid,2006,False,True,1,Low,83
1383,LeetCode,25.5,4.2,883,Hard,Limited,Biweekly,Free,2006,True,False,9,High,114
1384,CodeChef,24.9,4.0,2896,Medium,Limited,Monthly,Freemium,2008,True,True,8,High,115
1385,LeetCode,27.1,4.4,3426,Varied,No,Biweekly,Paid,2016,False,False,9,High,113
1386,HackerRank,16.8,3.8,2189,Varied,No,Biweekly,Paid,2012,True,True,4,High,86
1387,CodeChef,8.7,3.7,1503,Medium,Yes,Monthly,Paid,2009,True,False,9,Low,83
1388,HackerRank,22.7,4.2,3399,Varied,Yes,Monthly,Free,2018,False,True,1,High,103
1389,CodeChef,16.8,4.5,1397,Easy,Limited,Biweekly,Freemium,2022,True,True,3,Medium,97
1390,Codeforces,8.5,3.8,3391,Hard,No,Occasionally,Paid,2005,False,False,4,Low,64
1391,Codeforces,28.7,3.6,2306,Varied,No,Monthly,Freemium,2018,False,False,5,Medium,99
1392,CodeChef,19.1,4.8,2107,Easy,Yes,Biweekly,Paid,2021,True,False,8,Medium,111
1393,LeetCode,22.2,4.2,3278,Hard,Yes,Monthly,Paid,2015,True,False,3,Medium,98
1394,LeetCode,6.5,3.7,2248,Medium,Limited,Occasionally,Free,2020,True,True,5,Medium,75
1395,HackerRank,2.7,3.8,1748,Easy,Yes,Biweekly,Paid,2022,True,False,8,Medium,76
1396,LeetCode,6.4,3.5,2169,Medium,Yes,Weekly,Paid,2022,False,True,4,Medium,78
1397,Codeforces,22.5,5.0,2753,Medium,Limited,Weekly,Free,2020,False,True,1,Low,105
1398,LeetCode,25.1,5.0,3093,Hard,No,Biweekly,Paid,2013,False,False,6,Low,106
1399,HackerRank,16.0,4.3,1621,Medium,No,Weekly,Free,2006,True,True,10,Medium,103
1400,CodeChef,16.8,4.0,1436,Medium,No,Biweekly,Paid,2016,True,False,9,Medium,91
1401,Codeforces,23.8,3.8,553,Varied,No,Weekly,Free,2014,False,True,7,Low,102
1402,Codeforces,11.4,4.4,3006,Varied,Yes,Occasionally,Paid,2005,False,True,8,Low,97
1403,CodeChef,16.9,3.9,2486,Hard,Yes,Occasionally,Freemium,2013,False,True,5,Medium,99
1404,LeetCode,9.8,3.6,3262,Easy,Yes,Monthly,Freemium,2021,True,True,9,Medium,94
1405,LeetCode,10.2,4.1,2734,Varied,Limited,Monthly,Freemium,2014,True,True,6,Low,86
1406,Codeforces,7.9,3.9,3962,Hard,Limited,Biweekly,Freemium,2016,True,True,9,Low,88
1407,HackerRank,3.6,4.8,2139,Hard,No,Monthly,Freemium,2007,True,False,5,Low,71
1408,CodeChef,17.9,3.8,2624,Medium,Limited,Biweekly,Freemium,2006,True,True,1,Medium,88
1409,CodeChef,28.2,4.7,3692,Easy,Yes,Biweekly,Freemium,2011,True,False,7,High,126
1410,Codeforces,18.8,4.4,2505,Hard,Yes,Monthly,Paid,2014,False,True,5,High,106
1411,HackerRank,14.8,3.6,2823,Hard,No,Occasionally,Paid,2010,True,True,9,Medium,88
1412,Codeforces,29.9,4.1,3591,Hard,Yes,Occasionally,Freemium,2019,True,True,9,High,131
1413,Codeforces,25.6,4.9,652,Hard,No,Occasionally,Free,2021,True,True,9,High,120
1414,CodeChef,14.5,3.9,3711,Hard,No,Weekly,Paid,2013,True,True,6,High,90
1415,CodeChef,6.6,5.0,974,Medium,No,Monthly,Freemium,2006,True,True,1,High,79
1416,LeetCode,18.2,4.8,2638,Hard,Yes,Weekly,Paid,2010,False,False,4,Low,101
1417,HackerRank,29.1,4.1,2359,Easy,No,Occasionally,Free,2020,False,False,8,Low,107
1418,HackerRank,21.1,3.6,3911,Medium,No,Biweekly,Freemium,2022,False,False,3,Medium,85
1419,LeetCode,21.7,4.4,3238,Varied,No,Occasionally,Freemium,2009,True,True,3,Medium,98
1420,CodeChef,11.2,4.6,2700,Varied,Yes,Biweekly,Freemium,2007,False,False,4,High,94
1421,CodeChef,2.0,4.9,1997,Varied,No,Occasionally,Freemium,2010,False,False,1,Medium,64
1422,LeetCode,27.8,3.9,1957,Varied,Yes,Biweekly,Paid,2017,False,False,4,Low,105
1423,HackerRank,4.8,4.4,884,Easy,No,Biweekly,Freemium,2018,True,True,6,Medium,79
1424,HackerRank,5.1,3.8,2042,Hard,Limited,Occasionally,Paid,2020,True,True,10,Low,81
1425,Codeforces,23.1,5.0,1058,Medium,Yes,Monthly,Paid,2014,True,True,6,Low,117
1426,Codeforces,14.4,3.8,1582,Hard,Limited,Biweekly,Freemium,2006,True,False,7,High,92
1427,HackerRank,11.4,4.3,2008,Easy,No,Monthly,Paid,2010,False,True,7,Low,84
1428,LeetCode,12.2,4.7,655,Medium,Yes,Occasionally,Free,2021,False,True,1,High,92
1429,Codeforces,8.4,4.4,2974,Medium,Limited,Monthly,Paid,2009,False,False,6,Medium,81
1430,Codeforces,9.7,4.0,753,Easy,No,Biweekly,Paid,2022,False,False,7,Low,75
1431,HackerRank,27.9,4.6,2533,Easy,Limited,Occasionally,Free,2013,True,False,1,High,105
1432,HackerRank,11.2,4.2,3630,Easy,Yes,Biweekly,Paid,2019,True,True,4,Low,88
1433,LeetCode,6.8,4.5,920,Hard,Limited,Biweekly,Free,2016,False,True,10,High,96
1434,Codeforces,14.1,4.3,1621,Easy,Yes,Weekly,Free,2009,True,False,4,Low,91
1435,CodeChef,14.4,3.5,1673,Varied,Limited,Biweekly,Paid,2021,False,False,10,High,92
1436,CodeChef,7.1,3.8,1820,Easy,Limited,Biweekly,Paid,2005,True,False,4,High,72
1437,LeetCode,18.6,3.8,1046,Medium,Yes,Monthly,Free,2016,True,False,8,Medium,100
1438,HackerRank,27.8,4.2,1178,Varied,Limited,Monthly,Free,2006,False,True,2,High,108
1439,CodeChef,28.4,4.1,3506,Easy,Yes,Monthly,Freemium,2018,True,True,6,Low,119
1440,Codeforces,10.7,3.7,1678,Varied,Yes,Occasionally,Freemium,2018,False,False,8,High,91
1441,CodeChef,30.0,3.7,563,Easy,No,Biweekly,Free,2016,True,True,7,Low,108
1442,Codeforces,15.2,4.6,2323,Hard,No,Monthly,Freemium,2010,False,False,4,Medium,87
1443,LeetCode,18.4,4.2,1091,Easy,No,Biweekly,Free,2011,False,True,4,High,94
1444,CodeChef,6.3,4.9,1210,Easy,No,Weekly,Free,2014,False,True,8,High,92
1445,Codeforces,14.9,3.5,3246,Easy,No,Biweekly,Free,2018,True,False,9,High,86
1446,HackerRank,23.5,3.7,589,Easy,No,Weekly,Paid,2016,False,True,2,Medium,91
1447,LeetCode,23.9,3.7,1428,Varied,Yes,Occasionally,Freemium,2009,True,False,6,Low,103
1448,HackerRank,28.5,4.7,890,Medium,No,Weekly,Paid,2018,False,False,2,Medium,104
1449,CodeChef,26.3,3.6,3818,Varied,No,Occasionally,Free,2006,True,False,6,Low,93
1450,Codeforces,29.3,4.7,1209,Medium,Limited,Biweekly,Paid,2017,False,False,8,High,122
1451,HackerRank,4.9,4.0,948,Hard,Limited,Occasionally,Freemium,2019,False,True,2,Low,69
1452,Codeforces,17.7,4.8,1937,Varied,No,Occasionally,Free,2007,True,True,1,Medium,90
1453,CodeChef,10.1,4.5,3396,Hard,No,Biweekly,Freemium,2017,False,True,6,High,90
1454,CodeChef,7.2,3.7,2513,Easy,Yes,Weekly,Paid,2014,False,False,5,High,80
1455,LeetCode,27.6,3.8,3028,Easy,No,Weekly,Paid,2021,True,True,4,Low,100
1456,HackerRank,10.3,4.9,1155,Medium,Limited,Monthly,Free,2009,False,False,10,High,99
1457,LeetCode,21.8,4.9,779,Medium,Limited,Monthly,Paid,2020,False,True,1,Low,99
1458,CodeChef,13.3,5.0,2157,Varied,No,Weekly,Paid,2005,False,False,1,Medium,82
1459,LeetCode,10.6,3.9,1217,Varied,Limited,Biweekly,Paid,2015,True,True,9,Low,89
1460,LeetCode,17.5,4.9,2992,Medium,Limited,Occasionally,Paid,2007,False,False,3,Medium,93
1461,HackerRank,28.6,4.7,640,Varied,No,Monthly,Free,2008,False,False,3,Low,102
1462,LeetCode,29.0,3.8,3982,Varied,No,Occasionally,Paid,2018,False,True,8,Medium,110
1463,HackerRank,12.7,3.8,3777,Hard,Limited,Weekly,Paid,2020,True,False,8,Medium,88
1464,Codeforces,9.0,3.8,1363,Medium,No,Biweekly,Paid,2006,True,False,5,High,72
1465,Codeforces,17.6,3.9,1860,Hard,Limited,Occasionally,Free,2010,False,False,5,Low,86
1466,Codeforces,15.2,4.8,3005,Hard,Limited,Monthly,Free,2016,True,False,10,Medium,104
1467,Codeforces,9.3,4.1,1252,Medium,Limited,Monthly,Paid,2014,False,True,3,Low,76
1468,CodeChef,7.9,4.2,1387,Hard,No,Occasionally,Free,2018,False,True,6,Medium,79
1469,CodeChef,27.9,3.7,1972,Easy,No,Monthly,Freemium,2011,True,True,2,High,100
1470,LeetCode,28.2,4.5,3386,Varied,Yes,Weekly,Paid,2020,False,True,2,Medium,116
1471,Codeforces,14.1,3.5,2339,Hard,No,Weekly,Freemium,2012,True,False,1,Medium,71
1472,Codeforces,12.9,4.3,3303,Medium,Limited,Occasionally,Paid,2008,False,False,9,High,94
1473,LeetCode,28.8,4.7,4000,Hard,Limited,Monthly,Freemium,2008,True,False,1,Medium,107
1474,HackerRank,25.8,3.5,1283,Easy,Yes,Biweekly,Paid,2014,True,False,3,Low,96
1475,CodeChef,24.6,4.6,616,Varied,No,Biweekly,Freemium,2022,True,True,3,Low,103
1476,HackerRank,12.4,4.8,2898,Varied,No,Weekly,Paid,2018,False,True,5,High,94
1477,LeetCode,6.7,4.1,3649,Easy,Limited,Monthly,Paid,2015,False,True,6,Low,78
1478,HackerRank,19.1,3.9,3368,Varied,Yes,Monthly,Paid,2007,False,False,6,Medium,97
1479,CodeChef,19.7,3.6,2820,Varied,No,Weekly,Paid,2008,False,True,9,Low,97
1480,LeetCode,20.0,4.8,2596,Medium,Limited,Monthly,Paid,2014,True,True,10,Low,113
1481,LeetCode,1.5,4.6,2301,Varied,Yes,Monthly,Paid,2015,False,False,1,Medium,67
1482,LeetCode,23.0,4.4,3151,Medium,Yes,Weekly,Free,2005,False,True,1,High,108
1483,HackerRank,29.3,4.1,1494,Easy,Yes,Biweekly,Freemium,2017,True,True,7,Low,123
1484,LeetCode,22.5,4.4,2221,Hard,Limited,Weekly,Free,2022,False,True,10,High,121
1485,CodeChef,18.1,3.5,3327,Easy,No,Weekly,Free,2014,False,False,5,Medium,83
1486,HackerRank,4.0,4.8,2335,Hard,No,Monthly,Free,2011,False,False,9,Medium,80
1487,HackerRank,29.5,4.6,1220,Easy,Yes,Weekly,Paid,2005,True,False,9,Medium,128
1488,CodeChef,22.3,4.2,2619,Easy,Limited,Occasionally,Paid,2018,True,True,10,Medium,112
1489,Codeforces,2.3,4.5,3796,Hard,Yes,Biweekly,Paid,2019,False,True,6,Low,81
1490,HackerRank,9.5,4.0,2431,Hard,Yes,Monthly,Freemium,2022,True,False,6,Medium,86
1491,LeetCode,25.4,3.8,2786,Easy,Yes,Occasionally,Paid,2015,True,False,10,High,115
1492,LeetCode,9.6,3.9,2148,Varied,Limited,Monthly,Free,2011,True,False,4,Medium,74
1493,Codeforces,29.0,3.8,2828,Varied,Yes,Monthly,Freemium,2021,False,False,4,Medium,110
1494,HackerRank,17.2,4.8,3198,Hard,Yes,Biweekly,Freemium,2005,False,True,3,Medium,106
1495,CodeChef,14.2,4.3,3791,Medium,Limited,Occasionally,Freemium,2008,False,True,4,Low,90
1496,CodeChef,18.6,4.6,2755,Hard,Limited,Occasionally,Paid,2011,False,False,5,Medium,96
1497,Codeforces,1.6,4.9,1663,Medium,Limited,Occasionally,Freemium,2014,True,False,1,High,70
1498,CodeChef,1.0,4.8,2293,Varied,Limited,Biweekly,Freemium,2015,True,False,3,Medium,72
1499,HackerRank,8.4,3.6,1094,Hard,Yes,Biweekly,Free,2019,False,False,4,High,78
1500,Codeforces,16.4,4.5,3976,Hard,No,Monthly,Free,2020,True,False,2,High,84
1501,LeetCode,18.5,4.6,2322,Easy,No,Monthly,Freemium,2009,True,True,5,Medium,99
1502,LeetCode,19.7,4.1,2651,Hard,Yes,Weekly,Paid,2009,True,False,3,Medium,97
1503,HackerRank,13.1,3.6,2873,Medium,Yes,Occasionally,Paid,2015,True,True,5,Low,86
1504,LeetCode,15.0,4.6,1786,Varied,Limited,Occasionally,Paid,2007,False,True,1,Medium,88
1505,CodeChef,21.2,4.1,521,Easy,Yes,Weekly,Free,2018,False,True,5,Low,107
1506,LeetCode,25.9,4.2,757,Hard,Yes,Biweekly,Free,2018,False,True,1,Low,105
1507,LeetCode,21.4,4.8,2879,Medium,Limited,Weekly,Free,2018,False,True,4,Low,107
1508,LeetCode,10.0,4.7,1609,Varied,No,Biweekly,Paid,2011,False,True,6,Medium,87
1509,Codeforces,12.1,4.4,1286,Medium,No,Weekly,Free,2013,False,True,7,Low,90
1510,Codeforces,5.7,4.8,1705,Medium,Yes,Occasionally,Free,2005,True,True,10,Medium,100
1511,Codeforces,29.6,3.7,2199,Varied,Limited,Biweekly,Freemium,2016,True,True,4,Medium,110
1512,CodeChef,5.3,4.7,3234,Varied,No,Monthly,Free,2016,True,True,6,Medium,80
1513,Codeforces,13.3,4.9,1563,Varied,Limited,Occasionally,Free,2007,True,True,2,Medium,91
1514,Codeforces,3.1,3.8,2764,Easy,Limited,Monthly,Free,2012,True,False,5,Low,64
1515,LeetCode,26.9,4.9,3250,Medium,Yes,Biweekly,Free,2019,False,True,6,Low,123
1516,LeetCode,27.4,4.0,1895,Medium,Yes,Weekly,Freemium,2017,False,True,2,High,115
1517,LeetCode,10.9,3.9,2974,Medium,Limited,Occasionally,Paid,2008,True,False,9,Medium,85
1518,CodeChef,7.7,4.0,3334,Varied,Limited,Biweekly,Free,2014,True,False,2,Low,68
1519,LeetCode,14.1,4.9,3341,Medium,Limited,Weekly,Paid,2022,False,False,2,Medium,89
1520,Codeforces,5.7,3.8,1358,Medium,Yes,Weekly,Freemium,2006,True,True,2,Medium,79
1521,HackerRank,1.9,4.6,3402,Medium,No,Weekly,Freemium,2017,False,False,1,Low,62
1522,Codeforces,7.6,3.8,1820,Medium,Yes,Monthly,Freemium,2006,False,True,9,High,94
1523,HackerRank,24.1,3.6,3551,Easy,No,Occasionally,Free,2017,False,True,10,High,107
1524,HackerRank,17.0,3.9,1154,Easy,Yes,Monthly,Paid,2007,True,False,1,Low,82
1525,HackerRank,22.8,4.1,996,Varied,Limited,Occasionally,Freemium,2012,False,True,4,Medium,103
1526,CodeChef,19.7,4.2,2562,Varied,Yes,Occasionally,Free,2008,False,False,2,High,96
1527,HackerRank,1.2,4.0,616,Medium,No,Weekly,Freemium,2005,False,True,4,Low,66
1528,Codeforces,21.7,4.1,3275,Medium,Yes,Biweekly,Freemium,2013,True,True,10,Medium,120
1529,HackerRank,3.4,3.6,3976,Medium,Yes,Biweekly,Freemium,2018,False,False,8,High,80
1530,Codeforces,2.7,4.9,3840,Medium,Limited,Weekly,Paid,2008,True,True,5,Low,81
1531,LeetCode,5.1,3.8,2604,Easy,Limited,Weekly,Freemium,2017,False,False,8,High,82
1532,HackerRank,21.0,4.3,1890,Medium,No,Monthly,Paid,2015,False,False,10,High,104
1533,LeetCode,5.9,4.1,2998,Easy,Yes,Weekly,Free,2012,False,False,9,Low,87
1534,Codeforces,9.2,4.4,505,Hard,No,Biweekly,Freemium,2021,True,True,3,High,82
1535,LeetCode,11.7,4.4,3479,Hard,No,Biweekly,Freemium,2017,True,False,8,Medium,89
1536,CodeChef,21.2,4.3,861,Medium,Yes,Biweekly,Paid,2014,False,True,9,Medium,116
1537,HackerRank,4.4,4.4,1090,Medium,No,Occasionally,Free,2020,False,True,1,Medium,66
1538,CodeChef,24.9,4.1,3653,Easy,Yes,Monthly,Paid,2016,True,True,4,Low,106
1539,LeetCode,17.2,4.1,2805,Varied,No,Weekly,Free,2020,False,False,1,Medium,80
1540,HackerRank,17.7,4.4,3020,Medium,Limited,Biweekly,Paid,2014,False,False,10,Low,102
1541,HackerRank,5.2,4.5,2793,Varied,No,Monthly,Freemium,2018,False,False,6,High,77
1542,LeetCode,21.7,4.8,3070,Varied,No,Weekly,Freemium,2012,True,False,10,Low,112
1543,HackerRank,3.8,4.8,3775,Medium,Yes,Biweekly,Paid,2018,True,False,1,High,76
1544,CodeChef,19.8,4.6,1821,Medium,Limited,Occasionally,Paid,2018,True,False,6,High,102
1545,LeetCode,18.6,4.3,2585,Medium,Yes,Occasionally,Paid,2016,False,False,9,Medium,106
1546,HackerRank,18.2,4.9,2422,Varied,Limited,Weekly,Paid,2010,True,True,6,Low,106
1547,HackerRank,1.0,4.3,3004,Easy,Limited,Occasionally,Paid,2006,False,True,6,Medium,74
1548,LeetCode,16.9,4.5,2312,Varied,No,Biweekly,Freemium,2017,False,True,5,Low,94
1549,LeetCode,8.6,4.3,1317,Hard,No,Monthly,Paid,2008,False,False,7,High,79
1550,Codeforces,5.7,3.8,3729,Hard,Limited,Occasionally,Paid,2011,False,True,9,Medium,82
1551,HackerRank,3.9,4.9,2205,Varied,Limited,Weekly,Freemium,2022,False,False,3,Low,77
1552,LeetCode,8.3,4.7,2907,Medium,Yes,Occasionally,Freemium,2018,False,True,9,Medium,102
1553,Codeforces,15.5,3.8,1931,Hard,No,Weekly,Freemium,2005,False,False,3,Medium,80
1554,Codeforces,2.1,4.5,1262,Easy,No,Weekly,Free,2021,False,False,7,Medium,73
1555,Codeforces,22.2,4.7,3052,Hard,No,Weekly,Paid,2014,False,True,10,Medium,115
1556,CodeChef,21.0,3.9,3637,Varied,Yes,Occasionally,Freemium,2019,False,True,6,Medium,108
1557,HackerRank,9.6,4.4,2721,Medium,Limited,Weekly,Freemium,2020,True,False,6,Medium,88
1558,Codeforces,7.0,4.6,2904,Varied,No,Biweekly,Free,2021,False,False,5,High,78
1559,Codeforces,17.9,3.7,3690,Easy,No,Weekly,Free,2017,True,True,6,Medium,92
1560,LeetCode,27.9,3.9,1951,Varied,Limited,Monthly,Freemium,2014,False,True,7,High,117
1561,LeetCode,22.6,4.4,1286,Varied,No,Occasionally,Freemium,2016,True,False,4,Low,94
1562,HackerRank,18.0,3.8,3460,Hard,Limited,Occasionally,Freemium,2010,False,True,2,Medium,89
1563,HackerRank,25.6,4.4,2769,Medium,Limited,Occasionally,Freemium,2009,False,True,7,Medium,116
1564,CodeChef,19.4,4.3,1812,Hard,No,Biweekly,Paid,2022,False,False,9,Low,96
1565,Codeforces,28.7,3.9,3534,Varied,Yes,Occasionally,Free,2006,True,True,6,Low,115
1566,LeetCode,25.2,4.6,2451,Varied,No,Occasionally,Freemium,2020,True,False,4,Medium,102
1567,HackerRank,22.8,4.8,2647,Medium,Yes,Monthly,Paid,2021,False,True,10,Low,122
1568,LeetCode,26.2,4.7,3554,Hard,Yes,Occasionally,Freemium,2010,False,False,6,Medium,118
1569,Codeforces,4.8,4.1,2756,Varied,Limited,Monthly,Paid,2017,True,False,10,Medium,80
1570,LeetCode,17.8,4.2,746,Medium,No,Occasionally,Freemium,2021,True,True,5,Medium,94
1571,HackerRank,7.3,4.4,757,Medium,No,Biweekly,Freemium,2006,False,True,8,Medium,87
1572,CodeChef,12.2,3.7,3476,Varied,No,Biweekly,Paid,2022,True,True,4,High,78
1573,Codeforces,21.0,4.7,1769,Medium,Limited,Monthly,Free,2007,True,False,4,Low,98
1574,Codeforces,18.9,4.9,739,Easy,No,Monthly,Paid,2013,True,True,5,Medium,99
1575,CodeChef,11.4,4.0,530,Medium,No,Weekly,Freemium,2020,True,False,2,High,76
1576,CodeChef,16.2,4.1,2265,Hard,Yes,Monthly,Freemium,2006,False,False,5,High,97
1577,HackerRank,15.2,3.8,772,Hard,Yes,Occasionally,Free,2011,False,True,7,Low,96
1578,LeetCode,29.4,4.9,996,Varied,No,Biweekly,Freemium,2020,True,False,3,Low,108
1579,CodeChef,17.9,5.0,2875,Hard,Limited,Weekly,Free,2012,True,False,2,High,99
1580,HackerRank,18.3,3.5,697,Medium,No,Biweekly,Freemium,2012,False,False,5,Medium,83
1581,LeetCode,24.0,4.0,1872,Hard,Limited,Weekly,Free,2005,True,False,10,High,114
1582,LeetCode,25.7,4.4,3874,Easy,Limited,Weekly,Paid,2021,True,False,6,Medium,110
1583,CodeChef,10.3,4.8,2733,Varied,Limited,Weekly,Free,2016,True,True,9,High,104
1584,Codeforces,7.7,4.5,1515,Medium,Yes,Monthly,Freemium,2011,True,False,1,Medium,79
1585,LeetCode,25.8,4.3,3697,Medium,No,Monthly,Free,2014,True,True,9,High,115
1586,Codeforces,16.0,4.9,1301,Medium,Yes,Monthly,Paid,2013,False,False,6,High,104
1587,LeetCode,22.5,4.4,1750,Hard,No,Weekly,Free,2021,True,True,9,High,114
1588,LeetCode,7.7,3.6,728,Hard,Yes,Weekly,Freemium,2006,True,True,6,Medium,88
1589,LeetCode,5.9,4.4,3638,Medium,Limited,Occasionally,Freemium,2006,True,True,7,Low,85
1590,Codeforces,15.0,4.4,3565,Hard,Limited,Weekly,Paid,2014,True,True,5,High,98
1591,Codeforces,18.1,4.9,3478,Medium,Yes,Biweekly,Paid,2018,False,False,7,High,110
1592,LeetCode,15.2,4.7,3997,Hard,Yes,Weekly,Paid,2014,True,False,10,Low,108
1593,Codeforces,12.8,4.3,2254,Varied,Yes,Weekly,Free,2020,False,True,1,Medium,90
1594,CodeChef,14.1,4.5,2160,Hard,No,Weekly,Paid,2005,False,True,8,Medium,97
1595,HackerRank,28.1,4.5,2757,Varied,Yes,Biweekly,Paid,2009,True,False,6,Low,115
1596,CodeChef,23.5,4.1,1524,Varied,No,Monthly,Freemium,2008,True,True,10,Medium,111
1597,CodeChef,23.6,4.8,1769,Medium,Limited,Monthly,Free,2007,False,False,10,High,118
1598,LeetCode,2.1,4.7,1248,Hard,Limited,Weekly,Free,2007,False,True,6,Low,81
1599,LeetCode,14.8,3.7,1115,Varied,Limited,Weekly,Free,2017,True,False,3,Low,79
1600,LeetCode,29.8,4.8,2405,Medium,Limited,Monthly,Paid,2014,False,False,9,Low,121
1601,HackerRank,25.6,3.7,740,Easy,No,Biweekly,Freemium,2019,True,True,7,Low,103
1602,Codeforces,13.1,3.6,1551,Medium,Yes,Occasionally,Paid,2008,True,False,10,Medium,93
1603,HackerRank,8.3,4.4,2563,Varied,No,Occasionally,Freemium,2019,False,False,5,High,78
1604,CodeChef,12.8,4.7,1224,Medium,No,Monthly,Freemium,2009,True,True,9,High,101
1605,LeetCode,4.5,4.4,1950,Easy,No,Occasionally,Free,2020,False,True,3,Medium,70
1606,CodeChef,25.6,4.6,3158,Hard,Yes,Monthly,Free,2016,False,True,2,Medium,111
1607,LeetCode,21.2,4.7,1733,Varied,Limited,Weekly,Freemium,2022,True,True,4,Medium,110
1608,LeetCode,1.5,4.3,1958,Hard,Yes,Occasionally,Paid,2006,False,True,1,Low,67
1609,Codeforces,3.0,3.8,2348,Easy,Limited,Monthly,Freemium,2008,True,True,1,High,66
1610,LeetCode,3.0,4.8,1544,Varied,No,Weekly,Freemium,2017,True,True,9,Low,86
1611,CodeChef,14.1,3.8,3464,Easy,Yes,Weekly,Freemium,2017,True,True,1,Medium,89
1612,HackerRank,16.2,3.9,2157,Varied,Yes,Monthly,Free,2005,True,True,8,Medium,102
1613,HackerRank,16.9,4.2,3982,Varied,Yes,Biweekly,Freemium,2009,True,False,7,Low,100
1614,CodeChef,12.4,4.1,1408,Easy,Limited,Weekly,Freemium,2009,True,True,1,Low,83
1615,LeetCode,14.0,4.9,1202,Varied,Yes,Biweekly,Paid,2020,True,True,8,Medium,109
1616,CodeChef,10.9,3.9,1894,Easy,Yes,Monthly,Paid,2011,False,False,9,High,92
1617,CodeChef,8.5,4.1,2625,Medium,Limited,Monthly,Freemium,2005,False,False,7,Low,81
1618,Codeforces,28.8,4.9,3518,Medium,No,Biweekly,Free,2007,False,False,3,High,109
1619,LeetCode,20.7,4.2,3585,Medium,Yes,Monthly,Free,2008,True,True,6,High,110
1620,Codeforces,23.6,4.6,3772,Varied,No,Weekly,Free,2013,False,False,6,Medium,104
1621,Codeforces,13.5,4.0,3594,Easy,No,Monthly,Paid,2009,True,True,10,Medium,92
1622,CodeChef,28.4,3.9,1294,Easy,Yes,Weekly,Paid,2015,True,True,3,Medium,113
1623,CodeChef,26.7,3.9,3004,Hard,No,Biweekly,Paid,2018,True,False,5,High,99
1624,CodeChef,5.2,4.2,1883,Medium,Yes,Monthly,Free,2019,True,False,9,Medium,86
1625,HackerRank,25.9,4.9,643,Medium,Yes,Monthly,Paid,2017,True,False,10,Medium,125
1626,HackerRank,29.4,4.6,1877,Medium,Limited,Biweekly,Paid,2019,False,False,6,High,117
1627,CodeChef,26.5,4.2,2597,Varied,No,Biweekly,Paid,2012,True,True,8,Medium,111
1628,LeetCode,18.0,4.4,3229,Varied,Yes,Monthly,Paid,2022,False,False,4,Low,94
1629,CodeChef,11.8,4.4,1282,Varied,Yes,Weekly,Freemium,2014,True,False,1,Medium,87
1630,LeetCode,23.5,4.4,2395,Medium,No,Occasionally,Freemium,2021,False,True,6,Medium,106
1631,LeetCode,29.1,3.7,3546,Medium,No,Weekly,Free,2006,False,False,6,High,106
1632,CodeChef,26.3,3.8,3062,Varied,Yes,Monthly,Free,2015,True,False,2,High,101
1633,HackerRank,15.7,4.9,542,Medium,Yes,Weekly,Paid,2015,False,False,4,Medium,101
1634,LeetCode,29.6,4.5,1953,Medium,No,Monthly,Free,2008,False,True,1,Low,102
1635,HackerRank,14.2,3.5,2181,Varied,Yes,Biweekly,Free,2016,False,False,10,High,97
1636,CodeChef,19.5,4.1,2238,Medium,Yes,Monthly,Paid,2017,True,False,4,High,97
1637,LeetCode,1.0,4.1,1286,Medium,Limited,Monthly,Free,2017,True,False,6,Low,66
1638,LeetCode,2.1,4.3,3978,Easy,Limited,Monthly,Paid,2022,False,False,2,High,64
1639,CodeChef,13.8,4.6,665,Medium,Limited,Occasionally,Freemium,2011,False,True,3,Medium,93
1640,CodeChef,17.2,4.9,2438,Hard,No,Biweekly,Paid,2009,False,True,6,Low,98
1641,Codeforces,24.1,4.1,3550,Hard,Limited,Monthly,Free,2010,True,False,5,Medium,100
1642,HackerRank,19.7,3.9,3530,Hard,Yes,Monthly,Paid,2017,False,False,10,High,108
1643,LeetCode,15.9,4.9,2557,Easy,Yes,Monthly,Freemium,2008,False,False,2,High,99
1644,LeetCode,6.3,4.5,1167,Hard,No,Occasionally,Paid,2019,True,True,2,High,72
1645,LeetCode,4.5,4.2,3655,Medium,Limited,Biweekly,Paid,2008,True,True,1,Low,67
1646,HackerRank,13.2,4.3,1317,Hard,No,Biweekly,Paid,2014,False,True,7,Low,88
1647,CodeChef,23.6,4.7,531,Hard,Limited,Weekly,Free,2022,True,True,9,High,123
1648,LeetCode,10.2,4.2,1240,Varied,Yes,Monthly,Free,2020,False,True,9,Low,96
1649,Codeforces,16.7,4.3,2785,Varied,No,Occasionally,Freemium,2020,True,False,4,High,88
1650,Codeforces,6.2,3.8,3105,Hard,Limited,Biweekly,Paid,2022,True,False,4,Medium,68
1651,Codeforces,30.0,4.9,1017,Hard,Limited,Biweekly,Free,2017,False,False,1,High,112
1652,Codeforces,6.8,3.9,2298,Varied,Yes,Weekly,Freemium,2006,True,True,4,Medium,85
1653,LeetCode,17.9,3.8,2686,Varied,Limited,Monthly,Freemium,2005,True,True,5,Medium,95
1654,Codeforces,6.7,3.8,3531,Hard,Limited,Biweekly,Paid,2006,True,False,6,Low,71
1655,LeetCode,13.6,4.2,2720,Hard,Limited,Occasionally,Freemium,2012,True,True,7,High,98
1656,HackerRank,18.4,4.6,807,Varied,Limited,Occasionally,Paid,2017,True,False,7,High,102
1657,Codeforces,26.1,4.9,1284,Medium,No,Biweekly,Paid,2018,True,False,4,Low,102
1658,HackerRank,18.0,4.8,1369,Medium,No,Biweekly,Free,2018,False,False,2,Low,86
1659,CodeChef,5.0,3.5,2069,Varied,No,Weekly,Free,2022,True,False,10,Low,72
1660,CodeChef,8.0,4.1,2624,Varied,Yes,Biweekly,Free,2005,False,False,4,High,82
1661,CodeChef,15.0,3.9,869,Easy,Yes,Occasionally,Free,2005,True,True,1,Medium,86
1662,HackerRank,14.1,3.8,3014,Easy,Limited,Weekly,Free,2014,True,True,3,Low,84
1663,Codeforces,6.4,4.2,1345,Varied,Yes,Weekly,Freemium,2011,False,True,9,Medium,98
1664,LeetCode,7.3,4.0,1385,Easy,Yes,Weekly,Freemium,2017,True,True,1,Low,79
1665,LeetCode,7.9,3.6,565,Hard,No,Biweekly,Freemium,2015,True,False,1,Low,59
1666,HackerRank,18.8,3.9,3014,Hard,No,Monthly,Free,2007,True,False,6,Low,85
1667,HackerRank,25.4,4.7,1434,Varied,Yes,Biweekly,Free,2014,False,True,8,High,127
1668,CodeChef,12.9,4.9,1611,Varied,Yes,Weekly,Free,2012,True,True,5,Low,102
1669,HackerRank,17.4,4.6,1252,Hard,No,Monthly,Free,2021,False,False,8,Medium,96
1670,CodeChef,16.2,4.6,801,Easy,No,Monthly,Paid,2021,False,True,10,High,104
1671,HackerRank,16.9,4.5,521,Easy,Limited,Biweekly,Paid,2010,False,True,6,High,102
1672,HackerRank,22.2,4.2,1115,Varied,Yes,Occasionally,Paid,2020,False,True,3,High,105
1673,CodeChef,10.2,4.1,947,Medium,No,Monthly,Freemium,2020,False,False,1,Low,66
1674,LeetCode,14.7,4.9,2299,Medium,No,Biweekly,Freemium,2006,False,False,6,Low,92
1675,HackerRank,16.1,3.7,3006,Medium,No,Monthly,Paid,2022,False,True,2,Low,75
1676,HackerRank,11.2,3.7,1194,Easy,No,Occasionally,Freemium,2016,True,False,6,High,78
1677,LeetCode,7.0,3.6,1625,Medium,No,Monthly,Paid,2022,True,True,7,High,74
1678,LeetCode,21.2,4.7,2928,Hard,No,Monthly,Paid,2007,False,True,7,Low,103
1679,LeetCode,29.7,4.0,3801,Easy,No,Monthly,Paid,2009,True,False,7,Low,104
1680,LeetCode,9.8,4.5,3368,Varied,No,Weekly,Paid,2016,True,True,7,Medium,89
1681,Codeforces,6.7,4.8,1148,Varied,Limited,Biweekly,Freemium,2015,True,True,2,Low,81
1682,CodeChef,18.6,4.8,1550,Hard,Limited,Biweekly,Free,2020,False,True,4,High,105
1683,LeetCode,17.5,4.8,3577,Varied,Limited,Occasionally,Paid,2012,True,False,9,High,106
1684,CodeChef,4.1,4.1,2823,Varied,Yes,Monthly,Free,2007,True,False,4,Low,71
1685,CodeChef,21.2,4.7,3692,Varied,Yes,Occasionally,Free,2016,True,True,1,High,106
1686,Codeforces,3.4,3.7,3403,Easy,Yes,Monthly,Paid,2020,False,True,3,Medium,70
1687,CodeChef,25.3,4.6,575,Hard,Limited,Occasionally,Free,2010,False,True,7,Medium,116
1688,HackerRank,25.4,3.7,2524,Easy,Yes,Occasionally,Freemium,2005,False,False,10,Medium,115
1689,Codeforces,28.4,4.4,3353,Medium,No,Biweekly,Free,2007,False,False,2,High,102
1690,CodeChef,27.9,4.9,913,Easy,Yes,Monthly,Freemium,2018,True,True,3,Low,120
1691,Codeforces,23.2,4.8,2700,Medium,Yes,Monthly,Freemium,2010,True,True,5,High,120
1692,CodeChef,2.2,3.6,549,Medium,Yes,Monthly,Free,2022,True,False,5,Low,65
1693,LeetCode,26.5,4.4,3436,Varied,No,Weekly,Freemium,2011,False,False,2,Low,99
1694,HackerRank,18.9,3.7,2569,Easy,No,Occasionally,Freemium,2005,False,True,7,Low,92
1695,HackerRank,25.3,3.8,2192,Medium,No,Monthly,Free,2008,False,True,8,Medium,105
1696,Codeforces,27.9,3.7,858,Easy,No,Occasionally,Free,2019,False,False,10,Low,105
1697,LeetCode,11.8,4.5,2121,Easy,Yes,Weekly,Free,2018,False,False,5,High,96
1698,CodeChef,29.8,4.1,682,Varied,Limited,Occasionally,Freemium,2008,False,True,5,High,118
1699,CodeChef,5.9,4.5,2889,Easy,Limited,Biweekly,Paid,2020,True,False,9,Medium,85
1700,HackerRank,11.9,3.7,3561,Hard,Yes,Monthly,Paid,2008,True,False,7,Medium,86
1701,CodeChef,29.7,4.5,1490,Medium,Limited,Occasionally,Paid,2021,False,True,9,Low,123
1702,CodeChef,29.1,3.9,2754,Hard,Limited,Biweekly,Free,2010,False,True,7,High,118
1703,HackerRank,6.1,4.9,3697,Easy,Limited,Weekly,Paid,2013,False,False,1,Low,73
1704,CodeChef,7.3,4.0,3738,Varied,No,Weekly,Freemium,2016,True,False,5,Medium,74
1705,Codeforces,12.4,3.9,2238,Easy,No,Occasionally,Freemium,2015,True,False,5,Medium,78
1706,LeetCode,27.2,4.3,3155,Varied,No,Biweekly,Free,2016,False,False,1,Low,93
1707,LeetCode,4.6,4.7,1612,Medium,No,Biweekly,Free,2016,True,True,8,Low,82
1708,HackerRank,4.8,4.5,1379,Hard,Limited,Biweekly,Paid,2015,False,True,10,Low,88
1709,HackerRank,14.4,4.2,918,Hard,Limited,Occasionally,Freemium,2018,True,False,4,Low,85
1710,HackerRank,19.9,3.6,666,Varied,Limited,Weekly,Freemium,2019,True,False,2,High,90
1711,Codeforces,25.9,4.4,760,Medium,No,Weekly,Paid,2017,False,False,1,Low,93
1712,HackerRank,8.1,4.4,2115,Medium,Yes,Monthly,Paid,2013,True,True,1,High,82
1713,Codeforces,13.7,4.1,1539,Hard,Yes,Monthly,Free,2010,True,True,1,Low,85
1714,Codeforces,20.3,3.9,1466,Easy,No,Biweekly,Freemium,2007,False,False,7,Medium,94
1715,CodeChef,19.2,3.5,2274,Varied,No,Occasionally,Freemium,2014,False,False,6,Medium,86
1716,HackerRank,27.6,3.6,1781,Hard,Yes,Weekly,Free,2013,False,True,8,Medium,119
1717,HackerRank,22.3,3.6,2880,Medium,Limited,Weekly,Free,2012,True,True,7,Medium,104
1718,LeetCode,3.2,4.8,2504,Varied,Yes,Monthly,Free,2021,False,False,3,Medium,77
1719,Codeforces,18.7,3.8,2284,Medium,Limited,Occasionally,Free,2005,True,True,2,Low,86
1720,LeetCode,18.2,4.0,3816,Easy,Limited,Biweekly,Free,2007,True,True,1,High,90
1721,HackerRank,14.9,4.1,2980,Medium,Yes,Biweekly,Freemium,2021,False,False,7,Low,96
1722,LeetCode,27.6,4.9,2988,Varied,Yes,Weekly,Paid,2015,True,False,4,High,120
1723,CodeChef,27.7,4.5,1605,Easy,Yes,Monthly,Freemium,2009,False,False,8,Low,121
1724,CodeChef,25.0,4.6,1304,Varied,Yes,Weekly,Paid,2008,True,True,4,Medium,116
1725,Codeforces,2.2,4.7,553,Hard,No,Occasionally,Freemium,2006,False,False,3,Low,64
1726,CodeChef,5.0,4.8,2549,Easy,No,Biweekly,Free,2019,False,True,5,High,82
1727,Codeforces,20.8,4.5,2248,Easy,Yes,Biweekly,Freemium,2008,True,True,8,High,120
1728,Codeforces,22.2,4.6,754,Medium,Yes,Occasionally,Paid,2016,True,False,9,Medium,114
1729,CodeChef,9.9,4.7,2708,Easy,Limited,Weekly,Free,2005,True,False,8,High,96
1730,LeetCode,24.9,5.0,724,Hard,No,Weekly,Paid,2012,True,True,3,Low,106
1731,CodeChef,2.4,3.8,2310,Easy,Limited,Weekly,Paid,2022,True,True,4,High,72
1732,LeetCode,10.5,4.4,3870,Hard,No,Biweekly,Freemium,2012,True,False,10,High,93
1733,HackerRank,7.3,4.0,997,Medium,No,Biweekly,Free,2018,False,True,8,Medium,81
1734,HackerRank,8.5,4.5,1011,Easy,Yes,Weekly,Freemium,2022,True,False,2,Medium,85
1735,HackerRank,9.5,4.1,2360,Medium,Limited,Occasionally,Freemium,2007,False,False,2,Low,72
1736,Codeforces,10.3,4.6,2016,Hard,Limited,Monthly,Freemium,2014,False,False,2,Low,78
1737,CodeChef,15.5,3.7,1301,Varied,Yes,Weekly,Freemium,2012,False,False,10,High,105
1738,CodeChef,3.9,4.0,1925,Easy,No,Occasionally,Freemium,2011,True,True,10,Medium,81
1739,HackerRank,3.6,4.3,2962,Hard,No,Biweekly,Freemium,2021,False,True,5,Low,72
1740,Codeforces,15.1,4.6,1000,Easy,Yes,Monthly,Paid,2005,False,False,3,Low,90
1741,LeetCode,21.2,4.2,3319,Medium,Limited,Biweekly,Free,2021,False,False,6,Medium,100
1742,Codeforces,20.2,4.7,1955,Hard,Yes,Weekly,Freemium,2009,False,True,4,Medium,113
1743,CodeChef,27.2,4.4,1175,Hard,No,Biweekly,Paid,2016,True,False,5,Low,101
1744,HackerRank,12.5,4.4,3004,Easy,Yes,Biweekly,Free,2015,False,False,9,Medium,100
1745,Codeforces,29.4,3.8,784,Varied,No,Biweekly,Paid,2021,False,False,5,Medium,100
1746,HackerRank,18.3,4.6,1075,Varied,Limited,Biweekly,Paid,2013,True,True,2,Medium,95
1747,HackerRank,12.7,4.9,1635,Medium,Limited,Biweekly,Free,2011,False,False,4,Medium,90
1748,CodeChef,19.3,5.0,3646,Varied,No,Monthly,Free,2005,False,True,3,High,100
1749,HackerRank,17.4,4.0,1995,Easy,No,Occasionally,Freemium,2014,False,False,3,Medium,82
1750,HackerRank,5.4,4.5,1767,Medium,Limited,Weekly,Freemium,2005,False,True,6,High,90
1751,CodeChef,8.7,4.0,3375,Medium,No,Occasionally,Paid,2022,False,False,9,High,80
1752,Codeforces,19.7,4.3,3946,Easy,Yes,Weekly,Free,2014,False,False,9,Medium,112
1753,CodeChef,26.9,4.7,1171,Varied,No,Weekly,Paid,2015,True,False,9,Low,113
1754,Codeforces,17.0,3.6,3555,Medium,Yes,Biweekly,Paid,2018,True,True,2,Medium,88
1755,Codeforces,10.6,4.3,1856,Medium,Yes,Biweekly,Free,2017,False,True,2,Low,85
1756,Codeforces,15.5,5.0,2182,Medium,Yes,Biweekly,Free,2016,False,False,6,Medium,104
1757,CodeChef,1.6,3.8,2686,Hard,Limited,Biweekly,Freemium,2017,False,True,4,High,71
1758,HackerRank,10.3,4.6,2174,Easy,Yes,Monthly,Free,2014,False,False,3,Low,83
1759,HackerRank,17.9,4.2,1112,Easy,No,Weekly,Paid,2018,True,False,7,Low,91
1760,LeetCode,24.0,4.8,3819,Hard,Limited,Weekly,Freemium,2009,True,True,5,Low,115
1761,HackerRank,23.5,3.9,3333,Hard,No,Monthly,Paid,2011,False,False,3,Medium,87
1762,CodeChef,1.4,4.4,1272,Varied,Limited,Weekly,Free,2017,True,True,5,Low,75
1763,CodeChef,24.3,4.3,1347,Easy,No,Monthly,Paid,2019,True,False,2,High,92
1764,LeetCode,29.1,4.8,970,Easy,Limited,Occasionally,Freemium,2014,False,True,10,Low,130
1765,HackerRank,29.5,3.6,3169,Medium,Yes,Occasionally,Freemium,2018,False,True,3,High,113
1766,HackerRank,7.0,4.3,2530,Varied,No,Biweekly,Freemium,2008,False,False,3,Low,68
1767,LeetCode,17.4,4.9,2502,Hard,Limited,Biweekly,Freemium,2016,False,True,1,High,100
1768,CodeChef,1.0,4.3,1162,Medium,Limited,Occasionally,Free,2005,True,False,10,Low,76
1769,LeetCode,13.5,4.3,3147,Easy,Yes,Monthly,Freemium,2019,True,False,6,Low,93
1770,Codeforces,2.8,4.4,3120,Medium,No,Occasionally,Free,2006,True,True,3,Low,65
1771,CodeChef,17.3,4.5,1485,Hard,Limited,Weekly,Paid,2009,False,False,8,Low,100
1772,CodeChef,16.1,3.6,3624,Medium,Yes,Biweekly,Freemium,2010,False,True,7,High,102
1773,Codeforces,29.7,4.6,1652,Medium,No,Weekly,Paid,2008,False,True,5,Medium,116
1774,Codeforces,27.9,4.1,2036,Varied,Yes,Monthly,Paid,2014,True,False,4,High,110
1775,Codeforces,19.8,3.8,679,Medium,Yes,Occasionally,Freemium,2012,True,True,5,Medium,103
1776,LeetCode,3.7,4.6,3900,Varied,Yes,Occasionally,Paid,2012,True,True,3,High,82
1777,LeetCode,4.8,4.5,2353,Hard,Yes,Biweekly,Paid,2017,True,True,6,Medium,87
1778,HackerRank,19.0,4.4,955,Hard,Limited,Biweekly,Paid,2013,True,True,5,Medium,100
1779,HackerRank,26.0,4.8,2357,Easy,No,Weekly,Freemium,2021,False,False,5,High,112
1780,LeetCode,2.1,4.1,2736,Varied,No,Biweekly,Paid,2020,False,True,5,Medium,67
1781,CodeChef,28.7,4.0,3150,Hard,Limited,Weekly,Free,2022,True,False,4,Low,105
1782,HackerRank,11.4,4.9,3421,Hard,No,Occasionally,Paid,2006,False,False,3,High,81
1783,HackerRank,5.4,4.3,2441,Easy,No,Biweekly,Freemium,2012,False,False,10,Low,80
1784,CodeChef,6.8,4.0,1291,Easy,Limited,Biweekly,Freemium,2015,False,True,7,Medium,85
1785,Codeforces,18.0,4.0,2554,Hard,No,Weekly,Paid,2020,True,False,2,Low,79
1786,CodeChef,14.0,4.9,3911,Hard,Yes,Monthly,Freemium,2007,False,True,7,Medium,109
1787,LeetCode,18.6,4.5,559,Easy,Yes,Weekly,Free,2013,True,True,8,High,117
1788,CodeChef,24.3,4.7,669,Hard,No,Monthly,Freemium,2009,True,False,2,High,99
1789,LeetCode,24.9,4.1,2891,Medium,Yes,Occasionally,Free,2017,True,False,1,Medium,98
1790,Codeforces,12.6,4.1,3931,Varied,Yes,Weekly,Free,2020,False,False,1,High,85
1791,HackerRank,10.1,4.3,725,Easy,No,Monthly,Free,2014,True,False,6,High,80
1792,HackerRank,6.9,4.7,2248,Varied,Yes,Weekly,Paid,2021,True,True,5,Medium,92
1793,HackerRank,6.1,4.4,2479,Varied,Limited,Biweekly,Free,2019,False,False,6,Low,77
1794,CodeChef,29.5,3.6,2136,Hard,No,Biweekly,Paid,2014,True,True,4,Medium,101
1795,HackerRank,18.4,3.7,1976,Hard,No,Monthly,Paid,2005,False,False,7,Medium,86
1796,CodeChef,6.8,4.3,2351,Easy,No,Weekly,Paid,2009,True,True,1,Low,68
1797,CodeChef,17.4,4.2,1106,Medium,Limited,Weekly,Free,2021,True,False,6,High,98
1798,LeetCode,14.5,4.8,2278,Varied,No,Biweekly,Freemium,2020,False,True,10,Medium,106
1799,Codeforces,14.0,4.8,688,Medium,Yes,Weekly,Paid,2020,True,True,10,Low,112
1800,CodeChef,25.2,4.1,2362,Easy,Yes,Occasionally,Paid,2019,False,True,3,Medium,107
1801,LeetCode,8.0,5.0,1625,Varied,Yes,Biweekly,Freemium,2010,False,True,4,Low,94
1802,CodeChef,6.0,3.8,3435,Medium,Limited,Occasionally,Free,2018,True,True,9,Medium,83
1803,HackerRank,4.7,3.9,2469,Varied,No,Monthly,Free,2013,True,True,8,Low,73
1804,LeetCode,20.5,3.8,3447,Medium,Yes,Monthly,Free,2007,False,False,10,Medium,107
1805,CodeChef,22.3,4.5,1856,Varied,Yes,Monthly,Free,2016,False,False,2,Medium,100
1806,Codeforces,16.0,3.8,2281,Easy,No,Occasionally,Freemium,2011,True,True,8,High,95
1807,LeetCode,5.2,4.0,2512,Hard,No,Weekly,Freemium,2019,True,True,5,Medium,76
1808,HackerRank,14.0,4.4,1295,Varied,Yes,Occasionally,Free,2019,True,False,9,Low,99
1809,Codeforces,29.9,4.5,1704,Hard,Limited,Weekly,Paid,2019,True,True,8,Medium,126
1810,LeetCode,24.6,5.0,1769,Easy,No,Biweekly,Free,2007,False,False,4,Low,102
1811,Codeforces,17.8,3.7,1361,Hard,No,Weekly,Free,2009,False,False,1,Medium,77
1812,HackerRank,24.4,4.4,3527,Medium,No,Biweekly,Paid,2017,False,False,9,Low,105
1813,HackerRank,28.7,4.8,1493,Hard,Yes,Biweekly,Paid,2012,True,False,5,Medium,119
1814,HackerRank,15.6,4.3,2208,Medium,Yes,Monthly,Free,2019,False,False,7,Medium,98
1815,LeetCode,9.5,3.6,1485,Hard,Yes,Biweekly,Paid,2010,False,True,1,Medium,75
1816,CodeChef,9.8,4.1,902,Medium,Yes,Weekly,Freemium,2012,False,False,8,Medium,95
1817,CodeChef,24.3,3.9,3268,Medium,Yes,Biweekly,Paid,2007,False,False,7,High,109
1818,CodeChef,14.5,4.5,1839,Medium,Yes,Biweekly,Freemium,2022,False,True,4,Medium,101
1819,HackerRank,8.0,3.7,751,Varied,No,Weekly,Paid,2022,True,True,6,Medium,76
1820,LeetCode,13.9,5.0,1191,Hard,No,Biweekly,Free,2010,True,True,9,Low,101
1821,LeetCode,7.5,4.4,1389,Hard,No,Biweekly,Freemium,2013,False,False,3,High,74
1822,Codeforces,23.4,3.5,2292,Hard,No,Weekly,Free,2005,False,True,3,Medium,92
1823,HackerRank,7.0,4.9,3625,Medium,No,Occasionally,Paid,2020,False,True,5,High,84
1824,Codeforces,12.6,3.9,1939,Varied,Yes,Occasionally,Paid,2019,False,True,7,High,96
1825,Codeforces,14.9,4.6,1378,Varied,Limited,Monthly,Freemium,2006,True,True,5,Low,96
1826,HackerRank,2.0,4.4,788,Medium,No,Occasionally,Freemium,2011,False,True,6,Low,72
1827,HackerRank,14.9,4.2,1700,Easy,Yes,Biweekly,Free,2016,False,True,4,High,98
1828,Codeforces,20.0,4.6,945,Medium,Yes,Occasionally,Paid,2020,False,True,7,High,114
1829,CodeChef,16.2,4.0,2975,Easy,Yes,Monthly,Paid,2020,False,False,6,Low,91
1830,HackerRank,10.1,4.1,1561,Hard,No,Biweekly,Paid,2014,True,True,8,Medium,85
1831,Codeforces,17.4,3.7,3826,Easy,Yes,Occasionally,Free,2019,False,True,4,Medium,94
1832,Codeforces,7.3,4.7,1940,Medium,Limited,Biweekly,Free,2017,False,False,5,High,84
1833,Codeforces,7.0,4.4,2239,Hard,No,Weekly,Paid,2020,False,False,1,Low,64
1834,CodeChef,20.9,3.7,3882,Medium,Yes,Biweekly,Free,2012,True,False,2,High,93
1835,HackerRank,14.3,4.2,1869,Medium,Limited,Monthly,Free,2013,True,False,1,Low,76
1836,LeetCode,27.1,4.5,3735,Varied,No,Monthly,Freemium,2017,True,False,4,High,106
1837,LeetCode,23.3,4.5,3012,Varied,No,Weekly,Freemium,2014,True,False,4,Medium,101
1838,CodeChef,26.3,4.5,665,Medium,Yes,Occasionally,Paid,2006,False,False,8,Medium,117
1839,HackerRank,2.6,3.6,3692,Varied,Limited,Occasionally,Freemium,2017,False,False,3,Medium,61
1840,Codeforces,29.6,3.7,2591,Varied,Limited,Weekly,Free,2009,False,False,10,High,119
1841,LeetCode,11.0,3.9,978,Medium,Yes,Biweekly,Freemium,2021,True,False,9,Medium,94
1842,HackerRank,5.5,4.3,2620,Varied,Yes,Biweekly,Free,2022,True,False,7,High,86
1843,LeetCode,10.9,4.9,3345,Varied,Limited,Biweekly,Freemium,2007,True,True,3,Medium,92
1844,CodeChef,7.0,4.2,2767,Hard,Limited,Biweekly,Freemium,2019,False,True,4,Medium,82
1845,LeetCode,26.8,4.4,3375,Easy,Limited,Monthly,Free,2019,False,False,2,Medium,101
1846,Codeforces,6.3,4.7,2271,Medium,Yes,Weekly,Freemium,2015,True,False,7,Low,91
1847,Codeforces,14.1,4.3,807,Hard,No,Occasionally,Free,2022,False,False,7,Low,84
1848,Codeforces,29.1,4.4,3860,Easy,Limited,Monthly,Free,2015,False,False,3,High,109
1849,LeetCode,12.6,3.6,1074,Medium,No,Monthly,Free,2008,False,False,9,High,83
1850,LeetCode,17.5,3.7,3343,Easy,No,Monthly,Freemium,2014,True,True,9,Medium,96
1851,CodeChef,4.9,4.3,3675,Easy,Limited,Weekly,Freemium,2012,False,True,9,Low,89
1852,HackerRank,13.2,4.4,1563,Medium,Limited,Biweekly,Freemium,2021,False,False,2,Medium,84
1853,HackerRank,23.5,4.8,2835,Varied,Limited,Biweekly,Freemium,2019,True,False,9,High,119
1854,Codeforces,9.9,4.1,1978,Easy,No,Biweekly,Free,2013,True,False,3,High,73
1855,Codeforces,18.4,4.7,3232,Medium,No,Occasionally,Free,2015,True,False,5,Low,91
1856,CodeChef,20.0,3.7,541,Hard,Limited,Biweekly,Free,2007,False,False,8,Low,95
1857,LeetCode,20.2,4.1,3422,Varied,No,Weekly,Free,2016,True,False,4,High,92
1858,HackerRank,24.1,3.9,1361,Easy,No,Weekly,Free,2012,True,False,7,Low,98
1859,LeetCode,16.1,3.6,2927,Medium,No,Weekly,Paid,2014,False,True,6,High,89
1860,HackerRank,13.5,4.2,3655,Varied,No,Biweekly,Paid,2016,False,False,5,Low,78
1861,LeetCode,24.4,4.5,1928,Medium,Yes,Monthly,Freemium,2018,False,True,9,Low,123
1862,CodeChef,5.3,4.9,3688,Medium,No,Occasionally,Free,2017,True,True,4,High,80
1863,HackerRank,5.9,4.1,1472,Medium,Yes,Biweekly,Paid,2018,False,False,1,Low,68
1864,Codeforces,23.4,3.9,841,Hard,Limited,Biweekly,Freemium,2011,True,False,10,Medium,110
1865,LeetCode,15.9,3.6,716,Medium,No,Weekly,Paid,2005,False,False,10,Medium,90
1866,HackerRank,22.5,3.8,1518,Easy,No,Monthly,Freemium,2019,True,False,1,Low,82
1867,LeetCode,26.3,4.6,3775,Varied,Yes,Weekly,Paid,2005,True,False,10,Low,123
1868,LeetCode,22.2,3.7,1311,Hard,Yes,Weekly,Free,2006,True,True,10,Medium,116
1869,LeetCode,29.1,4.2,609,Varied,Limited,Occasionally,Freemium,2022,False,False,6,High,115
1870,Codeforces,15.0,4.5,2243,Hard,Yes,Biweekly,Paid,2007,True,True,5,Low,98
1871,LeetCode,13.4,4.8,3540,Varied,Yes,Biweekly,Free,2022,True,True,1,Medium,94
1872,CodeChef,20.0,3.6,2437,Easy,Limited,Occasionally,Paid,2005,True,True,1,Low,83
1873,HackerRank,5.4,5.0,3921,Hard,Yes,Occasionally,Paid,2022,False,False,6,Medium,87
1874,LeetCode,5.7,3.8,3586,Medium,No,Weekly,Freemium,2020,True,False,3,Low,64
1875,CodeChef,4.2,4.1,1699,Easy,Limited,Monthly,Freemium,2018,False,True,8,High,85
1876,CodeChef,29.4,4.7,1623,Varied,No,Weekly,Free,2006,False,False,1,Low,102
1877,HackerRank,5.4,4.9,3273,Easy,No,Biweekly,Paid,2017,True,False,2,Low,67
1878,CodeChef,29.5,4.2,2211,Varied,No,Biweekly,Paid,2009,False,False,9,Low,110
1879,CodeChef,5.9,4.5,1105,Varied,No,Occasionally,Free,2010,True,True,5,High,79
1880,LeetCode,6.8,5.0,2166,Varied,No,Weekly,Freemium,2020,False,False,1,Low,73
1881,LeetCode,9.6,4.5,3046,Medium,Limited,Biweekly,Paid,2009,True,True,3,High,85
1882,HackerRank,22.9,3.7,3518,Medium,No,Occasionally,Free,2021,True,True,9,Low,100
1883,HackerRank,11.1,4.2,3185,Varied,Limited,Occasionally,Free,2009,True,True,6,Medium,89
1884,CodeChef,20.1,4.7,3112,Hard,No,Monthly,Freemium,2015,True,True,7,Medium,106
1885,Codeforces,29.3,4.9,928,Easy,Yes,Monthly,Freemium,2019,False,True,3,Medium,124
1886,Codeforces,6.3,4.9,1525,Varied,No,Occasionally,Freemium,2022,True,True,1,Low,73
1887,HackerRank,12.8,3.7,1480,Easy,No,Occasionally,Paid,2012,True,False,7,Low,75
1888,Codeforces,16.6,4.4,1245,Hard,No,Occasionally,Free,2012,False,False,7,Low,89
1889,LeetCode,3.0,3.5,3688,Easy,No,Monthly,Paid,2011,True,True,4,High,62
1890,LeetCode,10.4,3.6,3628,Easy,Yes,Occasionally,Paid,2021,False,True,7,Low,86
1891,LeetCode,26.9,4.3,3691,Varied,Limited,Biweekly,Freemium,2011,False,True,8,Low,118
1892,CodeChef,7.7,3.9,3324,Medium,Limited,Biweekly,Free,2007,True,False,3,Low,69
1893,HackerRank,11.9,4.0,3676,Easy,Yes,Monthly,Freemium,2021,True,False,9,High,98
1894,CodeChef,18.8,4.8,543,Hard,Yes,Monthly,Paid,2012,True,True,5,Low,106
1895,HackerRank,6.7,5.0,1843,Varied,No,Weekly,Paid,2007,True,True,9,Medium,93
1896,HackerRank,15.0,4.3,1894,Hard,No,Occasionally,Paid,2008,True,False,6,Medium,84
1897,CodeChef,24.6,4.2,3944,Hard,No,Weekly,Freemium,2016,False,False,10,Medium,112
1898,CodeChef,16.1,4.3,1838,Easy,No,Monthly,Freemium,2013,True,True,3,Low,86
1899,HackerRank,14.5,4.8,3011,Varied,No,Occasionally,Freemium,2010,False,False,4,Medium,88
1900,LeetCode,2.6,4.9,3856,Varied,Limited,Occasionally,Free,2011,False,False,7,High,82
1901,Codeforces,29.1,3.7,3074,Varied,No,Monthly,Freemium,2012,False,False,4,High,101
1902,Codeforces,27.6,3.6,786,Medium,Limited,Biweekly,Paid,2005,True,False,7,High,106
1903,LeetCode,16.4,4.6,3385,Medium,No,Weekly,Freemium,2018,True,True,1,Low,89
1904,CodeChef,25.8,4.8,2652,Easy,No,Occasionally,Free,2006,True,False,1,Medium,97
1905,Codeforces,16.0,4.8,3203,Easy,Yes,Biweekly,Freemium,2017,True,True,3,High,106
1906,LeetCode,14.6,4.6,3249,Easy,No,Weekly,Free,2009,True,True,1,High,88
1907,HackerRank,20.6,3.6,625,Varied,No,Monthly,Free,2012,True,False,9,Medium,93
1908,CodeChef,11.9,3.8,1903,Varied,Yes,Monthly,Paid,2008,False,False,8,Low,87
1909,HackerRank,20.7,4.9,1038,Varied,Limited,Monthly,Freemium,2020,False,True,6,High,114
1910,LeetCode,22.4,4.8,981,Hard,Yes,Monthly,Free,2012,False,False,5,Medium,110
1911,Codeforces,17.9,4.6,1749,Easy,Limited,Biweekly,Free,2020,True,True,6,Low,102
1912,CodeChef,21.7,4.9,3922,Hard,No,Occasionally,Free,2007,False,False,4,Low,96
1913,Codeforces,13.2,3.6,2729,Hard,No,Monthly,Free,2016,False,False,4,Medium,72
1914,LeetCode,27.6,3.8,1284,Varied,Limited,Weekly,Freemium,2017,False,True,9,Low,118
1915,Codeforces,5.7,4.3,2661,Hard,Limited,Occasionally,Freemium,2018,True,True,3,Medium,78
1916,HackerRank,7.6,4.2,1107,Easy,Yes,Weekly,Free,2007,True,False,9,High,94
1917,Codeforces,29.9,3.6,862,Medium,Limited,Occasionally,Free,2014,False,True,1,Medium,101
1918,LeetCode,4.2,4.5,837,Medium,Limited,Biweekly,Freemium,2022,False,True,6,High,86
1919,Codeforces,25.5,4.1,792,Medium,No,Occasionally,Paid,2020,True,True,6,Low,101
1920,HackerRank,22.4,4.7,2578,Varied,Limited,Weekly,Freemium,2017,False,False,6,Medium,111
1921,HackerRank,28.0,3.6,2238,Hard,Limited,Weekly,Paid,2008,True,False,10,Low,111
1922,Codeforces,23.2,4.7,2831,Easy,Yes,Biweekly,Freemium,2009,False,False,7,Low,115
1923,CodeChef,26.8,3.9,1471,Easy,Yes,Biweekly,Freemium,2009,True,False,6,Low,110
1924,Codeforces,15.2,4.2,2702,Easy,No,Weekly,Paid,2013,False,False,3,High,83
1925,Codeforces,18.7,4.0,3742,Varied,Limited,Weekly,Freemium,2008,True,True,4,Medium,99
1926,HackerRank,5.0,4.8,808,Varied,No,Monthly,Freemium,2014,False,False,1,Low,66
1927,LeetCode,28.1,4.8,2281,Hard,Limited,Weekly,Paid,2021,True,True,3,Medium,116
1928,HackerRank,22.0,3.7,1887,Easy,No,Monthly,Paid,2010,False,False,2,Low,79
1929,CodeChef,13.3,4.6,956,Hard,Limited,Occasionally,Paid,2012,True,True,1,Low,83
1930,Codeforces,22.4,3.8,2781,Medium,Yes,Monthly,Free,2021,False,True,4,Low,101
1931,CodeChef,25.1,4.5,3261,Easy,Limited,Monthly,Paid,2022,False,True,3,Low,104
1932,CodeChef,6.7,4.1,582,Varied,No,Occasionally,Paid,2017,False,False,2,High,64
1933,CodeChef,18.6,4.2,3805,Medium,Limited,Monthly,Freemium,2019,True,True,5,Low,98
1934,Codeforces,22.9,3.9,3390,Easy,Limited,Weekly,Paid,2016,False,False,8,Medium,104
1935,HackerRank,15.8,4.2,1034,Varied,Yes,Monthly,Paid,2009,False,False,2,Low,85
1936,HackerRank,17.8,3.5,2539,Hard,Limited,Occasionally,Freemium,2021,True,True,1,Low,82
1937,HackerRank,11.3,3.8,2171,Easy,No,Biweekly,Freemium,2009,True,False,9,High,86
1938,CodeChef,15.2,4.5,3628,Easy,No,Occasionally,Freemium,2016,False,True,5,Low,91
1939,Codeforces,18.4,4.4,1525,Varied,No,Monthly,Free,2015,False,True,3,High,93
1940,LeetCode,19.2,4.0,3544,Hard,No,Monthly,Paid,2009,True,True,1,Medium,83
1941,CodeChef,15.5,3.9,2900,Medium,Yes,Monthly,Paid,2013,True,False,5,Low,87
1942,CodeChef,5.7,4.7,768,Hard,Yes,Monthly,Paid,2009,False,True,6,High,92
1943,LeetCode,26.1,4.7,3600,Varied,Limited,Monthly,Paid,2013,True,True,6,High,117
1944,LeetCode,4.8,3.8,3620,Easy,Yes,Biweekly,Free,2008,False,True,8,Medium,85
1945,HackerRank,18.4,3.9,3588,Varied,Yes,Monthly,Paid,2009,True,False,4,Medium,92
1946,Codeforces,24.2,4.5,1442,Hard,No,Occasionally,Free,2008,True,False,3,Low,93
1947,HackerRank,1.9,5.0,3653,Hard,Limited,Weekly,Free,2013,False,True,9,Medium,92
1948,LeetCode,26.0,4.8,3880,Varied,Yes,Monthly,Free,2011,True,False,3,Medium,111
1949,LeetCode,11.3,4.1,3884,Easy,No,Weekly,Free,2005,True,False,4,High,79
1950,LeetCode,21.8,4.0,3787,Easy,Limited,Weekly,Freemium,2013,True,True,6,Medium,108
1951,LeetCode,7.6,3.5,3236,Varied,Limited,Monthly,Paid,2006,True,False,1,Medium,60
1952,Codeforces,13.4,4.0,2320,Hard,No,Biweekly,Freemium,2017,True,True,2,Low,78
1953,HackerRank,24.2,4.9,3202,Easy,No,Occasionally,Freemium,2012,False,True,7,High,116
1954,CodeChef,29.0,4.6,2462,Medium,Yes,Monthly,Paid,2012,False,False,7,High,122
1955,LeetCode,7.2,5.0,1151,Hard,Yes,Monthly,Paid,2009,False,True,4,Low,89
1956,LeetCode,26.3,4.3,3247,Medium,No,Occasionally,Free,2008,True,False,3,Low,94
1957,CodeChef,24.4,3.8,3615,Hard,No,Weekly,Free,2007,False,True,5,Medium,101
1958,HackerRank,8.7,4.5,3927,Varied,No,Biweekly,Freemium,2009,False,True,9,Medium,92
1959,CodeChef,12.4,3.8,2319,Easy,Yes,Weekly,Paid,2016,True,True,5,Medium,92
1960,HackerRank,6.0,4.9,3761,Easy,No,Monthly,Paid,2008,True,False,2,High,71
1961,LeetCode,26.1,3.7,1351,Varied,No,Occasionally,Paid,2013,True,True,6,High,102
1962,CodeChef,3.5,4.1,2163,Varied,Limited,Occasionally,Freemium,2021,False,True,1,Low,66
1963,CodeChef,25.6,3.6,2266,Hard,Yes,Weekly,Freemium,2020,False,True,2,Low,104
1964,HackerRank,7.2,3.7,512,Varied,No,Monthly,Free,2022,True,False,3,Low,60
1965,LeetCode,26.8,4.1,3496,Medium,Limited,Occasionally,Free,2007,False,False,3,High,102
1966,CodeChef,12.0,4.7,2132,Medium,No,Biweekly,Free,2014,True,True,2,High,85
1967,CodeChef,3.5,3.7,3437,Varied,Yes,Biweekly,Freemium,2008,False,True,9,Low,84
1968,LeetCode,12.8,3.5,3424,Varied,No,Monthly,Freemium,2021,True,False,3,Low,68
1969,Codeforces,25.7,4.7,1612,Hard,Yes,Occasionally,Free,2018,True,True,10,Medium,129
1970,CodeChef,13.1,4.8,1394,Hard,No,Weekly,Free,2019,False,True,7,High,100
1971,HackerRank,11.9,4.8,1342,Hard,Yes,Monthly,Free,2015,True,True,1,Low,89
1972,HackerRank,14.5,4.0,3564,Hard,No,Occasionally,Paid,2019,False,False,7,Low,81
1973,Codeforces,21.2,4.4,2914,Medium,Yes,Biweekly,Freemium,2018,False,True,3,High,110
1974,CodeChef,20.3,3.6,3733,Easy,Yes,Weekly,Paid,2018,False,False,1,Low,86
1975,Codeforces,18.0,3.9,3623,Hard,Limited,Monthly,Free,2009,False,True,1,High,88
1976,LeetCode,5.1,4.5,1588,Hard,Yes,Monthly,Freemium,2021,False,False,8,Low,87
1977,CodeChef,7.9,3.6,838,Hard,Limited,Weekly,Free,2018,False,True,9,High,89
1978,LeetCode,8.1,3.7,2834,Hard,Limited,Monthly,Free,2007,False,False,2,High,68
1979,Codeforces,12.8,4.5,3999,Easy,Limited,Weekly,Free,2010,False,False,1,Low,80
1980,LeetCode,7.6,4.1,2098,Easy,No,Biweekly,Paid,2017,True,True,7,High,81
1981,LeetCode,29.9,4.1,1477,Varied,Yes,Monthly,Freemium,2021,True,True,4,Medium,119
1982,LeetCode,21.8,4.7,2400,Hard,Limited,Occasionally,Freemium,2019,True,False,10,Medium,115
1983,Codeforces,9.5,4.1,3019,Varied,Yes,Monthly,Freemium,2011,True,True,5,Low,88
1984,HackerRank,16.5,4.4,2886,Hard,Limited,Monthly,Free,2009,False,True,8,Medium,103
1985,CodeChef,6.5,4.0,3128,Easy,Yes,Occasionally,Free,2005,True,False,4,Low,74
1986,CodeChef,5.1,4.7,3665,Hard,Limited,Monthly,Freemium,2017,True,True,8,Low,89
1987,CodeChef,11.7,4.9,3746,Easy,Yes,Weekly,Paid,2013,True,True,5,Medium,102
1988,LeetCode,23.6,4.3,2809,Easy,Yes,Occasionally,Freemium,2013,False,True,4,Low,109
1989,CodeChef,5.7,4.5,1498,Hard,Yes,Monthly,Freemium,2012,False,False,6,High,88
1990,LeetCode,5.4,4.1,3609,Hard,Limited,Biweekly,Freemium,2008,True,True,1,High,74
1991,HackerRank,2.8,4.0,1001,Easy,No,Weekly,Free,2013,False,True,4,High,70
1992,LeetCode,22.8,4.8,1622,Varied,Yes,Occasionally,Freemium,2006,False,True,4,Low,113
1993,LeetCode,17.2,4.1,3090,Varied,Limited,Monthly,Paid,2015,False,True,6,High,98
1994,HackerRank,20.4,4.3,2451,Medium,Yes,Monthly,Paid,2014,True,True,6,Medium,108
1995,Codeforces,13.9,4.7,2939,Medium,Limited,Biweekly,Free,2014,False,False,5,Low,90
1996,CodeChef,14.3,3.7,2223,Hard,Yes,Biweekly,Paid,2017,False,False,2,Low,78
1997,Codeforces,9.4,4.6,3398,Easy,Limited,Biweekly,Paid,2021,False,True,5,High,90
1998,CodeChef,28.5,3.8,3797,Varied,No,Weekly,Paid,2022,True,True,3,Low,100
1999,Codeforces,20.0,4.4,2949,Hard,Limited,Occasionally,Free,2021,False,False,8,High,105
2000,LeetCode,23.0,4.5,2863,Easy,Limited,Biweekly,Paid,2020,True,True,9,Low,114
2001,CodeChef,28.6,4.3,999,Easy,No,Monthly,Paid,2012,True,True,5,High,110
2002,LeetCode,18.7,4.6,2563,Hard,No,Weekly,Free,2021,True,True,6,Low,100
2003,LeetCode,11.9,4.0,3955,Varied,Yes,Occasionally,Paid,2011,True,False,2,High,81
2004,HackerRank,23.2,3.8,1476,Medium,Yes,Monthly,Freemium,2013,False,True,5,Low,106
2005,CodeChef,19.1,4.8,3110,Medium,No,Biweekly,Paid,2006,True,False,4,Medium,93
2006,HackerRank,21.8,4.3,726,Medium,Limited,Monthly,Paid,2005,True,True,5,Medium,103
2007,LeetCode,5.3,4.3,3487,Easy,No,Monthly,Paid,2022,False,False,6,Medium,70
2008,Codeforces,12.9,3.9,1509,Hard,No,Biweekly,Free,2008,True,False,9,High,87
2009,HackerRank,8.6,5.0,1823,Varied,Limited,Biweekly,Freemium,2013,True,False,1,High,83
2010,HackerRank,13.1,4.3,862,Easy,Yes,Occasionally,Free,2016,True,True,8,High,104
2011,HackerRank,2.2,4.4,1122,Varied,Yes,Monthly,Paid,2016,True,True,5,Low,77
2012,HackerRank,9.0,4.1,2952,Varied,Limited,Occasionally,Paid,2014,False,True,4,High,82
2013,HackerRank,9.0,4.5,2723,Easy,Yes,Monthly,Paid,2014,False,True,10,High,102
2014,Codeforces,24.6,4.7,1912,Hard,No,Occasionally,Free,2019,True,True,4,High,107
2015,Codeforces,23.9,4.1,3306,Easy,No,Occasionally,Paid,2020,False,False,8,Medium,100
2016,CodeChef,22.2,4.9,2815,Easy,Limited,Monthly,Freemium,2007,False,False,6,Low,107
2017,Codeforces,7.9,4.4,1154,Varied,Limited,Occasionally,Freemium,2012,True,True,10,Low,94
2018,Codeforces,8.3,3.9,2203,Hard,No,Weekly,Paid,2012,True,False,4,Low,67
2019,LeetCode,22.1,4.6,2384,Varied,No,Monthly,Freemium,2006,True,True,6,Medium,106
2020,HackerRank,24.7,4.1,911,Medium,No,Monthly,Freemium,2007,True,True,6,Low,103
2021,HackerRank,3.5,3.8,1909,Easy,No,Occasionally,Free,2021,True,False,9,High,71
2022,LeetCode,18.8,5.0,2849,Medium,Limited,Occasionally,Paid,2017,False,False,2,Low,92
2023,Codeforces,5.7,4.1,3384,Varied,Limited,Weekly,Freemium,2013,True,False,4,Medium,76
2024,LeetCode,1.9,4.4,3689,Hard,No,Monthly,Free,2019,False,True,7,Medium,74
2025,CodeChef,16.6,3.9,1330,Varied,Limited,Monthly,Paid,2021,False,True,6,Medium,93
2026,Codeforces,26.2,3.9,2176,Medium,No,Biweekly,Paid,2013,False,False,10,High,108
2027,HackerRank,11.6,3.9,2013,Easy,Yes,Monthly,Paid,2014,True,False,7,High,89
2028,Codeforces,18.5,4.0,2537,Varied,No,Occasionally,Free,2008,True,False,5,High,88
2029,CodeChef,1.7,4.8,3759,Hard,Limited,Monthly,Freemium,2020,True,True,8,High,89
2030,LeetCode,20.6,4.9,2566,Varied,No,Biweekly,Freemium,2017,True,False,5,Medium,101
2031,CodeChef,6.8,4.2,3495,Varied,Yes,Monthly,Freemium,2021,False,True,7,High,93
2032,HackerRank,13.7,4.9,3946,Medium,No,Occasionally,Free,2018,False,True,5,Medium,93
2033,HackerRank,17.0,4.4,2860,Medium,Yes,Biweekly,Paid,2011,True,False,9,Medium,106
2034,Codeforces,22.4,4.2,1411,Easy,No,Monthly,Free,2011,True,False,7,Medium,98
2035,LeetCode,11.0,4.9,3055,Medium,Yes,Occasionally,Paid,2011,False,True,5,High,100
2036,HackerRank,7.2,3.7,1488,Medium,Yes,Monthly,Freemium,2012,True,False,5,Medium,78
2037,HackerRank,12.7,3.9,3242,Hard,Limited,Weekly,Free,2014,True,False,7,Low,86
2038,HackerRank,2.4,4.4,3751,Easy,No,Weekly,Free,2015,True,True,3,High,72
2039,CodeChef,24.0,4.3,3067,Hard,Limited,Biweekly,Freemium,2021,False,True,10,High,122
2040,Codeforces,10.8,4.7,1355,Medium,Limited,Biweekly,Paid,2013,False,True,4,High,91
2041,Codeforces,7.2,4.3,514,Medium,Limited,Biweekly,Paid,2022,False,True,5,Medium,82
2042,Codeforces,16.5,4.5,3209,Varied,Limited,Occasionally,Freemium,2010,True,True,2,Low,92
2043,CodeChef,21.6,4.7,680,Easy,No,Occasionally,Paid,2017,False,False,3,Low,90
2044,LeetCode,14.5,3.7,1571,Hard,Yes,Monthly,Freemium,2015,True,False,9,Medium,97
2045,LeetCode,1.7,4.7,3820,Varied,No,Occasionally,Paid,2013,True,False,2,High,63
2046,Codeforces,6.9,4.8,2275,Medium,No,Monthly,Free,2006,False,True,7,Medium,85
2047,HackerRank,20.9,4.2,1943,Varied,Limited,Occasionally,Paid,2010,True,False,9,Medium,103
2048,LeetCode,3.8,4.3,1138,Varied,No,Biweekly,Paid,2008,True,False,2,High,63
2049,Codeforces,8.7,3.8,3616,Varied,Limited,Weekly,Freemium,2008,True,False,5,Medium,79
2050,LeetCode,11.2,4.2,3353,Hard,Yes,Biweekly,Paid,2021,True,False,10,Low,95
2051,HackerRank,23.5,4.5,724,Easy,Limited,Biweekly,Paid,2006,False,False,7,Medium,107
2052,LeetCode,7.1,3.8,3317,Hard,No,Weekly,Freemium,2019,True,False,10,Medium,82
2053,CodeChef,21.7,4.3,3411,Easy,Limited,Weekly,Freemium,2020,False,False,6,High,108
2054,CodeChef,24.1,4.5,711,Varied,No,Monthly,Paid,2012,True,False,8,High,106
2055,Codeforces,6.6,4.5,3018,Medium,No,Monthly,Free,2009,False,True,3,Low,72
2056,HackerRank,21.2,4.2,2871,Medium,Yes,Monthly,Free,2013,True,True,8,Medium,113
2057,HackerRank,19.8,4.1,948,Medium,Yes,Weekly,Paid,2009,True,True,10,High,118
2058,CodeChef,9.5,4.6,1857,Hard,Limited,Occasionally,Free,2022,True,False,7,Medium,87
2059,CodeChef,7.2,4.3,3375,Varied,Limited,Weekly,Freemium,2010,True,False,7,Medium,86
2060,LeetCode,12.0,4.4,2920,Hard,No,Occasionally,Freemium,2022,True,True,5,Low,85
2061,LeetCode,28.8,4.0,711,Easy,Limited,Monthly,Freemium,2019,True,True,5,Low,111
2062,CodeChef,11.6,5.0,2428,Varied,Yes,Weekly,Paid,2008,True,True,3,Low,96
2063,Codeforces,18.1,4.8,2668,Varied,Limited,Occasionally,Paid,2008,True,True,2,High,98
2064,LeetCode,11.5,3.5,538,Varied,Yes,Weekly,Freemium,2012,False,False,2,Medium,79
2065,LeetCode,2.2,4.0,1512,Medium,No,Monthly,Paid,2015,True,False,10,Medium,70
2066,HackerRank,29.8,4.3,2659,Easy,Limited,Biweekly,Free,2019,False,False,10,Medium,122
2067,CodeChef,28.9,3.5,1076,Varied,Limited,Monthly,Paid,2019,True,False,3,Low,94
2068,HackerRank,12.6,4.7,3432,Medium,Yes,Biweekly,Paid,2014,True,True,3,Low,93
2069,HackerRank,9.7,3.7,2535,Hard,Yes,Biweekly,Paid,2015,True,True,3,High,83
2070,LeetCode,11.9,3.8,2278,Medium,Limited,Occasionally,Free,2007,True,True,3,Medium,80
2071,Codeforces,4.7,4.7,1794,Varied,No,Biweekly,Paid,2006,False,False,1,High,66
2072,CodeChef,19.6,4.5,3199,Hard,Limited,Weekly,Free,2022,True,False,7,Medium,104
2073,LeetCode,16.5,4.2,2186,Hard,No,Monthly,Free,2005,False,True,9,High,100
2074,Codeforces,18.5,3.6,1476,Easy,Yes,Occasionally,Paid,2017,True,True,10,Medium,106
2075,HackerRank,22.1,4.8,1877,Medium,Limited,Weekly,Paid,2011,False,True,6,Low,111
2076,Codeforces,21.1,4.2,773,Hard,No,Weekly,Freemium,2012,False,True,5,Medium,102
2077,CodeChef,8.8,4.0,2659,Medium,Yes,Biweekly,Paid,2005,True,True,7,High,92
2078,HackerRank,18.7,4.5,2233,Medium,No,Biweekly,Freemium,2007,False,True,9,High,109
2079,Codeforces,27.7,4.6,3390,Easy,Limited,Monthly,Freemium,2017,False,True,8,High,126
2080,LeetCode,5.6,4.5,1720,Varied,No,Monthly,Freemium,2012,False,False,1,High,67
2081,LeetCode,4.7,3.6,3027,Varied,Limited,Occasionally,Paid,2005,False,False,7,Medium,69
2082,HackerRank,16.2,4.3,3562,Varied,Limited,Biweekly,Free,2010,False,True,4,Medium,94
2083,HackerRank,3.9,4.6,1151,Easy,Yes,Biweekly,Paid,2008,True,False,3,High,78
2084,Codeforces,4.3,4.6,2995,Hard,Yes,Biweekly,Free,2006,True,True,1,Low,76
2085,CodeChef,26.3,3.9,3065,Varied,Yes,Monthly,Free,2014,False,True,2,High,107
2086,LeetCode,6.0,3.5,685,Hard,Yes,Occasionally,Paid,2018,False,True,7,Medium,80
2087,HackerRank,8.9,4.3,3723,Hard,No,Occasionally,Paid,2008,False,False,10,Low,81
2088,LeetCode,18.6,4.6,3117,Hard,No,Occasionally,Freemium,2015,False,False,8,High,102
2089,LeetCode,3.3,3.5,3029,Medium,Limited,Biweekly,Freemium,2007,False,False,4,Low,62
2090,LeetCode,3.4,3.9,3898,Medium,Limited,Occasionally,Paid,2007,False,True,10,High,83
2091,CodeChef,2.0,4.3,2085,Hard,No,Biweekly,Free,2012,False,False,3,Low,59
2092,LeetCode,3.2,3.5,2235,Easy,No,Biweekly,Paid,2013,True,False,7,High,64
2093,CodeChef,11.4,4.7,1615,Medium,Limited,Monthly,Freemium,2009,True,True,5,Low,92
2094,Codeforces,28.2,4.9,1017,Easy,Yes,Occasionally,Free,2014,True,True,4,High,124
2095,Codeforces,11.4,4.3,858,Easy,Limited,Weekly,Free,2010,True,True,6,High,95
2096,HackerRank,22.1,3.5,1452,Easy,Yes,Biweekly,Free,2021,False,True,2,Low,94
2097,CodeChef,19.6,3.7,892,Easy,Yes,Occasionally,Freemium,2014,True,False,4,Low,92
2098,CodeChef,28.4,4.8,2289,Varied,Limited,Biweekly,Paid,2018,True,False,10,High,126
2099,CodeChef,24.8,3.9,673,Varied,No,Monthly,Freemium,2009,True,True,7,Low,103
2100,Codeforces,16.3,4.8,3611,Medium,Limited,Monthly,Freemium,2005,True,False,5,High,99
2101,HackerRank,8.8,3.7,1513,Medium,Yes,Biweekly,Paid,2016,True,True,8,Low,87
2102,Codeforces,18.4,4.5,1732,Varied,No,Monthly,Freemium,2022,False,True,3,Medium,94
2103,Codeforces,11.3,4.9,3345,Easy,Limited,Monthly,Paid,2019,True,True,2,Low,85
2104,HackerRank,5.5,4.0,1254,Hard,Limited,Weekly,Free,2022,False,False,3,High,72
2105,CodeChef,14.3,3.7,1139,Varied,No,Weekly,Paid,2018,True,True,6,High,87
2106,CodeChef,10.6,3.5,1299,Easy,Limited,Monthly,Free,2008,True,True,10,Medium,89
2107,HackerRank,2.0,3.6,1820,Hard,Limited,Monthly,Paid,2005,True,False,6,High,65
2108,HackerRank,7.7,4.3,737,Hard,Limited,Weekly,Paid,2022,False,False,9,High,90
2109,CodeChef,25.5,4.8,1620,Varied,Limited,Weekly,Freemium,2010,True,False,8,Low,118
2110,LeetCode,12.0,4.2,2170,Varied,No,Weekly,Free,2007,False,True,6,Low,86
2111,HackerRank,8.8,4.4,2655,Varied,No,Weekly,Freemium,2009,True,False,1,Low,70
2112,Codeforces,25.2,3.8,992,Easy,Limited,Monthly,Paid,2014,True,False,3,High,96
2113,LeetCode,6.9,3.7,1953,Varied,Yes,Weekly,Free,2016,False,True,10,High,95
2114,CodeChef,11.1,4.0,1380,Varied,Yes,Monthly,Free,2008,False,False,7,High,91
2115,CodeChef,2.7,4.9,3238,Easy,No,Biweekly,Paid,2012,False,False,5,Medium,71
2116,CodeChef,9.3,4.8,835,Easy,No,Monthly,Freemium,2010,False,False,7,High,88
2117,Codeforces,4.0,4.6,2553,Hard,No,Biweekly,Paid,2022,True,False,8,Medium,76
2118,Codeforces,29.1,4.0,3612,Medium,No,Monthly,Paid,2017,True,False,10,Medium,111
2119,Codeforces,8.6,3.9,2364,Hard,Yes,Occasionally,Paid,2017,True,False,5,Medium,79
2120,CodeChef,4.4,4.7,803,Medium,Limited,Occasionally,Free,2015,True,True,10,High,94
2121,CodeChef,15.6,3.6,762,Varied,No,Occasionally,Free,2016,True,False,7,High,83
2122,Codeforces,1.2,3.9,2770,Easy,Yes,Weekly,Freemium,2009,True,True,6,Medium,81
2123,LeetCode,15.3,4.1,3946,Medium,No,Weekly,Free,2020,True,False,6,Low,85
2124,Codeforces,5.7,3.9,3236,Easy,Yes,Monthly,Paid,2005,True,True,10,High,92
2125,LeetCode,4.6,3.5,1957,Hard,No,Occasionally,Paid,2018,True,True,3,Medium,60
2126,HackerRank,15.4,4.2,671,Varied,No,Monthly,Paid,2006,False,True,10,High,99
2127,HackerRank,18.8,4.7,2427,Medium,No,Biweekly,Free,2019,False,False,1,High,88
2128,HackerRank,5.2,5.0,520,Hard,Limited,Biweekly,Paid,2007,True,False,2,High,77
2129,LeetCode,5.6,4.3,3244,Varied,Limited,Weekly,Paid,2013,True,False,5,Medium,76
2130,HackerRank,5.3,4.6,1734,Hard,Limited,Biweekly,Paid,2012,True,True,7,Medium,86
2131,LeetCode,21.8,4.9,2228,Medium,Yes,Occasionally,Paid,2012,True,False,8,Medium,115
2132,CodeChef,13.8,3.7,2553,Hard,Limited,Weekly,Free,2007,False,False,4,High,84
2133,HackerRank,7.4,4.2,640,Medium,Yes,Weekly,Freemium,2009,False,True,9,High,101
2134,LeetCode,1.8,4.3,3418,Medium,Limited,Occasionally,Paid,2011,True,False,8,High,76
2135,Codeforces,11.5,4.2,2453,Easy,No,Occasionally,Free,2007,False,False,1,Medium,69
2136,HackerRank,22.6,3.9,529,Easy,No,Monthly,Free,2019,False,False,4,Low,87
2137,HackerRank,23.6,4.6,3751,Varied,Yes,Biweekly,Freemium,2012,True,False,6,High,116
2138,CodeChef,7.0,4.6,2787,Hard,Yes,Occasionally,Free,2014,True,False,5,Medium,84
2139,CodeChef,27.8,3.6,3840,Easy,Yes,Biweekly,Free,2022,True,True,4,Medium,110
2140,CodeChef,22.2,3.7,543,Medium,Limited,Biweekly,Freemium,2013,False,False,1,High,90
2141,HackerRank,26.1,3.9,1463,Hard,No,Monthly,Paid,2010,True,True,1,Low,90
2142,LeetCode,7.3,3.9,2531,Hard,No,Occasionally,Freemium,2006,True,False,10,Medium,80
2143,CodeChef,7.6,4.7,530,Easy,Limited,Biweekly,Free,2014,True,True,4,High,87
2144,HackerRank,28.4,4.6,1877,Varied,Yes,Occasionally,Paid,2014,False,True,10,Low,129
2145,CodeChef,16.7,3.6,935,Medium,Yes,Occasionally,Freemium,2009,True,True,8,High,104
2146,LeetCode,11.8,4.2,2665,Hard,Limited,Occasionally,Freemium,2020,True,True,8,Low,94
2147,LeetCode,10.2,3.8,1680,Hard,No,Monthly,Freemium,2009,True,False,8,High,81
2148,LeetCode,26.4,3.8,1604,Easy,Yes,Weekly,Free,2021,False,False,2,High,105
2149,Codeforces,18.4,4.2,3795,Varied,Yes,Biweekly,Paid,2020,True,True,7,High,109
2150,LeetCode,20.2,4.5,1881,Hard,Limited,Weekly,Free,2011,False,False,5,Low,99
2151,CodeChef,10.6,4.7,2445,Varied,No,Weekly,Free,2012,True,False,7,Low,86
2152,HackerRank,6.2,3.7,2271,Hard,Limited,Monthly,Free,2010,False,True,2,Low,66
2153,Codeforces,25.1,4.5,2344,Varied,Limited,Monthly,Freemium,2009,True,True,8,High,121
2154,HackerRank,1.2,4.9,2438,Easy,No,Biweekly,Paid,2009,False,False,6,Low,69
2155,Codeforces,1.1,4.9,3179,Easy,No,Weekly,Paid,2019,False,True,5,Medium,76
2156,Codeforces,14.2,3.5,3066,Medium,No,Occasionally,Freemium,2009,True,False,8,Low,80
2157,Codeforces,16.0,4.7,1569,Hard,Yes,Weekly,Paid,2014,False,False,9,Medium,109
2158,Codeforces,15.9,4.6,2772,Varied,Yes,Occasionally,Paid,2006,True,False,1,Low,87
2159,HackerRank,8.2,4.6,1593,Varied,Yes,Occasionally,Free,2012,True,True,6,Medium,93
2160,CodeChef,29.6,4.0,2490,Varied,Limited,Biweekly,Paid,2007,True,False,3,High,105
2161,LeetCode,28.5,3.9,876,Medium,No,Monthly,Paid,2014,True,True,3,High,102
2162,CodeChef,2.1,4.4,2917,Medium,Limited,Occasionally,Paid,2021,True,False,6,Low,69
2163,LeetCode,21.2,4.8,947,Hard,Limited,Occasionally,Paid,2006,False,False,2,Medium,96
2164,Codeforces,8.9,4.8,783,Medium,No,Monthly,Freemium,2012,False,False,5,High,83
2165,CodeChef,22.9,4.0,2119,Varied,Yes,Occasionally,Freemium,2011,True,False,7,High,110
2166,LeetCode,20.0,3.5,3523,Easy,Limited,Monthly,Free,2007,False,False,8,Medium,94
2167,Codeforces,22.6,4.4,3817,Varied,Yes,Monthly,Free,2010,True,False,9,Medium,114
2168,Codeforces,16.5,4.7,3101,Medium,Yes,Biweekly,Free,2016,False,False,4,Medium,99
2169,LeetCode,16.9,4.3,834,Easy,No,Biweekly,Freemium,2019,True,False,6,Medium,91
2170,HackerRank,16.6,5.0,1767,Varied,No,Occasionally,Free,2022,True,True,2,Low,90
2171,HackerRank,9.1,3.8,1516,Varied,Yes,Biweekly,Free,2009,True,True,4,Medium,84
2172,CodeChef,18.3,4.5,2500,Varied,Limited,Monthly,Paid,2010,False,True,6,Low,99
2173,LeetCode,1.8,4.1,1683,Medium,Limited,Monthly,Freemium,2019,False,True,7,Medium,78
2174,CodeChef,2.1,4.9,3248,Varied,Yes,Monthly,Freemium,2012,False,False,5,Medium,82
2175,HackerRank,3.1,3.6,1043,Easy,Limited,Biweekly,Paid,2011,True,False,3,High,62
2176,CodeChef,6.7,4.2,874,Medium,No,Monthly,Free,2019,True,True,1,High,69
2177,CodeChef,1.4,4.8,1256,Hard,No,Weekly,Paid,2022,False,False,5,Medium,70
2178,LeetCode,2.9,3.7,1746,Easy,No,Biweekly,Freemium,2010,False,False,9,High,72
2179,LeetCode,27.6,3.7,3439,Medium,Yes,Monthly,Freemium,2015,False,True,5,Medium,113
2180,Codeforces,15.9,3.7,3361,Easy,No,Weekly,Paid,2008,True,True,8,High,94
2181,HackerRank,12.1,3.5,2991,Medium,Limited,Occasionally,Paid,2011,False,False,6,Medium,77
2182,HackerRank,13.8,3.9,1103,Hard,Limited,Monthly,Freemium,2021,False,False,1,Low,75
2183,Codeforces,13.3,5.0,828,Easy,Limited,Occasionally,Freemium,2017,False,False,7,High,101
2184,HackerRank,29.7,3.8,672,Easy,Limited,Occasionally,Freemium,2017,True,True,10,Low,121
2185,Codeforces,9.2,4.5,2187,Easy,Yes,Biweekly,Freemium,2007,True,True,7,Low,97
2186,LeetCode,16.0,4.4,3036,Varied,Yes,Biweekly,Freemium,2014,True,False,6,High,103
2187,LeetCode,7.7,4.1,3921,Easy,Yes,Weekly,Free,2008,False,True,10,Medium,99
2188,Codeforces,28.2,3.7,503,Medium,Yes,Weekly,Free,2021,True,False,4,Low,106
2189,Codeforces,26.5,4.0,856,Medium,Yes,Biweekly,Freemium,2011,True,False,4,Medium,109
2190,Codeforces,9.2,4.8,1130,Medium,Limited,Biweekly,Paid,2014,True,True,6,Low,90
2191,HackerRank,19.5,4.1,3380,Varied,Yes,Biweekly,Free,2019,True,False,9,Medium,107
2192,CodeChef,12.0,4.6,3836,Easy,No,Weekly,Free,2022,True,True,9,Medium,98
2193,CodeChef,21.6,4.4,2703,Hard,No,Biweekly,Freemium,2019,True,True,5,Low,100
2194,Codeforces,2.1,3.8,649,Medium,Yes,Occasionally,Freemium,2015,True,False,6,Medium,73
2195,LeetCode,17.1,4.8,3573,Easy,No,Occasionally,Freemium,2006,True,True,3,Medium,95
2196,Codeforces,13.1,4.2,1097,Medium,Yes,Weekly,Paid,2014,True,False,3,Low,86
2197,CodeChef,2.7,5.0,663,Varied,Yes,Biweekly,Free,2006,True,True,2,Medium,82
2198,Codeforces,14.6,4.2,1348,Easy,Yes,Biweekly,Paid,2014,True,False,4,Low,88
2199,LeetCode,4.6,4.4,3609,Hard,Yes,Monthly,Paid,2008,True,False,9,Low,84
2200,HackerRank,9.3,3.6,3826,Medium,Yes,Monthly,Freemium,2009,True,False,4,Medium,78
2201,HackerRank,20.2,3.8,3446,Medium,No,Biweekly,Freemium,2005,False,False,3,High,87
2202,LeetCode,10.8,4.4,2968,Hard,Limited,Biweekly,Paid,2015,False,False,4,High,83
2203,LeetCode,10.9,3.6,3687,Easy,No,Weekly,Freemium,2014,True,True,4,Medium,78
2204,Codeforces,5.6,3.8,589,Easy,No,Monthly,Free,2019,True,False,4,High,64
2205,Codeforces,17.5,4.2,3454,Easy,Limited,Biweekly,Free,2011,True,False,1,Medium,84
2206,HackerRank,20.1,3.7,2001,Medium,No,Weekly,Free,2011,True,True,8,Low,97
2207,CodeChef,11.7,4.4,2723,Medium,Yes,Monthly,Free,2014,True,False,8,High,98
2208,HackerRank,8.4,3.8,1838,Varied,Limited,Weekly,Freemium,2006,False,False,9,Low,85
2209,Codeforces,15.0,4.5,2022,Easy,Limited,Monthly,Free,2010,False,False,4,Medium,88
2210,CodeChef,14.3,4.5,3488,Varied,Limited,Occasionally,Free,2014,False,True,8,Low,98
2211,CodeChef,26.9,4.4,2176,Hard,Limited,Biweekly,Paid,2021,False,False,4,Low,103
2212,Codeforces,28.1,3.9,3277,Varied,Yes,Monthly,Paid,2005,True,False,9,Medium,116
2213,HackerRank,4.0,4.3,3228,Easy,Limited,Monthly,Paid,2016,True,True,6,High,80
2214,Codeforces,27.8,4.8,3080,Varied,Yes,Occasionally,Freemium,2008,False,True,5,Low,123
2215,CodeChef,9.5,4.3,1281,Varied,Yes,Occasionally,Paid,2005,False,False,9,Medium,92
2216,LeetCode,1.7,4.0,1602,Hard,Limited,Biweekly,Free,2007,False,False,9,Low,73
2217,CodeChef,14.4,3.8,1232,Easy,Limited,Occasionally,Paid,2021,False,True,8,Medium,93
2218,LeetCode,23.7,4.8,3108,Easy,Yes,Monthly,Freemium,2006,True,True,6,High,123
2219,CodeChef,28.7,4.2,3327,Medium,No,Weekly,Paid,2006,True,False,4,Low,101
2220,LeetCode,6.6,3.9,2641,Varied,No,Biweekly,Free,2016,False,False,9,High,78
2221,CodeChef,21.0,4.1,3865,Hard,No,Biweekly,Paid,2010,True,False,10,High,102
2222,CodeChef,17.9,3.8,1472,Easy,Yes,Weekly,Paid,2019,True,True,7,Medium,104
2223,Codeforces,2.7,4.8,2001,Easy,No,Weekly,Paid,2011,False,False,8,High,80
2224,LeetCode,17.6,4.7,3462,Hard,Yes,Biweekly,Freemium,2013,True,True,6,Medium,111
2225,CodeChef,8.1,3.8,1464,Easy,No,Weekly,Free,2006,False,True,5,High,78
2226,CodeChef,26.1,4.8,3463,Varied,Limited,Monthly,Paid,2021,False,False,3,Low,103
2227,CodeChef,5.6,4.3,2090,Hard,No,Weekly,Paid,2010,True,False,5,Medium,71
2228,Codeforces,28.2,3.8,3053,Medium,Yes,Weekly,Paid,2007,False,False,6,High,114
2229,CodeChef,10.9,4.8,1862,Hard,Limited,Weekly,Paid,2015,True,True,5,Low,92
2230,HackerRank,17.6,4.5,763,Medium,Limited,Occasionally,Freemium,2016,False,True,7,Medium,105
2231,HackerRank,26.3,4.1,1073,Varied,Limited,Biweekly,Paid,2016,False,False,10,Low,111
2232,LeetCode,11.1,4.8,1064,Medium,Yes,Occasionally,Paid,2020,True,False,10,Medium,102
2233,LeetCode,16.6,3.8,3519,Varied,Yes,Weekly,Freemium,2021,True,False,6,Low,96
2234,HackerRank,2.9,4.0,1884,Medium,No,Monthly,Free,2010,True,True,4,Low,63
2235,CodeChef,5.0,3.8,2565,Medium,Yes,Occasionally,Free,2022,True,False,7,High,80
2236,Codeforces,3.4,3.9,3179,Easy,No,Occasionally,Free,2007,True,True,4,High,67
2237,LeetCode,5.1,3.9,993,Medium,No,Occasionally,Freemium,2018,False,True,1,Low,62
2238,HackerRank,12.4,3.6,2860,Hard,Yes,Monthly,Free,2019,False,False,10,Medium,93
2239,HackerRank,7.6,3.7,2351,Hard,Yes,Monthly,Paid,2019,False,False,6,Low,75
2240,LeetCode,10.7,4.7,2299,Varied,Yes,Occasionally,Free,2006,False,True,3,Medium,92
2241,CodeChef,3.8,5.0,1892,Medium,Yes,Occasionally,Paid,2007,False,True,3,Low,82
2242,LeetCode,9.2,3.8,3186,Medium,Limited,Occasionally,Free,2018,True,True,7,Low,82
2243,Codeforces,15.6,4.5,1753,Easy,Limited,Occasionally,Free,2016,True,True,7,Low,98
2244,CodeChef,18.5,4.1,1058,Easy,Limited,Biweekly,Paid,2007,True,True,9,Medium,105
2245,HackerRank,6.4,4.3,1271,Hard,No,Occasionally,Free,2021,False,True,5,Medium,76
2246,HackerRank,29.7,4.9,3367,Easy,Limited,Occasionally,Paid,2013,True,False,2,Medium,110
2247,LeetCode,15.9,3.6,2802,Medium,No,Occasionally,Paid,2014,False,False,3,High,75
2248,HackerRank,17.3,4.5,1349,Varied,No,Weekly,Free,2014,False,True,7,Low,99
2249,HackerRank,21.6,3.6,3305,Varied,Yes,Weekly,Freemium,2019,True,True,10,Low,114
2250,LeetCode,10.4,3.5,2864,Varied,No,Biweekly,Paid,2010,True,True,9,Medium,82
2251,CodeChef,11.0,4.0,1394,Hard,No,Occasionally,Free,2005,True,True,3,Medium,76
2252,LeetCode,18.1,4.0,2792,Easy,Yes,Weekly,Freemium,2008,True,False,2,High,96
2253,CodeChef,18.7,3.6,3642,Hard,Limited,Biweekly,Freemium,2016,False,False,6,Medium,92
2254,CodeChef,8.6,4.7,3217,Varied,Limited,Monthly,Paid,2010,False,False,5,Low,80
2255,HackerRank,5.5,3.7,3990,Medium,No,Biweekly,Paid,2007,False,False,3,Medium,59
2256,LeetCode,3.8,3.6,3722,Medium,Limited,Biweekly,Paid,2005,True,True,5,High,72
2257,CodeChef,22.0,4.2,2220,Medium,Yes,Weekly,Free,2009,True,False,10,High,118
2258,HackerRank,1.8,3.7,977,Medium,Yes,Weekly,Paid,2005,True,False,7,High,76
2259,LeetCode,10.0,4.7,595,Medium,Yes,Occasionally,Free,2022,True,False,9,Medium,98
2260,LeetCode,25.4,4.9,1264,Varied,Yes,Monthly,Free,2012,False,False,4,Low,111
2261,CodeChef,1.5,4.3,1448,Easy,Yes,Monthly,Paid,2015,False,True,1,Low,67
2262,LeetCode,13.0,4.0,3743,Easy,No,Monthly,Paid,2006,False,False,3,Medium,72
2263,HackerRank,25.6,3.6,3040,Easy,No,Biweekly,Freemium,2007,False,True,5,High,102
2264,CodeChef,10.1,4.0,2520,Varied,Limited,Occasionally,Free,2006,False,False,6,Medium,80
2265,LeetCode,11.2,4.4,2378,Medium,Limited,Occasionally,Freemium,2013,False,False,4,High,86
2266,LeetCode,24.3,4.2,698,Medium,Yes,Weekly,Paid,2012,False,True,3,Low,107
2267,HackerRank,3.6,4.4,3721,Hard,Yes,Biweekly,Free,2012,False,False,1,Low,68
2268,HackerRank,19.6,4.2,1887,Easy,Yes,Occasionally,Free,2006,False,True,5,Medium,104
2269,HackerRank,13.1,4.3,1407,Medium,Limited,Occasionally,Free,2020,False,False,7,Medium,90
2270,HackerRank,26.3,3.9,2681,Easy,No,Weekly,Freemium,2014,False,True,9,High,116
2271,LeetCode,1.9,4.1,1807,Medium,Limited,Monthly,Free,2007,True,False,7,Low,69
2272,CodeChef,5.6,4.2,3939,Easy,Yes,Weekly,Paid,2012,False,True,2,High,81
2273,Codeforces,2.7,4.6,565,Medium,Yes,Occasionally,Free,2017,True,False,5,High,80
2274,HackerRank,8.3,4.5,3525,Easy,Yes,Weekly,Free,2014,True,False,3,Medium,84
2275,Codeforces,29.8,4.5,1982,Medium,Yes,Monthly,Freemium,2015,False,True,5,Medium,125
2276,LeetCode,5.4,3.6,2254,Hard,Yes,Occasionally,Paid,2015,True,True,3,Low,70
2277,HackerRank,1.7,4.1,3315,Medium,No,Weekly,Freemium,2009,False,True,5,Low,70
2278,CodeChef,25.1,4.6,3074,Easy,No,Biweekly,Free,2006,False,False,6,High,107
2279,LeetCode,9.1,5.0,1850,Easy,Yes,Weekly,Free,2008,True,False,5,Medium,95
2280,CodeChef,24.2,4.2,1951,Easy,Limited,Monthly,Free,2013,False,False,8,Low,105
2281,CodeChef,24.1,4.6,3583,Medium,Yes,Weekly,Free,2020,False,False,5,High,115
2282,Codeforces,25.4,3.8,563,Hard,Limited,Biweekly,Freemium,2010,True,False,7,Medium,106
2283,LeetCode,27.8,4.8,1614,Easy,Limited,Weekly,Freemium,2007,True,False,5,High,120
2284,Codeforces,16.4,3.9,1765,Varied,Limited,Monthly,Paid,2019,False,True,8,Low,95
2285,Codeforces,19.3,3.5,3316,Medium,Yes,Monthly,Paid,2014,True,True,5,High,98
2286,LeetCode,14.0,4.6,3296,Hard,Limited,Monthly,Paid,2005,False,True,5,High,96
2287,Codeforces,13.4,3.9,2303,Varied,Limited,Biweekly,Free,2010,False,False,5,High,85
2288,CodeChef,8.0,4.5,2663,Hard,No,Biweekly,Free,2005,False,False,8,Medium,82
2289,Codeforces,17.3,3.9,3239,Varied,No,Monthly,Freemium,2011,False,True,1,High,84
2290,LeetCode,9.1,4.0,1515,Medium,Limited,Monthly,Freemium,2012,True,False,9,High,89
2291,HackerRank,29.0,4.4,2235,Varied,Limited,Weekly,Free,2010,True,False,8,Medium,120
2292,CodeChef,10.7,4.0,1466,Easy,Limited,Biweekly,Freemium,2006,True,False,6,Medium,84
2293,CodeChef,9.5,5.0,3707,Medium,Limited,Biweekly,Freemium,2015,True,True,1,High,89
2294,LeetCode,19.3,3.5,2890,Easy,No,Occasionally,Free,2008,True,True,2,Low,79
2295,LeetCode,25.6,3.5,3806,Hard,Yes,Monthly,Freemium,2016,False,True,7,Medium,112
2296,LeetCode,15.2,4.2,1093,Easy,Limited,Occasionally,Freemium,2011,False,False,10,Medium,100
2297,CodeChef,21.6,4.2,996,Hard,Limited,Monthly,Free,2020,True,False,8,Medium,103
2298,HackerRank,18.8,3.9,3320,Easy,Yes,Weekly,Freemium,2006,True,True,1,High,99
2299,CodeChef,12.6,4.8,3255,Easy,Limited,Monthly,Freemium,2007,False,False,7,Medium,96
2300,LeetCode,1.7,4.5,3756,Medium,No,Occasionally,Paid,2012,False,True,7,High,76
2301,LeetCode,10.6,3.9,3850,Easy,Yes,Monthly,Free,2006,False,True,8,Medium,94
2302,Codeforces,2.1,4.0,2593,Easy,Limited,Biweekly,Paid,2014,True,False,7,High,72
2303,Codeforces,19.9,4.8,1681,Hard,Limited,Occasionally,Freemium,2010,False,False,9,High,113
2304,Codeforces,12.9,4.4,1349,Medium,Yes,Occasionally,Free,2009,True,True,8,Low,100
2305,CodeChef,3.3,4.4,2602,Hard,No,Occasionally,Free,2017,False,True,4,High,72
2306,LeetCode,8.1,3.9,2815,Hard,Yes,Biweekly,Free,2013,False,False,6,High,84
2307,LeetCode,26.6,4.8,1286,Varied,Limited,Monthly,Freemium,2018,True,False,9,High,123
2308,HackerRank,3.8,3.6,1284,Easy,Limited,Monthly,Freemium,2019,False,False,2,Low,59
2309,HackerRank,22.4,4.5,2216,Hard,Limited,Occasionally,Paid,2005,True,False,9,High,111
2310,CodeChef,16.6,4.8,1808,Hard,No,Weekly,Freemium,2009,False,True,1,High,95
2311,CodeChef,7.5,4.7,1321,Varied,No,Weekly,Freemium,2020,True,False,3,High,79
2312,HackerRank,17.6,3.9,2094,Medium,Yes,Biweekly,Freemium,2017,True,True,10,Medium,111
2313,Codeforces,27.4,4.4,1196,Varied,Limited,Occasionally,Free,2013,False,False,2,High,104
2314,Codeforces,16.2,3.9,782,Hard,Yes,Occasionally,Paid,2014,False,True,3,Medium,91
2315,HackerRank,11.2,3.8,1222,Medium,Yes,Occasionally,Paid,2021,False,False,1,Low,72
2316,LeetCode,21.8,4.5,2607,Varied,No,Monthly,Paid,2006,False,False,3,Medium,91
2317,CodeChef,1.4,4.9,3635,Easy,Limited,Occasionally,Freemium,2009,False,False,10,High,88
2318,Codeforces,24.1,4.1,634,Medium,No,Weekly,Free,2018,True,False,3,Medium,94
2319,LeetCode,15.7,3.6,1724,Hard,Limited,Biweekly,Free,2008,False,True,6,High,93
2320,HackerRank,3.3,4.5,2458,Medium,Yes,Occasionally,Paid,2012,False,False,9,Low,83
2321,LeetCode,18.4,5.0,3612,Easy,Yes,Biweekly,Free,2011,True,True,3,Medium,108
2322,LeetCode,9.4,3.8,3152,Medium,Yes,Weekly,Paid,2019,True,True,5,Medium,87
2323,LeetCode,20.3,4.3,1516,Medium,No,Monthly,Paid,2014,False,False,7,Low,92
2324,CodeChef,20.2,4.6,3265,Hard,Yes,Occasionally,Paid,2015,True,True,7,Low,110
2325,CodeChef,12.5,4.7,3908,Medium,Limited,Weekly,Freemium,2013,True,False,4,High,94
2326,CodeChef,1.0,4.4,565,Medium,No,Monthly,Paid,2005,True,False,7,High,68
2327,HackerRank,13.9,4.4,2847,Easy,No,Occasionally,Free,2015,True,False,7,Medium,87
2328,HackerRank,11.5,4.3,3715,Easy,Yes,Monthly,Freemium,2017,True,False,5,Low,88
2329,CodeChef,16.1,4.4,3592,Varied,Yes,Biweekly,Paid,2018,False,False,1,Low,86
2330,Codeforces,7.0,3.8,3822,Easy,No,Monthly,Paid,2009,False,True,10,Low,78
2331,LeetCode,21.2,3.8,2368,Hard,Yes,Monthly,Free,2006,False,False,4,High,98
2332,CodeChef,2.9,3.8,2798,Medium,No,Weekly,Freemium,2022,False,True,10,Medium,80
2333,Codeforces,15.0,3.7,854,Varied,No,Biweekly,Free,2018,False,True,7,Medium,88
2334,HackerRank,13.0,3.5,3435,Varied,Yes,Occasionally,Freemium,2013,True,False,2,Medium,78
2335,HackerRank,27.9,4.5,3106,Varied,Yes,Monthly,Freemium,2015,False,False,6,Medium,119
2336,HackerRank,2.8,4.4,2896,Medium,Limited,Monthly,Paid,2010,False,False,4,High,70
2337,Codeforces,9.2,4.0,3381,Easy,Yes,Occasionally,Freemium,2017,True,True,1,Low,79
2338,CodeChef,26.7,4.6,3193,Medium,Yes,Occasionally,Freemium,2019,True,True,5,Medium,121
2339,LeetCode,25.3,3.6,1117,Hard,Limited,Occasionally,Paid,2007,False,False,5,High,98
2340,LeetCode,19.7,4.7,2913,Easy,Yes,Biweekly,Paid,2012,False,True,10,Medium,120
2341,LeetCode,21.6,5.0,1893,Hard,Yes,Occasionally,Free,2014,False,True,1,Low,105
2342,CodeChef,8.1,4.9,1653,Medium,Yes,Occasionally,Free,2017,False,False,2,High,85
2343,HackerRank,22.2,4.5,3148,Varied,Limited,Monthly,Freemium,2006,False,True,8,High,116
2344,CodeChef,11.1,4.7,635,Medium,Yes,Monthly,Free,2015,False,False,6,Low,92
2345,Codeforces,15.1,4.4,743,Medium,No,Occasionally,Free,2017,True,False,9,Low,91
2346,Codeforces,27.0,4.5,3825,Easy,No,Monthly,Paid,2012,True,True,10,Low,116
2347,Codeforces,9.0,4.2,1716,Hard,No,Monthly,Paid,2012,False,False,6,High,76
2348,CodeChef,21.9,4.6,1240,Medium,No,Occasionally,Freemium,2015,False,True,4,Low,100
2349,CodeChef,3.7,4.6,1212,Easy,Limited,Weekly,Free,2020,True,True,10,Low,91
2350,HackerRank,2.3,3.7,2154,Easy,Limited,Biweekly,Free,2012,False,True,7,Low,71
2351,HackerRank,20.7,4.0,3407,Easy,Limited,Weekly,Free,2006,False,False,10,Medium,107
2352,HackerRank,25.8,4.9,611,Varied,No,Monthly,Paid,2013,False,False,10,Low,113
2353,CodeChef,8.3,4.8,1854,Medium,No,Biweekly,Free,2010,True,True,3,Low,78
2354,LeetCode,5.7,3.9,2767,Easy,Limited,Biweekly,Freemium,2013,True,True,2,High,75
2355,LeetCode,7.8,4.7,1963,Easy,No,Monthly,Free,2009,False,True,4,Medium,80
2356,LeetCode,24.0,3.8,2408,Easy,Limited,Weekly,Free,2005,False,False,1,High,94
2357,HackerRank,2.9,4.9,922,Medium,Yes,Biweekly,Free,2022,True,True,5,Medium,87
2358,CodeChef,18.3,4.6,913,Varied,No,Monthly,Freemium,2017,False,True,2,Medium,92
2359,LeetCode,15.3,4.3,1144,Easy,No,Weekly,Free,2012,False,True,8,Low,96
2360,CodeChef,19.7,4.0,2136,Medium,No,Weekly,Freemium,2019,True,True,5,Medium,98
2361,CodeChef,6.0,4.4,2154,Medium,Yes,Weekly,Paid,2017,False,True,8,Medium,94
2362,LeetCode,23.3,4.5,1817,Easy,Yes,Monthly,Free,2015,True,False,2,Low,100
2363,HackerRank,18.7,4.3,3887,Varied,Yes,Monthly,Freemium,2008,False,False,2,Medium,95
2364,Codeforces,4.0,4.9,3373,Hard,Limited,Occasionally,Paid,2007,True,False,1,Medium,69
2365,LeetCode,26.4,3.6,3654,Medium,Yes,Weekly,Freemium,2019,False,False,3,High,107
2366,Codeforces,18.9,4.2,2611,Varied,No,Biweekly,Free,2005,True,False,5,Medium,89
2367,CodeChef,12.3,4.3,2772,Hard,Limited,Monthly,Paid,2014,True,False,8,High,91
2368,Codeforces,29.5,4.1,1183,Varied,Yes,Biweekly,Freemium,2011,False,False,10,High,128
2369,CodeChef,13.8,3.9,3194,Medium,Yes,Occasionally,Paid,2020,True,True,5,Medium,92
2370,LeetCode,24.3,4.0,2854,Varied,Yes,Biweekly,Paid,2017,True,False,8,Low,108
2371,CodeChef,1.9,4.7,2085,Easy,Limited,Occasionally,Freemium,2005,False,True,5,High,82
2372,CodeChef,18.2,4.4,1759,Varied,Yes,Monthly,Paid,2009,True,True,2,Low,95
2373,HackerRank,3.3,4.4,3031,Medium,No,Monthly,Paid,2017,True,False,9,High,76
2374,CodeChef,23.8,4.2,1993,Medium,Yes,Monthly,Free,2012,True,True,5,Low,109
2375,Codeforces,23.7,4.8,1827,Varied,Yes,Biweekly,Freemium,2010,False,True,8,Medium,126
2376,Codeforces,18.9,4.3,1483,Varied,Yes,Occasionally,Free,2020,False,True,3,Medium,100
2377,Codeforces,5.8,4.3,2180,Medium,No,Weekly,Freemium,2022,False,False,6,Medium,77
2378,HackerRank,1.2,3.6,3706,Hard,Limited,Weekly,Free,2020,True,True,6,Medium,71
2379,Codeforces,7.2,4.2,2766,Varied,Limited,Weekly,Paid,2017,True,True,9,High,93
2380,HackerRank,18.0,4.5,1484,Varied,Yes,Weekly,Free,2012,False,True,8,Medium,114
2381,Codeforces,1.1,4.0,1883,Medium,No,Weekly,Paid,2007,False,False,10,High,74
2382,Codeforces,22.4,4.9,2055,Easy,Limited,Monthly,Freemium,2012,True,False,8,Low,112
2383,HackerRank,13.9,4.1,2231,Varied,Limited,Occasionally,Paid,2019,False,True,3,Low,83
2384,HackerRank,8.8,3.6,2375,Medium,Limited,Monthly,Freemium,2017,True,True,5,High,81
2385,LeetCode,19.4,3.6,2279,Hard,No,Biweekly,Paid,2022,False,False,10,Medium,93
2386,CodeChef,7.8,4.7,1782,Hard,No,Biweekly,Paid,2021,True,False,6,High,81
2387,CodeChef,6.5,4.1,3875,Hard,Yes,Weekly,Free,2019,False,True,2,Medium,81
2388,LeetCode,1.8,3.9,2964,Easy,Limited,Monthly,Freemium,2011,False,True,7,Medium,76
2389,HackerRank,26.6,3.5,3476,Varied,Yes,Monthly,Free,2020,False,False,3,Low,97
2390,HackerRank,23.9,3.7,1963,Medium,Yes,Occasionally,Paid,2018,True,True,3,Medium,101
2391,LeetCode,4.0,4.2,500,Easy,Yes,Monthly,Free,2021,True,True,5,Low,79
2392,Codeforces,13.1,4.2,1310,Easy,Limited,Occasionally,Freemium,2022,False,True,1,High,86
2393,HackerRank,12.4,4.9,2341,Medium,No,Monthly,Freemium,2009,True,False,8,Low,92
2394,CodeChef,15.2,3.8,3085,Easy,Limited,Occasionally,Freemium,2008,False,False,4,Low,82
2395,HackerRank,17.6,3.8,1630,Varied,No,Occasionally,Freemium,2016,False,True,2,High,85
2396,CodeChef,26.2,4.2,1491,Varied,No,Weekly,Free,2009,False,False,8,Low,106
2397,Codeforces,10.1,4.9,760,Varied,No,Weekly,Freemium,2010,True,False,8,High,95
2398,LeetCode,10.1,3.8,1392,Medium,Limited,Biweekly,Freemium,2020,False,True,6,High,88
2399,Codeforces,17.0,4.9,525,Medium,No,Weekly,Paid,2018,False,False,2,High,90
2400,LeetCode,5.1,4.7,2510,Hard,Yes,Biweekly,Paid,2020,True,False,3,Medium,79
2401,HackerRank,29.1,4.4,2666,Varied,Limited,Weekly,Free,2016,True,False,2,Low,106
2402,LeetCode,4.0,4.2,607,Hard,No,Biweekly,Freemium,2019,True,False,1,High,63
2403,Codeforces,27.7,4.9,611,Hard,Yes,Biweekly,Freemium,2015,True,False,1,High,116
2404,Codeforces,13.9,4.5,3298,Varied,Yes,Biweekly,Free,2008,False,True,4,Low,96
2405,Codeforces,8.0,4.7,3983,Varied,Limited,Occasionally,Paid,2011,True,False,10,Low,89
2406,Codeforces,11.5,4.2,947,Varied,No,Monthly,Free,2013,False,False,7,Low,79
2407,LeetCode,14.0,4.1,1829,Hard,Limited,Monthly,Paid,2006,False,False,6,High,88
2408,LeetCode,12.0,3.6,3320,Varied,Limited,Biweekly,Paid,2022,True,True,8,Low,86
2409,Codeforces,9.9,4.7,2445,Hard,No,Weekly,Paid,2013,False,False,4,Low,78
2410,HackerRank,28.9,4.4,3171,Medium,No,Weekly,Paid,2008,True,True,10,High,124
2411,LeetCode,10.7,4.3,3888,Easy,Yes,Biweekly,Paid,2008,True,True,6,Low,92
2412,CodeChef,2.0,4.8,1863,Varied,Yes,Biweekly,Free,2014,True,False,6,Medium,82
2413,CodeChef,29.8,4.1,505,Varied,No,Biweekly,Freemium,2018,True,False,6,High,111
2414,CodeChef,10.5,5.0,1716,Hard,No,Occasionally,Freemium,2021,True,True,6,High,95
2415,CodeChef,14.2,4.2,2140,Hard,No,Occasionally,Paid,2006,True,False,7,Low,82
2416,LeetCode,26.2,4.1,2692,Easy,Yes,Weekly,Freemium,2006,False,True,4,High,118
2417,Codeforces,13.3,4.2,1349,Hard,Yes,Biweekly,Free,2012,False,False,6,Medium,93
2418,LeetCode,29.2,4.8,2480,Varied,No,Biweekly,Free,2021,False,False,5,Low,109
2419,LeetCode,4.1,4.0,2343,Easy,No,Occasionally,Free,2019,True,False,4,Medium,62
2420,Codeforces,24.2,5.0,1482,Easy,Limited,Monthly,Freemium,2008,True,False,9,High,121
2421,LeetCode,6.5,4.3,2867,Medium,No,Occasionally,Freemium,2012,True,False,1,Low,63
2422,LeetCode,24.1,3.8,959,Varied,No,Occasionally,Paid,2014,True,True,4,Medium,94
2423,Codeforces,10.5,4.9,3741,Easy,Limited,Biweekly,Paid,2006,True,True,10,High,105
2424,HackerRank,25.8,4.7,3989,Varied,Yes,Monthly,Freemium,2020,False,True,1,Low,111
2425,Codeforces,12.9,4.4,2866,Hard,No,Weekly,Free,2020,True,True,4,High,89
2426,CodeChef,16.7,4.5,974,Varied,Yes,Occasionally,Freemium,2015,False,False,1,Medium,92
2427,CodeChef,14.1,5.0,3461,Varied,No,Monthly,Paid,2015,False,False,3,Medium,84
2428,CodeChef,28.3,4.4,933,Medium,No,Weekly,Free,2020,True,True,3,Medium,108
2429,CodeChef,6.3,4.8,1021,Hard,Limited,Weekly,Freemium,2020,True,False,8,Low,89
2430,CodeChef,9.1,4.6,907,Easy,Yes,Weekly,Free,2014,False,True,6,Low,96
2431,LeetCode,22.2,4.5,3195,Hard,Limited,Monthly,Free,2008,True,False,4,High,101
2432,Codeforces,28.9,4.4,712,Easy,Limited,Occasionally,Free,2020,True,True,2,Low,107
2433,HackerRank,23.7,4.3,2556,Easy,No,Weekly,Freemium,2017,True,True,10,High,119
2434,CodeChef,24.1,4.0,2754,Medium,No,Monthly,Free,2005,False,True,2,Low,91
2435,CodeChef,17.7,4.3,1028,Hard,Yes,Occasionally,Free,2006,False,False,4,High,98
2436,HackerRank,17.0,5.0,1402,Varied,Yes,Monthly,Freemium,2008,True,True,6,Low,110
2437,HackerRank,29.3,4.1,3674,Varied,Limited,Weekly,Freemium,2009,False,False,7,Medium,117
2438,CodeChef,22.4,4.9,2828,Hard,Yes,Weekly,Paid,2022,True,False,1,Medium,105
2439,Codeforces,13.9,4.9,3285,Hard,Yes,Monthly,Freemium,2005,True,False,2,Low,92
2440,CodeChef,8.1,4.5,1713,Varied,Limited,Occasionally,Free,2017,False,False,2,High,76
2441,HackerRank,24.7,4.0,1855,Easy,Yes,Weekly,Freemium,2007,True,True,8,Low,119
2442,LeetCode,17.0,5.0,563,Easy,Limited,Occasionally,Paid,2007,True,True,7,Low,104
2443,Codeforces,15.2,4.0,640,Medium,Limited,Weekly,Free,2017,True,False,2,Medium,83
2444,Codeforces,4.5,4.0,3322,Easy,No,Biweekly,Paid,2015,True,True,8,Medium,76
2445,Codeforces,28.6,4.9,1866,Hard,Limited,Monthly,Paid,2021,True,True,3,Low,113
2446,Codeforces,25.4,3.7,750,Medium,Yes,Occasionally,Freemium,2014,False,True,3,Medium,106
2447,LeetCode,12.6,4.0,2534,Varied,No,Monthly,Paid,2014,False,False,6,High,80
2448,CodeChef,27.2,3.9,618,Medium,Limited,Monthly,Freemium,2011,False,False,2,High,101
2449,Codeforces,2.6,4.2,3305,Hard,Yes,Biweekly,Paid,2010,True,False,8,Medium,80
2450,CodeChef,14.2,3.9,3193,Easy,No,Biweekly,Free,2006,False,False,9,High,89
2451,HackerRank,6.0,3.6,906,Medium,No,Weekly,Freemium,2007,True,False,9,Medium,76
2452,LeetCode,7.5,4.5,1703,Hard,Yes,Biweekly,Paid,2021,True,False,1,Low,74
2453,CodeChef,9.6,4.5,963,Medium,Yes,Monthly,Free,2016,False,True,3,High,90
2454,Codeforces,9.2,4.9,2416,Medium,Limited,Weekly,Freemium,2009,False,True,5,Low,94
2455,LeetCode,7.0,4.6,2357,Easy,No,Monthly,Paid,2005,True,False,5,Medium,74
2456,CodeChef,16.7,4.2,3369,Varied,No,Biweekly,Paid,2009,True,True,8,High,98
2457,Codeforces,27.8,3.9,1116,Hard,Yes,Biweekly,Free,2009,True,True,5,High,117
2458,HackerRank,15.1,4.5,3272,Easy,Yes,Biweekly,Freemium,2010,False,False,5,Medium,99
2459,CodeChef,4.0,3.8,2848,Varied,Limited,Occasionally,Paid,2016,False,True,9,Low,77
2460,CodeChef,6.0,4.9,3874,Hard,Yes,Weekly,Paid,2017,False,False,1,High,82
2461,Codeforces,17.1,4.7,1344,Medium,No,Occasionally,Paid,2014,True,True,5,High,97
2462,LeetCode,5.0,4.9,1179,Medium,Limited,Occasionally,Freemium,2014,False,False,5,Low,80
2463,Codeforces,27.9,4.5,3280,Medium,No,Weekly,Paid,2015,True,False,1,Medium,99
2464,CodeChef,16.9,3.9,1460,Easy,Yes,Monthly,Paid,2011,True,True,5,Medium,96
2465,LeetCode,28.0,4.2,3817,Easy,No,Occasionally,Freemium,2015,True,True,6,Low,109
2466,CodeChef,5.2,3.8,3347,Varied,Limited,Weekly,Paid,2015,True,False,5,High,73
2467,CodeChef,14.5,4.4,546,Easy,No,Monthly,Paid,2016,True,False,3,High,81
2468,HackerRank,25.6,4.8,2811,Hard,Yes,Weekly,Freemium,2018,True,False,6,High,123
2469,LeetCode,15.6,5.0,2989,Hard,No,Monthly,Freemium,2021,False,True,1,Medium,90
2470,Codeforces,7.1,4.5,1169,Hard,Limited,Weekly,Freemium,2005,True,True,7,Medium,93
2471,HackerRank,25.5,3.9,2752,Easy,Yes,Biweekly,Freemium,2018,False,False,6,High,112
2472,LeetCode,2.2,4.2,2238,Hard,Limited,Occasionally,Freemium,2008,True,False,4,Medium,68
2473,HackerRank,6.0,4.7,2964,Medium,Limited,Monthly,Free,2020,True,False,5,Medium,79
2474,CodeChef,29.4,4.3,1307,Easy,Yes,Occasionally,Free,2020,True,True,7,High,126
2475,CodeChef,27.5,4.0,1832,Medium,Limited,Weekly,Free,2012,False,True,8,Low,116
2476,LeetCode,6.6,4.8,1799,Medium,Limited,Biweekly,Freemium,2005,True,True,7,Medium,93
2477,CodeChef,27.0,4.8,2782,Easy,No,Occasionally,Freemium,2021,False,False,10,Low,116
2478,CodeChef,9.7,3.9,816,Easy,Yes,Biweekly,Paid,2020,False,False,8,High,90
2479,LeetCode,14.7,4.8,1381,Hard,No,Occasionally,Paid,2007,False,True,3,Medium,88
2480,CodeChef,12.4,4.9,3897,Hard,No,Biweekly,Freemium,2022,True,True,2,Medium,88
2481,Codeforces,11.8,4.6,2804,Medium,Yes,Occasionally,Free,2016,True,False,2,Low,84
2482,LeetCode,22.8,4.0,1308,Varied,Yes,Occasionally,Freemium,2016,True,False,1,High,98
2483,LeetCode,25.1,4.1,2371,Varied,No,Occasionally,Paid,2020,False,True,9,Low,107
2484,LeetCode,15.2,3.6,2569,Easy,Limited,Biweekly,Freemium,2015,True,False,4,Medium,83
2485,Codeforces,24.9,4.6,2988,Hard,Limited,Biweekly,Free,2014,True,True,9,Medium,120
2486,CodeChef,24.6,4.6,2314,Medium,No,Occasionally,Freemium,2014,True,False,8,Low,107
2487,HackerRank,16.9,4.4,2960,Medium,No,Monthly,Freemium,2020,True,True,9,High,104
2488,LeetCode,22.8,3.8,1325,Medium,No,Occasionally,Free,2012,True,False,8,Medium,96
2489,Codeforces,25.4,3.8,963,Easy,Yes,Weekly,Freemium,2017,True,False,10,Low,117
2490,LeetCode,3.9,4.9,2329,Hard,Yes,Monthly,Freemium,2015,True,False,9,High,95
2491,CodeChef,16.2,4.7,936,Easy,Limited,Monthly,Freemium,2022,True,True,10,High,113
2492,CodeChef,26.9,4.8,3365,Hard,No,Biweekly,Paid,2014,True,True,6,Low,111
2493,LeetCode,25.2,4.3,3351,Medium,Yes,Weekly,Paid,2013,True,True,1,Low,106
2494,CodeChef,20.2,4.7,3450,Varied,Yes,Occasionally,Paid,2011,True,True,10,Low,117
2495,CodeChef,14.4,4.2,1841,Medium,Yes,Monthly,Paid,2005,False,False,9,Low,97
2496,CodeChef,4.0,4.6,2488,Easy,Yes,Biweekly,Freemium,2012,False,False,6,Low,83
2497,Codeforces,12.2,3.8,735,Hard,Yes,Occasionally,Freemium,2007,False,False,4,Medium,84
2498,HackerRank,22.9,4.4,611,Easy,No,Monthly,Paid,2007,False,False,1,Medium,87
2499,HackerRank,17.6,4.1,1287,Hard,Yes,Weekly,Freemium,2013,True,False,6,Medium,102
2500,LeetCode,22.5,3.8,1768,Easy,No,Biweekly,Freemium,2019,False,True,2,Medium,92
2501,LeetCode,14.5,4.9,3422,Easy,Limited,Monthly,Freemium,2021,True,False,5,High,98
2502,CodeChef,3.5,4.4,3555,Hard,Yes,Weekly,Free,2020,False,False,1,High,74
2503,LeetCode,19.8,4.0,1504,Easy,No,Weekly,Free,2015,False,False,5,Medium,91
2504,LeetCode,10.1,3.7,2188,Varied,Limited,Monthly,Free,2006,True,False,9,Low,81
2505,Codeforces,4.3,3.5,1399,Medium,Limited,Occasionally,Freemium,2018,True,True,6,High,75
2506,HackerRank,1.4,4.0,2881,Hard,No,Weekly,Freemium,2019,False,True,5,High,72
2507,Codeforces,28.9,3.6,1317,Easy,Limited,Biweekly,Free,2006,False,True,6,Medium,110
2508,LeetCode,26.5,4.0,1534,Varied,Limited,Monthly,Paid,2016,False,True,5,Medium,107
2509,HackerRank,5.2,3.7,2525,Medium,No,Occasionally,Freemium,2022,False,True,8,Low,74
2510,LeetCode,21.8,4.4,3905,Varied,Limited,Weekly,Free,2012,True,True,7,High,114
2511,LeetCode,13.4,4.2,1108,Medium,Yes,Monthly,Freemium,2019,False,True,6,Low,97
2512,Codeforces,12.5,4.2,1968,Hard,Limited,Biweekly,Paid,2009,True,False,2,Medium,78
2513,CodeChef,2.6,3.9,2740,Varied,Limited,Biweekly,Free,2014,True,False,2,High,63
2514,CodeChef,8.6,4.2,3963,Medium,Limited,Weekly,Paid,2021,False,True,2,High,81
2515,Codeforces,4.4,4.1,3919,Easy,Limited,Occasionally,Freemium,2022,True,True,9,Medium,86
2516,Codeforces,17.0,4.5,3112,Easy,Limited,Biweekly,Free,2017,False,True,8,Low,104
2517,Codeforces,10.5,4.9,2693,Hard,Yes,Occasionally,Free,2019,False,False,1,Medium,85
2518,HackerRank,28.9,4.4,2824,Easy,No,Occasionally,Freemium,2016,True,True,1,High,106
2519,HackerRank,13.7,4.1,1903,Varied,Yes,Biweekly,Freemium,2022,False,False,8,Low,97
2520,CodeChef,19.5,4.3,3705,Medium,Limited,Weekly,Freemium,2006,False,False,6,Low,100
2521,Codeforces,2.4,3.9,745,Easy,No,Weekly,Freemium,2020,True,True,3,High,69
2522,LeetCode,19.6,3.7,1638,Hard,Limited,Occasionally,Paid,2020,False,False,6,Low,88
2523,Codeforces,28.3,4.7,2957,Hard,Yes,Monthly,Free,2017,True,False,5,High,119
2524,HackerRank,8.4,4.8,1835,Medium,Yes,Weekly,Free,2007,True,False,7,Medium,96
2525,LeetCode,15.8,4.3,3740,Hard,No,Monthly,Free,2014,True,False,2,High,81
2526,Codeforces,26.8,4.8,2333,Varied,Yes,Biweekly,Paid,2013,True,False,5,Medium,116
2527,Codeforces,25.4,4.4,3464,Medium,Limited,Monthly,Free,2005,True,True,8,Low,114
2528,CodeChef,13.1,4.7,1192,Medium,Limited,Biweekly,Paid,2016,False,True,5,High,97
2529,LeetCode,1.5,3.6,693,Medium,No,Monthly,Free,2016,True,True,1,High,55
2530,CodeChef,22.6,4.1,1741,Varied,Limited,Biweekly,Freemium,2011,False,False,7,Low,103
2531,LeetCode,7.0,4.1,2018,Medium,No,Weekly,Paid,2011,False,False,5,High,74
2532,HackerRank,18.3,3.7,3180,Hard,No,Biweekly,Freemium,2015,False,False,8,High,93
2533,CodeChef,24.2,3.8,2593,Varied,Yes,Weekly,Free,2015,False,True,5,Medium,110
2534,CodeChef,9.3,4.6,2217,Hard,Limited,Occasionally,Free,2008,False,True,1,Medium,80
2535,LeetCode,19.0,3.9,701,Varied,Limited,Occasionally,Free,2008,False,False,10,Low,98
2536,HackerRank,28.7,4.1,3474,Medium,No,Occasionally,Free,2011,True,True,9,High,117
2537,HackerRank,21.6,4.6,3668,Hard,No,Biweekly,Free,2008,True,False,8,Low,101
2538,Codeforces,26.2,4.7,672,Varied,Yes,Biweekly,Paid,2008,False,True,10,Low,127
2539,LeetCode,24.5,4.6,3046,Easy,No,Biweekly,Freemium,2016,True,True,9,Low,115
2540,CodeChef,6.9,4.2,2696,Hard,Yes,Occasionally,Freemium,2016,True,False,2,Low,74
2541,LeetCode,12.0,4.9,1527,Easy,Limited,Weekly,Free,2015,True,False,3,Low,87
2542,LeetCode,4.4,4.0,2847,Hard,No,Occasionally,Paid,2013,True,False,4,Medium,62
2543,Codeforces,27.6,4.9,1602,Varied,No,Monthly,Free,2007,True,True,2,High,109
2544,CodeChef,19.7,3.5,3334,Hard,Yes,Occasionally,Free,2015,False,False,10,Medium,103
2545,CodeChef,28.5,4.0,1338,Hard,Limited,Occasionally,Free,2005,False,True,8,Medium,117
2546,Codeforces,13.5,4.6,563,Varied,No,Biweekly,Freemium,2006,False,False,9,Low,93
2547,Codeforces,14.3,4.1,832,Medium,Yes,Weekly,Paid,2019,False,False,6,Medium,94
2548,Codeforces,25.6,4.0,588,Easy,No,Weekly,Paid,2014,False,True,7,Low,105
2549,LeetCode,12.3,3.6,1200,Easy,Yes,Monthly,Freemium,2019,True,False,2,High,80
2550,LeetCode,22.3,3.9,2358,Medium,Limited,Weekly,Freemium,2016,True,False,10,High,112
2551,LeetCode,18.8,3.6,834,Varied,Limited,Weekly,Free,2009,True,False,6,Medium,92
2552,HackerRank,27.3,4.0,1941,Hard,Limited,Biweekly,Free,2008,True,True,5,Medium,110
2553,HackerRank,23.6,3.8,1481,Easy,Yes,Biweekly,Free,2016,True,False,1,Medium,94
2554,HackerRank,10.8,3.8,2888,Hard,Limited,Biweekly,Paid,2022,True,True,6,Low,82
2555,LeetCode,2.0,3.9,1918,Medium,No,Occasionally,Paid,2012,True,True,5,High,66
2556,HackerRank,22.0,4.5,688,Easy,No,Biweekly,Free,2015,True,False,6,Medium,99
2557,CodeChef,1.1,4.1,1275,Varied,No,Monthly,Freemium,2021,True,True,3,Low,62
2558,Codeforces,21.0,4.9,3372,Medium,Limited,Occasionally,Paid,2010,False,True,9,Low,114
2559,LeetCode,20.3,3.8,600,Hard,Yes,Occasionally,Paid,2006,True,False,7,Low,97
2560,HackerRank,19.4,4.3,3859,Easy,No,Weekly,Freemium,2005,False,False,1,Low,85
2561,LeetCode,16.3,4.7,989,Varied,Limited,Monthly,Free,2021,False,False,7,High,100
2562,HackerRank,17.1,4.1,829,Hard,No,Occasionally,Freemium,2010,True,True,3,Medium,88
2563,LeetCode,24.1,3.6,3560,Easy,No,Weekly,Freemium,2021,False,True,3,High,98
2564,HackerRank,1.3,4.1,3545,Easy,Limited,Monthly,Freemium,2018,False,True,5,Low,71
2565,Codeforces,16.0,4.4,1166,Medium,Yes,Weekly,Freemium,2013,True,True,4,Medium,104
2566,HackerRank,28.3,4.5,833,Varied,No,Monthly,Freemium,2022,False,True,1,Medium,104
2567,LeetCode,18.7,4.1,2777,Medium,Yes,Weekly,Freemium,2011,False,True,9,Medium,115
2568,CodeChef,17.8,4.9,2191,Varied,Limited,Occasionally,Paid,2009,True,False,5,Low,96
2569,HackerRank,24.8,5.0,3284,Easy,No,Occasionally,Freemium,2016,True,True,4,Low,108
2570,CodeChef,3.2,4.8,3179,Easy,Limited,Weekly,Freemium,2008,False,False,2,Low,73
2571,HackerRank,14.6,4.7,1289,Easy,Yes,Occasionally,Paid,2007,True,True,4,High,101
2572,CodeChef,6.1,4.9,2807,Medium,Limited,Occasionally,Paid,2012,False,False,9,Low,86
2573,Codeforces,2.3,5.0,1190,Medium,Limited,Monthly,Paid,2021,True,False,7,Low,77
2574,HackerRank,29.1,3.8,3933,Varied,Yes,Weekly,Freemium,2011,True,False,8,High,123
2575,Codeforces,12.1,4.6,1442,Hard,Limited,Monthly,Paid,2020,True,False,4,Low,82
2576,LeetCode,6.2,3.7,3521,Easy,No,Biweekly,Freemium,2017,False,True,10,High,84
2577,HackerRank,27.6,4.6,2691,Varied,Limited,Monthly,Free,2009,False,False,2,High,106
2578,Codeforces,9.9,4.1,1640,Easy,Limited,Biweekly,Free,2022,True,False,5,Medium,80
2579,HackerRank,9.8,4.1,1641,Easy,Yes,Monthly,Free,2011,False,True,9,Medium,97
2580,CodeChef,19.2,4.0,1969,Varied,Limited,Biweekly,Paid,2008,True,True,9,High,107
2581,CodeChef,1.0,4.8,2350,Hard,Yes,Occasionally,Freemium,2009,False,False,1,Low,70
2582,HackerRank,19.7,4.6,1606,Varied,No,Occasionally,Freemium,2019,False,True,4,Medium,99
2583,CodeChef,13.3,4.7,2987,Medium,Limited,Weekly,Freemium,2020,False,False,2,Low,87
2584,LeetCode,11.9,4.7,2618,Varied,Limited,Monthly,Paid,2015,True,True,5,Medium,92
2585,HackerRank,5.5,3.6,1102,Varied,Yes,Occasionally,Paid,2015,True,False,9,High,81
2586,Codeforces,12.5,4.8,1743,Medium,Yes,Biweekly,Paid,2022,True,True,9,Low,106
2587,CodeChef,2.1,4.1,3509,Varied,No,Monthly,Free,2011,False,False,2,Medium,56
2588,Codeforces,30.0,3.6,629,Easy,No,Occasionally,Free,2021,False,False,8,High,107
2589,CodeChef,21.4,3.9,2237,Varied,Yes,Weekly,Free,2005,False,False,6,Low,102
2590,HackerRank,18.2,3.9,2196,Hard,Limited,Weekly,Freemium,2007,False,False,9,Medium,102
2591,CodeChef,15.7,4.2,3102,Medium,No,Biweekly,Freemium,2014,True,False,8,Low,91
2592,Codeforces,28.1,4.8,3912,Varied,No,Weekly,Paid,2014,False,True,7,High,121
2593,LeetCode,19.9,3.6,3396,Easy,No,Biweekly,Freemium,2012,False,False,3,Medium,83
2594,HackerRank,2.1,4.1,2244,Easy,Yes,Biweekly,Freemium,2016,True,False,3,Low,69
2595,LeetCode,25.9,4.9,3598,Medium,No,Biweekly,Paid,2010,False,False,5,Low,104
2596,CodeChef,13.7,4.9,2122,Hard,No,Biweekly,Freemium,2020,True,False,1,Medium,83
2597,Codeforces,12.6,4.7,3191,Varied,Yes,Weekly,Freemium,2018,False,True,2,High,100
2598,LeetCode,26.3,4.5,1915,Hard,Limited,Biweekly,Paid,2021,True,True,8,High,120
2599,Codeforces,2.5,4.2,2366,Medium,Yes,Biweekly,Freemium,2011,False,True,4,High,82
2600,LeetCode,13.2,4.4,2290,Varied,No,Biweekly,Paid,2005,True,True,5,Low,85
2601,CodeChef,18.2,4.1,2259,Easy,Yes,Monthly,Paid,2019,True,False,10,Medium,105
2602,HackerRank,7.4,4.4,3463,Varied,No,Biweekly,Paid,2022,True,False,3,Medium,69
2603,HackerRank,20.6,3.5,804,Medium,No,Occasionally,Paid,2022,True,True,4,High,88
2604,Codeforces,26.4,4.7,885,Medium,Limited,Occasionally,Freemium,2014,True,True,8,Medium,123
2605,LeetCode,11.6,4.9,2074,Medium,Limited,Occasionally,Paid,2014,False,True,9,Low,99
2606,LeetCode,17.1,3.6,3018,Medium,No,Monthly,Free,2021,True,False,3,Medium,76
2607,Codeforces,21.6,4.2,987,Easy,No,Biweekly,Freemium,2017,True,False,1,High,89
2608,CodeChef,24.7,3.8,2503,Medium,Limited,Biweekly,Freemium,2009,False,True,5,Medium,106
2609,Codeforces,16.8,4.7,2091,Easy,Limited,Weekly,Free,2005,False,True,5,High,105
2610,HackerRank,5.3,4.8,2039,Hard,Yes,Weekly,Freemium,2010,True,False,4,High,89
2611,LeetCode,17.2,4.0,2834,Hard,Yes,Monthly,Paid,2012,False,False,8,Low,97
2612,LeetCode,23.4,4.9,2329,Varied,No,Weekly,Free,2018,True,True,2,Medium,104
2613,CodeChef,15.2,4.5,3638,Easy,No,Occasionally,Paid,2018,True,False,8,High,93
2614,LeetCode,9.8,4.8,3215,Medium,No,Weekly,Free,2019,True,True,6,Low,89
2615,LeetCode,21.2,4.8,1289,Medium,No,Occasionally,Free,2022,False,False,4,High,98
2616,Codeforces,22.4,4.3,3987,Easy,No,Weekly,Free,2014,False,True,10,Medium,113
2617,CodeChef,11.6,4.0,2914,Medium,No,Weekly,Paid,2008,False,True,3,Medium,78
2618,CodeChef,25.3,3.7,3794,Easy,Limited,Weekly,Paid,2008,False,True,5,High,107
2619,LeetCode,9.4,3.8,571,Medium,Yes,Weekly,Paid,2021,True,False,3,Medium,78
2620,CodeChef,2.0,5.0,2781,Medium,Yes,Weekly,Paid,2020,False,False,7,Medium,87
2621,LeetCode,17.7,4.6,960,Medium,Limited,Occasionally,Freemium,2010,False,False,6,High,102
2622,Codeforces,12.6,4.8,835,Easy,Limited,Weekly,Free,2015,True,False,8,High,101
2623,HackerRank,23.7,4.5,1933,Medium,No,Monthly,Freemium,2007,True,False,2,Low,93
2624,LeetCode,25.4,4.1,1380,Medium,Yes,Occasionally,Free,2015,True,False,1,Low,97
2625,HackerRank,18.9,4.6,1060,Easy,No,Weekly,Freemium,2009,False,True,2,Low,94
2626,CodeChef,12.5,4.1,2327,Varied,Yes,Biweekly,Free,2008,True,True,7,High,100
2627,Codeforces,22.8,4.0,3158,Varied,Yes,Weekly,Free,2021,False,True,8,Low,114
2628,LeetCode,13.6,4.0,1817,Medium,No,Occasionally,Paid,2006,False,False,3,Medium,73
2629,HackerRank,27.4,4.4,1350,Medium,Limited,Monthly,Paid,2007,False,False,4,High,107
2630,CodeChef,14.7,4.8,983,Medium,Yes,Weekly,Paid,2019,True,False,1,Low,90
2631,Codeforces,28.7,3.8,1444,Hard,Yes,Occasionally,Paid,2013,True,False,7,Medium,112
2632,HackerRank,17.6,4.2,2250,Easy,Limited,Monthly,Freemium,2013,True,True,9,High,108
2633,Codeforces,29.0,3.6,3517,Hard,Limited,Weekly,Freemium,2015,False,True,2,High,108
2634,LeetCode,7.7,4.0,2762,Medium,Yes,Occasionally,Freemium,2020,False,True,3,High,85
2635,Codeforces,22.6,4.9,587,Easy,Yes,Occasionally,Paid,2018,True,True,4,Medium,113
2636,HackerRank,7.2,4.9,746,Medium,No,Biweekly,Paid,2020,False,False,10,Low,86
2637,LeetCode,1.9,4.5,2644,Hard,Limited,Weekly,Free,2008,False,True,7,Medium,83
2638,LeetCode,12.2,4.1,2392,Hard,Yes,Occasionally,Paid,2011,False,True,2,Medium,85
2639,LeetCode,6.8,4.3,1191,Easy,No,Monthly,Free,2017,True,False,8,Medium,77
2640,LeetCode,22.2,4.5,3982,Easy,Yes,Occasionally,Freemium,2020,False,False,8,High,116
2641,LeetCode,26.0,4.1,3826,Varied,Limited,Weekly,Freemium,2016,True,True,7,Low,115
2642,LeetCode,22.1,4.9,2311,Hard,Yes,Occasionally,Free,2022,True,True,10,Low,123
2643,CodeChef,9.9,3.6,1718,Easy,Yes,Biweekly,Freemium,2017,True,True,1,Low,77
2644,Codeforces,19.8,3.7,1236,Easy,Limited,Weekly,Paid,2013,False,False,3,Low,86
2645,Codeforces,8.4,4.1,2369,Hard,Yes,Biweekly,Freemium,2011,False,False,9,High,95
2646,LeetCode,4.2,4.0,1244,Medium,Yes,Monthly,Paid,2012,False,True,1,Low,68
2647,LeetCode,24.4,3.7,3923,Easy,No,Biweekly,Freemium,2009,True,False,10,High,107
2648,LeetCode,7.0,3.8,810,Medium,Limited,Biweekly,Free,2014,True,True,7,High,84
2649,Codeforces,24.5,4.3,3156,Easy,Yes,Monthly,Freemium,2014,True,False,3,High,108
2650,HackerRank,5.6,4.1,2542,Hard,Yes,Occasionally,Freemium,2014,False,False,8,Low,83
2651,HackerRank,11.6,4.8,2796,Easy,Yes,Occasionally,Paid,2010,False,False,1,Low,82
2652,CodeChef,24.9,4.3,3738,Hard,Yes,Occasionally,Free,2021,False,False,10,Low,116
2653,LeetCode,9.1,3.6,2808,Medium,Yes,Biweekly,Free,2014,False,True,8,High,92
2654,HackerRank,20.6,5.0,1804,Easy,No,Biweekly,Free,2016,True,True,2,Medium,99
2655,LeetCode,19.5,4.8,1043,Easy,No,Occasionally,Freemium,2011,True,True,1,Medium,94
2656,Codeforces,29.9,3.8,3283,Medium,No,Monthly,Freemium,2015,False,True,10,Medium,118
2657,CodeChef,28.1,3.6,2425,Varied,No,Biweekly,Freemium,2012,False,False,10,Low,107
2658,CodeChef,3.2,4.8,3690,Easy,Limited,Biweekly,Freemium,2007,True,False,6,Medium,81
2659,CodeChef,27.8,3.7,2017,Easy,No,Occasionally,Freemium,2013,True,False,6,Low,99
2660,CodeChef,21.2,4.1,3448,Easy,No,Weekly,Free,2013,False,False,2,High,90
2661,Codeforces,3.3,3.9,1633,Medium,Yes,Monthly,Paid,2011,True,True,8,High,84
2662,LeetCode,8.6,4.9,2272,Varied,Limited,Biweekly,Free,2010,False,True,8,Medium,97
2663,CodeChef,26.8,4.4,2202,Hard,No,Biweekly,Paid,2006,True,False,3,High,100
2664,CodeChef,13.2,4.3,2171,Hard,Yes,Weekly,Paid,2016,False,False,4,Low,89
2665,Codeforces,29.4,4.3,3698,Varied,No,Weekly,Free,2016,True,True,1,Medium,105
2666,CodeChef,4.1,4.5,2886,Varied,No,Weekly,Paid,2016,False,False,2,Low,63
2667,HackerRank,18.2,4.2,840,Medium,Yes,Biweekly,Freemium,2009,False,True,3,Low,99
2668,Codeforces,21.6,4.9,1759,Medium,Yes,Monthly,Free,2011,False,True,5,Low,112
2669,LeetCode,15.3,4.5,1809,Varied,No,Monthly,Paid,2010,True,True,4,High,90
2670,Codeforces,28.9,4.3,3620,Varied,Limited,Biweekly,Paid,2008,False,True,2,High,110
2671,Codeforces,17.9,4.7,677,Hard,Limited,Biweekly,Freemium,2019,False,True,9,High,115
2672,CodeChef,7.5,5.0,3061,Easy,No,Occasionally,Freemium,2018,True,True,7,Low,88
2673,HackerRank,3.7,4.1,2385,Medium,No,Biweekly,Paid,2010,True,False,8,Medium,71
2674,Codeforces,5.3,3.5,3533,Hard,Yes,Weekly,Paid,2006,True,False,4,High,73
2675,CodeChef,10.6,4.7,3433,Hard,No,Monthly,Freemium,2014,True,False,9,Low,89
2676,HackerRank,15.9,4.3,2359,Varied,Yes,Occasionally,Free,2020,True,True,1,High,94
2677,LeetCode,19.5,3.8,3935,Easy,Yes,Monthly,Paid,2014,True,False,1,High,88
2678,HackerRank,17.0,3.9,2093,Medium,Limited,Biweekly,Free,2015,False,False,1,Medium,80
2679,CodeChef,22.6,4.6,3013,Medium,Limited,Biweekly,Freemium,2006,False,True,10,Medium,121
2680,LeetCode,9.1,4.9,2847,Medium,Limited,Biweekly,Free,2017,True,False,5,High,89
2681,CodeChef,3.9,3.6,832,Hard,No,Occasionally,Free,2010,False,False,7,Low,62
2682,CodeChef,17.7,4.7,999,Medium,Yes,Monthly,Paid,2015,False,True,2,Low,98
2683,LeetCode,24.8,4.8,1725,Medium,Yes,Weekly,Free,2017,False,False,8,High,124
2684,Codeforces,26.3,4.7,3694,Hard,No,Occasionally,Paid,2016,True,False,9,Medium,111
2685,CodeChef,20.8,4.9,943,Medium,Limited,Occasionally,Free,2017,False,False,5,Low,101
2686,HackerRank,4.1,4.9,3114,Medium,Limited,Occasionally,Paid,2009,False,True,4,Low,78
2687,LeetCode,16.4,3.9,1348,Easy,Limited,Monthly,Paid,2007,False,False,8,High,94
2688,HackerRank,10.5,4.6,3720,Easy,Limited,Monthly,Freemium,2010,True,True,5,High,94
2689,LeetCode,1.8,4.7,3206,Easy,No,Occasionally,Free,2018,False,False,7,Low,70
2690,CodeChef,7.8,4.6,3627,Hard,Yes,Monthly,Freemium,2005,False,True,5,High,95
2691,HackerRank,8.8,4.3,2338,Hard,Limited,Occasionally,Paid,2013,False,True,3,Medium,79
2692,CodeChef,1.1,4.1,517,Easy,Yes,Monthly,Freemium,2015,False,False,3,Low,67
2693,CodeChef,18.9,5.0,1411,Hard,Limited,Monthly,Free,2013,False,True,1,Low,96
2694,HackerRank,16.2,4.5,3935,Varied,Limited,Occasionally,Freemium,2005,True,True,7,Low,101
2695,HackerRank,18.4,4.1,2971,Medium,Yes,Monthly,Paid,2022,True,True,7,High,107
2696,HackerRank,26.7,4.9,2832,Hard,No,Monthly,Free,2022,False,False,1,Medium,99
2697,Codeforces,22.5,4.2,1434,Easy,Yes,Weekly,Freemium,2013,True,False,4,Medium,107
2698,Codeforces,23.1,4.8,2287,Easy,No,Monthly,Free,2017,False,False,6,Medium,103
2699,LeetCode,11.2,4.6,1474,Medium,Limited,Monthly,Freemium,2010,False,True,10,Medium,103
2700,Codeforces,3.5,3.9,3999,Varied,Yes,Weekly,Paid,2012,True,True,10,High,91
2701,HackerRank,2.0,4.9,1794,Hard,No,Weekly,Free,2010,True,True,8,Medium,84
2702,Codeforces,3.3,3.8,1777,Hard,Yes,Monthly,Paid,2009,False,True,8,High,83
2703,HackerRank,28.1,4.1,3656,Varied,Yes,Biweekly,Free,2006,False,False,7,High,118
2704,HackerRank,2.9,4.7,1117,Medium,Limited,Biweekly,Paid,2010,True,True,8,Low,83
2705,LeetCode,26.4,4.5,3946,Medium,No,Weekly,Paid,2014,True,False,1,High,99
2706,CodeChef,24.2,3.9,3676,Easy,Yes,Occasionally,Free,2017,False,False,1,Low,93
2707,LeetCode,26.6,4.4,2084,Hard,No,Monthly,Freemium,2020,True,False,3,Medium,100
2708,CodeChef,17.1,4.4,3356,Varied,Limited,Occasionally,Freemium,2011,False,False,4,High,95
2709,CodeChef,6.1,4.2,851,Varied,Yes,Biweekly,Free,2009,True,False,3,Low,74
2710,CodeChef,19.0,3.8,636,Hard,Yes,Monthly,Free,2013,True,False,3,Low,88
2711,Codeforces,4.7,4.6,3073,Varied,Yes,Biweekly,Freemium,2005,False,False,7,Medium,88
2712,LeetCode,1.3,4.6,3209,Hard,Yes,Monthly,Paid,2005,True,True,8,Low,84
2713,HackerRank,29.8,4.6,1424,Varied,Yes,Biweekly,Freemium,2009,True,True,1,Low,117
2714,CodeChef,3.5,4.7,2379,Varied,No,Biweekly,Paid,2022,False,True,9,High,85
2715,LeetCode,29.2,5.0,3997,Medium,Limited,Biweekly,Free,2006,False,True,4,Low,119
2716,HackerRank,10.4,4.5,1169,Varied,No,Occasionally,Freemium,2019,False,False,10,Medium,91
2717,Codeforces,11.1,4.4,1949,Hard,No,Monthly,Freemium,2011,True,True,3,Low,80
2718,HackerRank,19.4,4.0,1414,Easy,No,Weekly,Paid,2014,False,True,2,Medium,88
2719,LeetCode,28.5,3.6,2756,Easy,Limited,Weekly,Freemium,2015,True,False,4,High,107
2720,CodeChef,8.4,4.9,1214,Hard,No,Weekly,Freemium,2006,True,True,3,High,88
2721,CodeChef,28.6,4.1,2266,Easy,No,Weekly,Freemium,2011,False,True,8,Medium,118
2722,Codeforces,19.3,3.8,912,Medium,Limited,Monthly,Paid,2010,True,False,2,Low,81
2723,CodeChef,3.9,3.9,2668,Hard,No,Biweekly,Paid,2020,False,False,2,High,59
2724,CodeChef,5.1,4.1,3978,Medium,Limited,Biweekly,Freemium,2007,False,True,4,Medium,78
2725,LeetCode,28.3,4.2,559,Hard,Limited,Monthly,Paid,2020,False,False,10,Medium,116
2726,LeetCode,14.4,4.0,2109,Hard,No,Occasionally,Freemium,2022,False,True,7,Medium,91
2727,Codeforces,3.7,3.9,3627,Varied,Limited,Biweekly,Paid,2014,True,True,4,High,73
2728,LeetCode,2.2,3.9,2759,Medium,Limited,Weekly,Freemium,2012,False,False,9,Medium,78
2729,LeetCode,2.2,3.6,1909,Hard,No,Biweekly,Free,2021,False,False,2,Low,50
2730,CodeChef,24.2,3.9,2349,Varied,No,Weekly,Freemium,2011,False,True,7,High,109
2731,LeetCode,8.2,4.7,2480,Medium,Limited,Weekly,Freemium,2022,False,False,5,Medium,87
2732,LeetCode,29.3,4.6,3338,Varied,Yes,Monthly,Freemium,2021,True,True,1,High,119
2733,HackerRank,1.7,4.6,1102,Hard,Yes,Biweekly,Freemium,2017,True,False,2,High,76
2734,LeetCode,17.3,3.7,1778,Easy,No,Monthly,Paid,2006,True,True,9,Low,91
2735,LeetCode,15.5,4.2,1518,Hard,Limited,Biweekly,Freemium,2010,False,True,7,Low,98
2736,Codeforces,24.0,4.8,2388,Hard,Yes,Occasionally,Paid,2015,False,True,4,High,116
2737,HackerRank,14.0,4.0,3356,Medium,No,Biweekly,Freemium,2015,True,True,7,Medium,91
2738,Codeforces,18.3,4.8,1059,Easy,Yes,Weekly,Paid,2015,True,False,7,Medium,109
2739,HackerRank,12.1,4.1,1841,Medium,Yes,Monthly,Free,2007,False,True,8,Low,96
2740,Codeforces,11.4,4.9,2669,Hard,Yes,Weekly,Paid,2018,False,True,6,Medium,103
2741,CodeChef,26.2,4.2,3585,Medium,Yes,Biweekly,Free,2007,False,False,4,Low,106
2742,Codeforces,21.8,4.1,3239,Varied,Limited,Occasionally,Free,2010,True,False,10,Low,105
2743,HackerRank,24.1,3.9,662,Medium,No,Occasionally,Paid,2007,True,True,10,High,109
2744,LeetCode,29.7,4.1,2117,Hard,Limited,Occasionally,Free,2020,True,False,6,Medium,111
2745,HackerRank,14.5,3.6,1966,Hard,Yes,Monthly,Free,2018,False,False,7,Medium,90
2746,Codeforces,7.4,3.6,3472,Hard,Yes,Monthly,Paid,2011,False,True,10,Low,87
2747,LeetCode,29.4,4.6,3627,Hard,Limited,Monthly,Paid,2012,False,False,10,Medium,122
2748,HackerRank,24.2,5.0,1232,Medium,No,Monthly,Paid,2017,False,True,9,Low,114
2749,Codeforces,18.8,3.6,893,Medium,Limited,Weekly,Paid,2008,False,False,10,Medium,99
2750,Codeforces,25.1,4.0,1332,Easy,Limited,Weekly,Free,2020,True,True,3,High,107
2751,CodeChef,25.0,4.1,1644,Varied,Yes,Occasionally,Free,2014,False,True,3,High,110
2752,Codeforces,5.1,4.9,2761,Varied,Limited,Biweekly,Free,2005,True,True,9,Low,92
2753,HackerRank,14.8,4.2,1159,Easy,No,Monthly,Free,2017,True,True,2,Medium,81
2754,Codeforces,12.4,4.4,1781,Varied,Yes,Monthly,Paid,2018,False,True,4,Low,91
2755,Codeforces,11.0,4.9,3681,Hard,Limited,Occasionally,Freemium,2008,True,True,2,High,92
2756,HackerRank,4.7,3.6,868,Medium,Limited,Monthly,Paid,2022,False,False,9,High,75
2757,Codeforces,25.4,3.5,2368,Hard,Yes,Biweekly,Freemium,2006,False,True,1,Low,99
2758,CodeChef,17.3,3.5,2713,Medium,Limited,Biweekly,Paid,2006,True,True,10,Medium,99
2759,LeetCode,14.5,3.6,2349,Easy,No,Weekly,Free,2018,False,False,6,Medium,81
2760,HackerRank,18.1,4.5,998,Hard,No,Weekly,Free,2010,False,True,7,Medium,102
2761,CodeChef,11.4,4.0,1091,Medium,Limited,Occasionally,Paid,2019,True,False,4,Medium,77
2762,LeetCode,1.3,4.4,3843,Hard,No,Biweekly,Paid,2017,False,True,7,Medium,73
2763,CodeChef,13.1,4.9,2598,Easy,Limited,Biweekly,Free,2005,True,False,7,Low,95
2764,HackerRank,8.2,3.7,3713,Varied,Limited,Occasionally,Paid,2013,True,True,8,High,84
2765,LeetCode,24.9,4.7,1997,Hard,No,Biweekly,Paid,2011,True,True,7,Low,109
2766,LeetCode,28.8,4.1,1603,Hard,Limited,Weekly,Freemium,2016,True,True,8,Low,121
2767,CodeChef,27.5,3.8,934,Hard,No,Weekly,Freemium,2005,True,True,8,High,115
2768,Codeforces,1.9,4.0,1799,Varied,Limited,Weekly,Freemium,2008,True,True,6,Low,76
2769,Codeforces,27.9,3.8,3075,Varied,Limited,Occasionally,Paid,2011,True,True,6,Medium,109
2770,Codeforces,27.6,4.2,3699,Easy,No,Monthly,Freemium,2007,True,True,9,High,118
2771,CodeChef,3.3,3.8,3384,Hard,No,Biweekly,Free,2016,False,False,1,High,56
2772,HackerRank,25.0,4.4,3580,Varied,Limited,Weekly,Paid,2008,True,False,3,Low,100
2773,CodeChef,10.6,4.4,2267,Easy,Yes,Weekly,Free,2013,False,True,1,Medium,88
2774,Codeforces,20.6,3.8,2897,Medium,Limited,Weekly,Free,2014,False,True,6,High,104
2775,CodeChef,4.6,4.6,604,Medium,No,Occasionally,Freemium,2014,True,False,3,High,71
2776,CodeChef,20.5,4.8,636,Medium,Yes,Monthly,Paid,2014,True,True,6,Low,111
2777,CodeChef,12.2,4.8,3422,Medium,Limited,Weekly,Freemium,2014,False,True,2,Low,91
2778,LeetCode,1.3,3.8,3638,Medium,Limited,Weekly,Paid,2017,True,False,4,Low,61
2779,Codeforces,4.4,4.1,1395,Easy,No,Weekly,Free,2018,False,True,2,High,70
2780,LeetCode,25.1,4.5,704,Hard,Limited,Occasionally,Free,2009,True,True,8,Low,115
2781,HackerRank,5.3,3.8,2296,Hard,Yes,Monthly,Free,2010,False,True,3,Low,73
2782,CodeChef,23.5,4.6,879,Medium,Limited,Weekly,Paid,2006,False,True,2,High,107
2783,CodeChef,4.5,4.9,1477,Varied,No,Occasionally,Paid,2017,True,False,7,Medium,77
2784,CodeChef,11.7,4.5,2838,Varied,Yes,Biweekly,Freemium,2007,True,False,8,Medium,100
2785,LeetCode,8.7,3.6,2841,Varied,No,Monthly,Paid,2018,False,False,2,High,62
2786,HackerRank,29.7,4.2,2019,Hard,No,Weekly,Freemium,2009,False,False,7,Medium,114
2787,CodeChef,24.1,4.8,3893,Medium,Yes,Occasionally,Free,2018,True,False,8,High,120
2788,LeetCode,22.7,4.9,3943,Hard,No,Weekly,Paid,2020,True,False,2,Low,95
2789,Codeforces,28.0,4.3,2984,Medium,Limited,Weekly,Freemium,2021,True,True,4,High,118
2790,Codeforces,15.8,3.8,2991,Hard,Limited,Weekly,Paid,2018,True,False,5,Low,85
2791,Codeforces,18.9,4.4,1509,Easy,Limited,Monthly,Free,2007,False,False,4,Medium,93
2792,CodeChef,28.9,4.2,2458,Easy,Yes,Monthly,Paid,2007,False,False,10,Low,120
2793,LeetCode,3.1,4.9,3174,Easy,Limited,Weekly,Paid,2015,True,True,10,High,96
2794,HackerRank,9.0,4.1,1733,Hard,Yes,Weekly,Freemium,2008,False,True,9,Low,98
2795,LeetCode,13.0,4.0,2241,Easy,Yes,Biweekly,Free,2015,True,True,9,Low,100
2796,Codeforces,7.8,4.6,1312,Varied,Yes,Occasionally,Free,2018,False,True,9,Medium,99
2797,Codeforces,18.0,4.0,2154,Hard,Yes,Weekly,Paid,2016,False,True,5,High,104
2798,CodeChef,14.9,4.2,3642,Easy,Limited,Weekly,Free,2022,True,True,4,Low,91
2799,CodeChef,22.4,4.5,942,Hard,Limited,Occasionally,Paid,2017,True,False,1,Medium,93
2800,LeetCode,21.5,4.3,1269,Hard,Limited,Occasionally,Free,2009,True,True,2,Low,95
2801,HackerRank,25.8,4.9,2734,Medium,Yes,Monthly,Free,2012,True,False,6,Medium,118
2802,Codeforces,15.5,3.9,845,Easy,Yes,Biweekly,Freemium,2013,False,True,1,Low,88
2803,LeetCode,7.9,4.5,1351,Medium,Limited,Occasionally,Free,2014,True,False,2,Low,72
2804,CodeChef,9.9,4.6,1244,Easy,Limited,Occasionally,Free,2008,True,True,2,High,85
2805,HackerRank,23.1,4.2,3643,Hard,Limited,Biweekly,Freemium,2015,False,False,4,Medium,101
2806,CodeChef,17.5,4.4,883,Easy,No,Biweekly,Paid,2010,False,True,9,High,103
2807,Codeforces,12.5,4.1,3280,Medium,No,Biweekly,Paid,2015,False,False,5,Low,76
2808,HackerRank,18.8,3.8,3387,Hard,Yes,Monthly,Free,2011,False,False,4,Low,90
2809,HackerRank,7.1,4.5,1685,Hard,Yes,Weekly,Paid,2019,True,False,7,High,92
2810,HackerRank,16.1,3.7,716,Easy,Yes,Biweekly,Freemium,2011,True,True,7,Medium,101
2811,LeetCode,10.9,3.8,3726,Hard,Limited,Weekly,Free,2021,True,True,9,Low,91
2812,LeetCode,18.5,4.4,524,Varied,Limited,Biweekly,Paid,2018,True,True,10,High,112
2813,HackerRank,28.8,3.8,1171,Hard,Yes,Occasionally,Freemium,2017,False,False,8,High,119
2814,HackerRank,29.6,4.0,3267,Medium,Yes,Monthly,Free,2009,False,True,10,High,129
2815,LeetCode,7.8,3.8,2897,Easy,Limited,Biweekly,Paid,2010,False,False,1,Medium,65
2816,HackerRank,1.6,3.7,1516,Hard,No,Weekly,Free,2021,True,True,10,Medium,75
2817,HackerRank,2.7,4.8,2947,Easy,Limited,Occasionally,Paid,2018,False,True,9,Medium,87
2818,Codeforces,25.6,4.6,1611,Hard,Yes,Biweekly,Free,2009,True,True,3,High,116
2819,Codeforces,15.1,4.4,1200,Medium,Limited,Monthly,Freemium,2018,False,False,5,Medium,92
2820,HackerRank,16.9,4.3,2750,Easy,Limited,Weekly,Freemium,2016,False,False,2,Medium,90
2821,CodeChef,9.1,4.5,3138,Medium,No,Monthly,Free,2013,True,False,4,Medium,75
2822,LeetCode,4.0,5.0,3275,Easy,No,Occasionally,Free,2009,True,False,9,Low,80
2823,Codeforces,26.1,3.7,1881,Varied,No,Weekly,Paid,2019,True,False,10,High,108
2824,LeetCode,16.3,4.5,1920,Medium,No,Occasionally,Free,2007,True,True,4,Low,88
2825,LeetCode,17.4,4.2,1134,Hard,Yes,Weekly,Freemium,2010,False,False,10,Medium,111
2826,LeetCode,7.0,4.6,1896,Hard,Yes,Monthly,Free,2017,True,True,3,Medium,86
2827,LeetCode,8.1,4.4,2558,Easy,No,Biweekly,Free,2005,True,False,4,High,75
2828,HackerRank,11.8,3.9,2335,Medium,Yes,Biweekly,Paid,2008,True,True,2,Low,82
2829,LeetCode,22.9,4.0,596,Medium,No,Occasionally,Free,2021,False,True,9,Low,103
2830,LeetCode,7.4,4.5,1467,Varied,Yes,Monthly,Paid,2018,False,True,8,Medium,94
2831,CodeChef,13.2,3.8,625,Varied,Yes,Biweekly,Freemium,2022,False,True,7,Low,96
2832,CodeChef,1.7,4.4,2551,Easy,No,Occasionally,Paid,2005,False,True,7,Medium,73
2833,CodeChef,18.8,4.2,3064,Varied,No,Monthly,Free,2022,False,True,1,Medium,85
2834,CodeChef,24.2,4.6,2192,Medium,Yes,Occasionally,Free,2012,True,True,2,Low,107
2835,HackerRank,15.9,4.0,2840,Medium,Yes,Weekly,Free,2010,True,False,10,High,107
2836,Codeforces,18.0,4.7,851,Medium,Limited,Occasionally,Paid,2011,False,False,8,Low,100
2837,HackerRank,12.5,4.2,2981,Medium,Yes,Biweekly,Paid,2015,False,False,5,Medium,89
2838,HackerRank,4.5,3.6,1774,Varied,Limited,Weekly,Paid,2007,False,True,8,Low,77
2839,CodeChef,13.7,4.8,2187,Easy,No,Monthly,Freemium,2017,False,False,7,High,95
2840,CodeChef,10.8,4.2,3759,Hard,No,Monthly,Paid,2005,False,False,10,Medium,85
2841,LeetCode,12.3,4.4,3663,Hard,Yes,Occasionally,Freemium,2020,False,False,10,High,104
2842,HackerRank,26.1,3.6,2568,Easy,Yes,Monthly,Freemium,2018,False,False,9,Medium,113
2843,Codeforces,4.3,4.3,3961,Medium,Yes,Weekly,Freemium,2007,True,False,7,Low,84
2844,CodeChef,1.5,4.5,1335,Hard,No,Monthly,Paid,2021,True,True,10,Medium,79
2845,LeetCode,9.2,4.8,736,Easy,Yes,Occasionally,Freemium,2019,False,False,7,Medium,96
2846,HackerRank,2.5,4.5,2480,Easy,No,Biweekly,Freemium,2005,True,True,3,High,73
2847,CodeChef,19.6,4.8,3835,Hard,No,Occasionally,Paid,2009,True,True,8,Low,103
2848,CodeChef,13.2,3.7,2886,Varied,Limited,Monthly,Paid,2011,False,False,2,Low,71
2849,CodeChef,24.0,4.0,2161,Hard,Yes,Weekly,Paid,2021,False,False,5,High,108
2850,Codeforces,14.0,4.5,1383,Hard,No,Weekly,Paid,2019,True,True,9,High,101
2851,LeetCode,10.6,4.6,3036,Varied,No,Biweekly,Paid,2007,False,True,1,Medium,77
2852,CodeChef,24.7,4.9,1713,Easy,No,Monthly,Paid,2020,False,True,10,High,120
2853,CodeChef,23.4,4.2,3983,Easy,No,Occasionally,Paid,2010,False,True,10,Low,107
2854,CodeChef,11.6,4.9,1795,Medium,Limited,Weekly,Freemium,2007,False,False,8,High,102
2855,CodeChef,18.4,3.8,2609,Easy,Yes,Occasionally,Paid,2015,False,False,7,High,99
2856,CodeChef,12.5,4.1,2303,Easy,Limited,Occasionally,Freemium,2007,False,False,1,Medium,77
2857,LeetCode,25.1,3.5,3136,Easy,Limited,Biweekly,Freemium,2007,False,True,5,Low,102
2858,HackerRank,7.0,3.9,542,Medium,No,Biweekly,Freemium,2013,False,False,4,Medium,68
2859,CodeChef,22.8,4.7,1313,Hard,No,Biweekly,Free,2006,False,True,7,Medium,109
2860,CodeChef,24.2,3.7,3734,Easy,Yes,Monthly,Paid,2015,False,False,8,Low,104
2861,HackerRank,22.9,3.9,3231,Varied,No,Occasionally,Paid,2013,False,False,10,Low,98
2862,HackerRank,3.5,4.1,2281,Easy,Limited,Occasionally,Freemium,2009,False,True,8,Medium,82
2863,CodeChef,8.0,4.1,3553,Varied,Limited,Biweekly,Freemium,2011,True,False,9,High,89
2864,Codeforces,27.3,4.1,671,Medium,Limited,Occasionally,Freemium,2018,False,False,2,High,103
2865,CodeChef,7.2,3.7,2341,Hard,Limited,Occasionally,Freemium,2015,True,False,7,High,79
2866,LeetCode,10.5,3.7,940,Medium,Limited,Occasionally,Free,2014,False,True,10,Medium,91
2867,CodeChef,15.4,4.7,502,Varied,Limited,Biweekly,Freemium,2010,True,True,2,Medium,95
2868,Codeforces,26.2,4.7,2928,Medium,No,Weekly,Free,2021,True,False,10,High,119
2869,LeetCode,25.2,3.6,913,Easy,Limited,Biweekly,Paid,2022,False,True,7,Medium,106
2870,HackerRank,11.4,3.6,2916,Medium,Limited,Occasionally,Paid,2006,True,True,9,Low,86
2871,CodeChef,9.3,4.4,3451,Hard,Yes,Biweekly,Paid,2005,True,False,4,Medium,84
2872,Codeforces,4.4,4.3,930,Easy,Yes,Occasionally,Paid,2011,True,True,5,Low,80
2873,LeetCode,3.6,4.6,978,Varied,Yes,Weekly,Paid,2005,True,False,2,High,77
2874,HackerRank,4.8,5.0,3239,Hard,No,Biweekly,Paid,2005,True,False,4,Low,71
2875,HackerRank,28.0,4.1,2606,Easy,Yes,Biweekly,Freemium,2007,False,False,10,Medium,124
2876,Codeforces,2.4,4.7,2732,Hard,Limited,Occasionally,Free,2017,False,False,10,Medium,84
2877,CodeChef,27.4,4.0,588,Hard,Limited,Weekly,Paid,2016,True,True,8,Medium,117
2878,LeetCode,28.8,3.5,2819,Hard,Yes,Biweekly,Freemium,2020,True,False,1,Low,99
2879,LeetCode,10.5,3.9,2869,Medium,Yes,Weekly,Freemium,2021,False,True,2,Low,85
2880,Codeforces,22.3,4.7,1018,Easy,Limited,Occasionally,Paid,2020,True,True,7,Medium,111
2881,HackerRank,9.7,4.7,3911,Easy,No,Biweekly,Free,2018,True,False,6,Low,81
2882,Codeforces,25.5,3.5,890,Medium,Limited,Monthly,Paid,2010,False,True,1,Low,90
2883,CodeChef,18.6,4.9,1984,Medium,Limited,Monthly,Freemium,2010,False,False,4,Low,98
2884,HackerRank,9.1,4.8,908,Easy,Yes,Monthly,Free,2019,False,False,2,Low,82
2885,HackerRank,26.4,3.8,3915,Varied,Yes,Monthly,Paid,2021,False,True,9,Low,116
2886,CodeChef,20.4,4.7,589,Easy,Yes,Occasionally,Paid,2018,True,True,7,Low,112
2887,CodeChef,28.4,4.3,587,Varied,Yes,Occasionally,Paid,2016,False,False,4,High,113
2888,LeetCode,17.2,3.9,1299,Medium,Limited,Occasionally,Paid,2017,True,False,10,Low,95
2889,Codeforces,24.4,4.4,2459,Easy,No,Weekly,Free,2019,False,False,10,Medium,112
2890,Codeforces,4.4,4.9,1179,Hard,No,Occasionally,Paid,2006,True,True,9,High,88
2891,HackerRank,19.1,4.6,1901,Varied,Yes,Weekly,Free,2007,True,True,7,Medium,115
2892,CodeChef,18.8,4.8,3546,Varied,No,Monthly,Paid,2005,False,False,3,Medium,89
2893,HackerRank,13.7,4.6,1425,Easy,No,Occasionally,Free,2009,True,True,7,Low,92
2894,CodeChef,18.2,4.0,1632,Varied,Limited,Biweekly,Paid,2013,True,True,1,High,89
2895,LeetCode,9.8,4.3,2292,Medium,Yes,Weekly,Freemium,2015,False,False,2,High,87
2896,CodeChef,20.2,4.4,1643,Varied,No,Biweekly,Free,2022,True,False,6,High,97
2897,LeetCode,11.6,4.5,2329,Easy,Yes,Weekly,Free,2016,False,False,1,High,87
2898,LeetCode,12.3,4.8,1249,Hard,Limited,Biweekly,Free,2010,False,True,3,High,93
2899,CodeChef,10.7,3.7,958,Hard,Limited,Weekly,Free,2014,True,False,3,Low,73
2900,Codeforces,19.0,4.4,3688,Hard,Yes,Occasionally,Freemium,2007,False,True,5,High,110
2901,Codeforces,10.3,4.9,1470,Hard,Limited,Biweekly,Paid,2019,True,True,10,High,104
2902,LeetCode,15.4,4.7,2511,Medium,Limited,Occasionally,Paid,2007,False,False,7,High,98
2903,Codeforces,26.4,4.0,1766,Medium,Limited,Biweekly,Free,2007,False,False,2,Medium,98
2904,LeetCode,19.9,4.3,2495,Easy,Yes,Monthly,Paid,2005,True,False,9,Medium,108
2905,CodeChef,10.3,4.3,1878,Hard,Limited,Biweekly,Free,2012,False,False,4,High,82
2906,Codeforces,5.7,4.5,3300,Medium,No,Monthly,Paid,2006,False,True,2,Medium,70
2907,CodeChef,10.5,4.2,2816,Hard,Yes,Biweekly,Freemium,2009,True,True,4,Medium,92
2908,Codeforces,11.5,4.8,1998,Varied,Yes,Occasionally,Paid,2015,True,False,10,High,104
2909,HackerRank,13.7,4.8,2313,Hard,Yes,Biweekly,Free,2009,False,False,5,High,100
2910,CodeChef,29.1,4.4,3727,Hard,No,Biweekly,Paid,2012,True,True,7,Low,113
2911,Codeforces,22.1,4.3,1893,Varied,Limited,Biweekly,Free,2007,False,True,6,High,109
2912,HackerRank,14.6,4.7,1219,Medium,Yes,Monthly,Freemium,2011,False,False,8,High,107
2913,CodeChef,15.8,4.1,3775,Varied,No,Occasionally,Free,2008,False,False,9,High,93
2914,Codeforces,16.2,4.3,1790,Varied,Limited,Occasionally,Freemium,2012,False,True,8,High,105
2915,CodeChef,18.2,4.3,2412,Varied,No,Occasionally,Free,2007,True,False,3,High,86
2916,CodeChef,18.0,4.7,870,Hard,Yes,Weekly,Paid,2017,True,True,10,Low,117
2917,HackerRank,14.3,4.4,2280,Easy,Yes,Occasionally,Freemium,2007,False,False,3,Medium,91
2918,Codeforces,17.2,4.3,1403,Easy,Limited,Monthly,Freemium,2006,False,True,8,High,107
2919,HackerRank,18.7,4.0,991,Medium,No,Occasionally,Free,2013,False,False,2,High,82
2920,HackerRank,25.0,3.7,2514,Medium,Yes,Monthly,Freemium,2020,True,False,4,Medium,102
2921,Codeforces,27.1,4.3,3459,Hard,Limited,Biweekly,Free,2007,False,False,2,Low,100
2922,LeetCode,27.3,4.9,2432,Medium,No,Monthly,Paid,2011,False,False,3,Low,101
2923,LeetCode,28.5,4.1,3283,Easy,Limited,Occasionally,Free,2011,True,False,10,Medium,117
2924,CodeChef,9.4,4.9,1379,Hard,No,Weekly,Freemium,2005,True,False,8,Medium,92
2925,LeetCode,13.5,4.8,3404,Easy,Yes,Biweekly,Freemium,2006,True,False,2,High,95
2926,Codeforces,10.4,4.8,1731,Easy,No,Biweekly,Paid,2021,False,True,2,Medium,81
2927,CodeChef,28.9,4.4,1992,Medium,No,Weekly,Freemium,2021,True,False,9,Low,116
2928,Codeforces,6.9,3.9,1010,Hard,Yes,Monthly,Freemium,2014,True,True,10,Medium,94
2929,Codeforces,9.5,4.9,2083,Hard,Limited,Monthly,Free,2017,True,False,2,Low,78
2930,CodeChef,25.1,4.4,1688,Varied,Yes,Occasionally,Free,2007,False,True,5,Low,113
2931,CodeChef,1.6,3.9,645,Hard,No,Occasionally,Paid,2010,False,True,7,High,69
2932,HackerRank,6.8,4.1,1559,Hard,Limited,Occasionally,Freemium,2007,False,False,3,High,74
2933,Codeforces,6.3,4.4,640,Hard,No,Monthly,Free,2019,False,True,7,High,82
2934,Codeforces,19.3,4.5,3045,Hard,No,Occasionally,Paid,2008,True,True,1,Low,86
2935,HackerRank,12.0,3.9,3806,Varied,Yes,Biweekly,Paid,2022,False,False,10,Medium,95
2936,Codeforces,12.9,4.3,2809,Easy,Yes,Monthly,Free,2007,False,False,10,Medium,100
2937,CodeChef,6.7,4.6,2363,Hard,Yes,Weekly,Paid,2020,False,False,3,High,84
2938,HackerRank,13.4,4.0,803,Medium,Yes,Weekly,Paid,2017,False,True,4,High,95
2939,CodeChef,8.8,4.8,870,Medium,No,Occasionally,Free,2011,False,False,4,Medium,77
2940,HackerRank,18.9,4.7,1339,Varied,Limited,Weekly,Freemium,2007,False,False,9,High,113
2941,LeetCode,4.4,3.7,3233,Hard,No,Biweekly,Free,2015,False,False,9,Medium,71
2942,Codeforces,9.6,4.0,2903,Medium,No,Weekly,Paid,2014,False,False,5,High,76
2943,HackerRank,10.1,4.5,3820,Easy,Limited,Biweekly,Freemium,2005,True,True,8,Medium,97
2944,CodeChef,13.4,4.8,627,Easy,Yes,Occasionally,Free,2012,True,False,10,High,108
2945,CodeChef,17.4,4.4,1115,Varied,Limited,Biweekly,Freemium,2009,False,True,1,High,95
2946,HackerRank,8.7,4.4,1105,Varied,Limited,Monthly,Freemium,2018,False,False,4,High,82
2947,LeetCode,16.4,4.2,3512,Medium,Yes,Monthly,Paid,2014,True,False,4,Medium,92
2948,CodeChef,7.9,5.0,2322,Easy,No,Monthly,Paid,2005,True,False,6,Medium,81
2949,Codeforces,14.2,4.7,919,Varied,No,Monthly,Freemium,2014,False,True,10,Low,101
2950,Codeforces,2.2,3.6,3163,Varied,No,Biweekly,Free,2007,False,False,4,Medium,56
2951,CodeChef,6.4,3.8,2013,Easy,Yes,Weekly,Paid,2010,True,True,7,High,89
2952,HackerRank,9.5,4.0,1846,Easy,Limited,Biweekly,Paid,2009,True,True,8,High,90
2953,Codeforces,20.4,3.8,1470,Medium,No,Monthly,Paid,2008,False,False,5,Medium,86
2954,LeetCode,20.8,4.4,2271,Easy,Limited,Weekly,Free,2018,True,False,3,High,99
2955,Codeforces,5.5,4.6,2737,Hard,Yes,Weekly,Freemium,2008,False,True,8,High,100
2956,Codeforces,15.4,4.3,3512,Easy,Limited,Weekly,Free,2014,False,False,7,Medium,96
2957,CodeChef,20.0,4.4,1025,Hard,Yes,Occasionally,Free,2019,True,False,7,High,108
2958,Codeforces,12.7,4.9,1488,Hard,Yes,Biweekly,Paid,2009,True,False,1,Low,86
2959,HackerRank,19.5,3.5,2535,Hard,Limited,Biweekly,Freemium,2013,False,True,10,Low,103
2960,CodeChef,27.6,3.9,3032,Varied,Limited,Monthly,Paid,2006,False,False,1,Low,92
2961,LeetCode,18.1,4.9,2281,Medium,Yes,Monthly,Paid,2021,False,True,9,High,118
2962,HackerRank,13.1,3.9,1517,Varied,Yes,Occasionally,Paid,2019,True,True,4,Medium,89
2963,HackerRank,3.6,3.6,777,Varied,No,Monthly,Freemium,2021,True,True,2,Low,58
2964,Codeforces,5.1,3.9,3006,Medium,No,Monthly,Paid,2013,True,True,3,Low,63
2965,CodeChef,15.9,4.6,1346,Easy,No,Weekly,Freemium,2005,True,False,9,Medium,101
2966,CodeChef,23.6,4.1,3946,Varied,Limited,Monthly,Free,2013,True,True,7,Low,106
2967,HackerRank,29.0,4.3,1177,Medium,No,Occasionally,Free,2014,False,True,1,High,104
2968,LeetCode,11.5,3.8,3365,Easy,Yes,Biweekly,Free,2013,True,False,2,High,80
2969,CodeChef,23.0,4.9,569,Easy,No,Monthly,Freemium,2011,False,False,10,Medium,114
2970,Codeforces,13.3,4.1,720,Easy,Yes,Monthly,Freemium,2010,False,False,6,Low,91
2971,CodeChef,17.5,4.9,961,Medium,Limited,Occasionally,Free,2017,False,False,9,High,108
2972,HackerRank,14.0,4.6,3141,Medium,Limited,Occasionally,Freemium,2012,False,False,7,Low,94
2973,CodeChef,2.3,4.1,3788,Medium,No,Monthly,Paid,2021,False,False,10,High,73
2974,CodeChef,9.7,4.2,1828,Easy,Limited,Occasionally,Paid,2011,False,True,2,High,80
2975,HackerRank,19.8,4.8,3487,Medium,Yes,Monthly,Free,2009,False,False,6,Medium,108
2976,Codeforces,25.5,4.6,663,Hard,Yes,Biweekly,Free,2011,False,True,9,Low,124
2977,Codeforces,6.9,5.0,1102,Easy,Limited,Biweekly,Free,2022,False,False,3,High,82
2978,Codeforces,23.8,4.4,2163,Varied,Yes,Monthly,Freemium,2008,False,True,4,High,115
2979,HackerRank,20.3,4.5,2119,Medium,Yes,Monthly,Paid,2020,False,True,10,Medium,117
2980,Codeforces,17.0,4.1,3999,Varied,Yes,Biweekly,Free,2006,False,False,4,Medium,94
2981,LeetCode,24.8,4.2,3831,Hard,Limited,Biweekly,Freemium,2013,True,True,7,Medium,114
2982,HackerRank,25.4,4.5,2983,Easy,No,Biweekly,Freemium,2008,False,False,4,Low,100
2983,HackerRank,22.7,5.0,3389,Easy,Limited,Weekly,Free,2017,False,False,9,Low,116
2984,Codeforces,23.9,4.4,3489,Medium,Limited,Biweekly,Free,2017,True,True,4,Medium,107
2985,LeetCode,8.8,4.6,1960,Varied,No,Weekly,Free,2017,True,False,10,Medium,90
2986,CodeChef,26.6,3.6,3940,Easy,Yes,Biweekly,Freemium,2005,False,False,8,Medium,113
2987,LeetCode,26.7,4.9,3686,Varied,No,Occasionally,Freemium,2021,True,False,6,Medium,111
2988,LeetCode,28.5,4.3,3514,Hard,Yes,Monthly,Freemium,2012,False,True,7,Medium,125
2989,Codeforces,17.8,4.8,1871,Medium,No,Weekly,Free,2008,False,True,8,Low,105
2990,LeetCode,17.3,4.5,2250,Medium,Limited,Monthly,Free,2019,False,True,3,Medium,95
2991,LeetCode,13.4,3.7,3550,Varied,Limited,Monthly,Free,2022,False,False,10,Medium,90
2992,CodeChef,10.8,4.6,792,Medium,Yes,Weekly,Paid,2016,True,False,9,High,102
2993,HackerRank,12.2,4.9,3718,Medium,Limited,Monthly,Paid,2020,False,False,1,High,83
2994,LeetCode,9.5,3.9,1492,Hard,No,Monthly,Freemium,2018,False,False,8,High,81
2995,LeetCode,22.7,4.5,3786,Hard,Yes,Occasionally,Paid,2010,False,False,4,High,106
2996,HackerRank,20.1,3.6,720,Hard,Yes,Monthly,Paid,2013,True,True,10,Low,106
2997,HackerRank,9.4,3.5,2250,Varied,Limited,Monthly,Free,2005,True,False,3,High,70
2998,HackerRank,1.9,4.9,997,Varied,Limited,Weekly,Free,2017,False,False,9,Low,84
2999,LeetCode,13.0,3.7,1242,Hard,Limited,Biweekly,Freemium,2015,False,True,8,Low,92
3000,LeetCode,6.3,3.9,2454,Hard,No,Weekly,Paid,2019,True,True,9,Low,79
3001,HackerRank,7.4,3.7,2059,Medium,Limited,Biweekly,Paid,2016,True,False,4,High,71
3002,CodeChef,3.4,4.6,3930,Varied,Yes,Monthly,Free,2010,True,False,6,Medium,81
3003,Codeforces,29.8,4.8,3894,Medium,Yes,Occasionally,Freemium,2022,False,False,4,High,123
3004,CodeChef,2.9,4.8,3107,Hard,Yes,Occasionally,Freemium,2012,True,False,6,Medium,84
3005,CodeChef,13.9,3.9,2033,Medium,No,Occasionally,Freemium,2021,True,False,5,Medium,80
3006,CodeChef,4.6,3.5,520,Varied,Yes,Occasionally,Freemium,2018,True,True,1,Low,67
3007,Codeforces,25.6,3.9,2574,Easy,Yes,Weekly,Paid,2009,False,True,6,Medium,114
3008,LeetCode,18.2,4.1,3439,Medium,Yes,Weekly,Paid,2006,True,True,6,Medium,105
3009,HackerRank,11.1,4.9,2668,Medium,Limited,Weekly,Freemium,2017,True,False,4,Low,90
3010,CodeChef,27.5,4.3,2398,Easy,Yes,Monthly,Freemium,2018,True,True,1,Medium,111
3011,LeetCode,20.0,3.6,839,Easy,No,Biweekly,Paid,2019,False,True,10,Medium,99
3012,Codeforces,4.6,4.9,693,Hard,Yes,Occasionally,Paid,2018,False,True,10,Medium,98
3013,CodeChef,24.1,4.5,2174,Easy,Limited,Biweekly,Free,2006,False,False,5,High,107
3014,CodeChef,28.6,4.3,1454,Medium,Yes,Weekly,Free,2013,False,True,5,High,124
3015,CodeChef,10.2,4.2,841,Hard,Limited,Occasionally,Paid,2007,False,False,10,Low,87
3016,Codeforces,29.0,3.6,3698,Varied,Limited,Biweekly,Free,2015,False,True,4,High,108
3017,HackerRank,20.2,4.3,2874,Medium,No,Weekly,Paid,2017,False,False,7,Medium,97
3018,HackerRank,28.9,4.6,1163,Easy,Yes,Monthly,Free,2011,False,True,4,Low,118
3019,HackerRank,25.3,3.6,3997,Hard,Limited,Monthly,Paid,2007,False,True,9,Medium,109
3020,LeetCode,21.3,5.0,1437,Varied,Yes,Monthly,Free,2015,True,False,1,Medium,102
3021,LeetCode,13.5,4.7,2861,Hard,Limited,Monthly,Paid,2015,True,True,8,Medium,100
3022,Codeforces,11.5,4.4,1293,Easy,Limited,Biweekly,Freemium,2017,False,True,5,Low,90
3023,CodeChef,26.0,4.0,1480,Medium,Yes,Occasionally,Paid,2015,True,True,4,High,111
3024,CodeChef,20.9,4.0,2880,Hard,No,Biweekly,Paid,2011,False,False,6,Low,89
3025,HackerRank,19.4,4.5,2468,Hard,Limited,Monthly,Freemium,2007,True,False,6,Low,99
3026,HackerRank,28.6,4.7,1064,Easy,Yes,Monthly,Free,2017,False,True,2,High,119
3027,Codeforces,24.5,4.0,2182,Hard,No,Monthly,Free,2013,True,False,3,Low,89
3028,Codeforces,19.7,4.8,683,Varied,Limited,Occasionally,Free,2013,False,False,7,High,107
3029,HackerRank,24.0,4.4,1929,Varied,No,Weekly,Freemium,2019,True,True,2,High,104
3030,CodeChef,20.7,3.7,3871,Varied,Limited,Biweekly,Freemium,2006,True,False,2,High,90
3031,CodeChef,3.6,4.4,1259,Varied,No,Occasionally,Paid,2006,True,False,1,Medium,58
3032,Codeforces,20.8,4.0,1984,Medium,No,Weekly,Paid,2009,True,False,10,Low,99
3033,HackerRank,27.5,3.5,3734,Medium,No,Occasionally,Free,2009,False,False,6,High,98
3034,HackerRank,18.0,3.5,3453,Hard,No,Monthly,Paid,2005,False,False,7,Medium,83
3035,HackerRank,3.1,4.2,894,Hard,Limited,Monthly,Paid,2019,True,True,7,Medium,78
3036,Codeforces,1.7,3.8,1647,Easy,Limited,Occasionally,Freemium,2011,False,False,8,Medium,72
3037,LeetCode,5.8,4.2,1223,Hard,Limited,Occasionally,Paid,2012,False,True,6,High,82
3038,CodeChef,26.2,5.0,1210,Easy,Limited,Occasionally,Free,2012,True,False,8,Low,116
3039,Codeforces,6.9,4.3,879,Varied,No,Occasionally,Free,2018,True,True,3,Medium,72
3040,LeetCode,24.5,3.6,1715,Medium,Limited,Monthly,Freemium,2017,True,True,5,Medium,103
3041,Codeforces,1.2,3.7,3188,Hard,Yes,Occasionally,Freemium,2012,True,True,3,High,72
3042,CodeChef,20.2,4.0,3914,Easy,Limited,Occasionally,Free,2009,False,False,7,High,99
3043,HackerRank,6.7,5.0,2927,Medium,Yes,Monthly,Freemium,2016,False,False,5,High,92
3044,Codeforces,26.8,4.3,1125,Medium,Yes,Biweekly,Paid,2022,False,True,9,High,126
3045,LeetCode,28.1,4.8,1641,Easy,Yes,Weekly,Free,2007,True,True,5,High,128
3046,LeetCode,23.4,3.8,1317,Hard,Yes,Monthly,Free,2009,False,False,3,High,99
3047,LeetCode,9.9,4.6,2566,Varied,No,Biweekly,Free,2018,False,True,5,Low,83
3048,CodeChef,14.6,4.6,3246,Hard,No,Biweekly,Freemium,2016,False,True,8,Low,98
3049,Codeforces,15.5,3.8,1979,Hard,No,Monthly,Free,2009,True,True,3,High,82
3050,Codeforces,11.7,4.0,812,Hard,Limited,Weekly,Free,2019,False,True,7,High,95
3051,Codeforces,26.8,3.7,1634,Hard,Limited,Occasionally,Paid,2019,True,True,6,Low,104
3052,Codeforces,14.2,3.9,807,Varied,Yes,Biweekly,Freemium,2013,True,True,5,Medium,96
3053,HackerRank,23.9,4.0,2839,Medium,No,Weekly,Freemium,2007,False,False,8,Low,103
3054,LeetCode,1.5,3.6,1646,Hard,No,Occasionally,Free,2021,False,True,9,Low,67
3055,Codeforces,17.4,4.0,1091,Medium,No,Monthly,Paid,2009,True,False,10,Medium,93
3056,CodeChef,28.3,4.3,2835,Varied,No,Monthly,Free,2012,True,False,2,Medium,97
3057,LeetCode,14.5,3.8,3674,Medium,Yes,Occasionally,Freemium,2015,False,False,6,High,94
3058,HackerRank,21.1,5.0,2207,Varied,No,Occasionally,Free,2016,False,True,3,Medium,101
3059,LeetCode,19.5,4.4,817,Varied,Limited,Occasionally,Paid,2018,True,True,10,High,112
3060,CodeChef,24.4,4.4,1155,Varied,Yes,Monthly,Free,2007,True,True,9,Medium,122
3061,Codeforces,17.9,4.6,2336,Medium,Limited,Weekly,Free,2022,False,True,9,Low,110
3062,CodeChef,8.2,4.7,713,Hard,Yes,Biweekly,Paid,2011,False,False,10,Low,95
3063,HackerRank,5.4,3.9,2725,Varied,Yes,Occasionally,Freemium,2021,True,False,9,Medium,85
3064,Codeforces,22.1,3.8,2368,Hard,No,Monthly,Freemium,2020,True,True,3,High,94
3065,CodeChef,3.5,4.4,2677,Varied,No,Weekly,Free,2010,True,False,4,Low,66
3066,Codeforces,3.4,4.6,3430,Hard,Limited,Monthly,Free,2012,True,True,10,High,91
3067,Codeforces,18.7,4.8,3983,Hard,Limited,Weekly,Paid,2020,False,False,8,Medium,107
3068,Codeforces,9.4,3.9,3974,Varied,No,Monthly,Paid,2013,True,False,1,Medium,62
3069,CodeChef,26.7,4.7,1908,Easy,Limited,Monthly,Freemium,2008,False,False,7,High,118
3070,LeetCode,2.4,4.0,1880,Easy,No,Weekly,Free,2012,True,False,5,High,67
3071,Codeforces,5.4,4.6,2949,Hard,No,Monthly,Paid,2021,False,False,6,Low,71
3072,Codeforces,28.1,4.5,3420,Easy,Yes,Biweekly,Freemium,2017,True,True,4,Medium,121
3073,Codeforces,3.5,3.8,2847,Easy,Yes,Monthly,Free,2021,False,False,10,Low,79
3074,Codeforces,19.4,4.4,3146,Hard,Yes,Monthly,Freemium,2008,False,True,1,Low,98
3075,CodeChef,22.2,5.0,2929,Medium,No,Monthly,Paid,2016,False,False,10,Medium,110
3076,Codeforces,28.4,4.6,3445,Medium,No,Occasionally,Free,2010,False,True,4,Low,108
3077,LeetCode,5.8,3.9,1835,Hard,No,Occasionally,Freemium,2007,False,False,1,High,62
3078,Codeforces,4.5,4.5,2368,Varied,No,Weekly,Free,2016,True,False,7,Low,75
3079,Codeforces,7.2,4.0,3881,Hard,No,Monthly,Freemium,2019,True,True,5,High,78
3080,HackerRank,18.2,4.0,2996,Easy,Yes,Weekly,Paid,2016,True,False,4,Low,93
3081,HackerRank,29.7,4.4,2981,Hard,Yes,Biweekly,Freemium,2020,False,True,5,Medium,125
3082,CodeChef,14.1,4.1,643,Hard,Yes,Weekly,Freemium,2022,False,False,5,Medium,95
3083,CodeChef,28.8,3.7,1229,Easy,Limited,Weekly,Paid,2014,False,False,9,High,115
3084,Codeforces,5.0,4.1,1565,Hard,Limited,Biweekly,Free,2007,True,False,1,Medium,64
3085,LeetCode,11.5,4.8,1606,Varied,Yes,Occasionally,Free,2017,False,True,3,High,96
3086,HackerRank,22.4,4.2,850,Easy,No,Occasionally,Paid,2006,False,True,6,Low,98
3087,HackerRank,25.5,3.5,2971,Medium,Limited,Occasionally,Freemium,2007,True,False,6,Low,98
3088,Codeforces,23.4,4.6,2296,Varied,No,Monthly,Freemium,2013,False,False,3,High,99
3089,Codeforces,26.0,4.7,791,Varied,No,Biweekly,Free,2011,False,True,3,Medium,106
3090,HackerRank,12.6,4.9,3535,Varied,Limited,Occasionally,Freemium,2019,True,True,1,Medium,90
3091,CodeChef,28.4,3.9,1911,Easy,No,Occasionally,Paid,2012,True,True,2,Low,96
3092,CodeChef,16.4,4.1,2579,Medium,Limited,Weekly,Paid,2019,False,True,7,Low,98
3093,LeetCode,6.1,4.1,1606,Varied,Yes,Biweekly,Paid,2014,True,True,4,Low,79
3094,CodeChef,10.0,4.4,1225,Varied,Yes,Biweekly,Paid,2013,False,False,4,High,87
3095,HackerRank,27.5,4.9,1201,Easy,Limited,Occasionally,Free,2010,False,True,4,Medium,116
3096,Codeforces,20.2,4.8,3496,Medium,Yes,Occasionally,Paid,2010,True,False,6,High,109
3097,LeetCode,2.5,4.0,3644,Medium,Yes,Monthly,Freemium,2012,False,True,7,Medium,83
3098,Codeforces,15.4,4.8,3601,Hard,Yes,Occasionally,Free,2013,False,False,10,High,111
3099,HackerRank,21.2,3.9,3349,Hard,Limited,Monthly,Free,2009,False,True,1,High,93
3100,LeetCode,9.9,3.8,2828,Easy,Limited,Weekly,Free,2019,True,False,3,High,77
3101,HackerRank,6.2,4.8,1192,Easy,Limited,Weekly,Paid,2005,False,False,9,High,92
3102,CodeChef,1.2,3.5,2331,Medium,Yes,Biweekly,Freemium,2013,False,False,10,High,80
3103,LeetCode,11.6,4.4,696,Hard,Yes,Occasionally,Free,2020,True,True,10,Medium,104
3104,Codeforces,12.3,4.1,1215,Varied,Yes,Monthly,Freemium,2009,True,True,9,High,104
3105,Codeforces,24.7,4.9,1529,Easy,Yes,Monthly,Freemium,2006,True,False,6,High,120
3106,Codeforces,21.7,3.6,631,Varied,Yes,Biweekly,Paid,2016,False,True,2,Medium,96
3107,CodeChef,5.1,4.5,2112,Easy,Limited,Occasionally,Freemium,2015,False,False,6,Medium,80
3108,CodeChef,1.8,3.6,3673,Hard,Limited,Biweekly,Free,2020,False,True,8,Medium,74
3109,CodeChef,22.0,4.2,3604,Easy,Limited,Monthly,Freemium,2016,True,True,9,Medium,113
3110,CodeChef,27.2,4.1,894,Medium,Yes,Weekly,Freemium,2013,False,True,2,High,116
3111,LeetCode,7.6,4.9,633,Easy,No,Weekly,Free,2008,False,True,9,Medium,94
3112,Codeforces,22.8,3.5,2145,Varied,Yes,Weekly,Free,2018,True,True,1,Medium,97
3113,HackerRank,25.2,3.6,2530,Easy,No,Weekly,Free,2019,True,True,2,High,96
3114,Codeforces,4.5,4.4,736,Hard,No,Occasionally,Free,2005,False,False,3,Low,63
3115,CodeChef,17.4,4.1,732,Hard,Yes,Biweekly,Paid,2019,True,True,9,Medium,108
3116,HackerRank,4.0,4.1,1659,Varied,Limited,Biweekly,Paid,2009,False,False,9,High,80
3117,HackerRank,14.8,4.8,3539,Varied,Yes,Weekly,Free,2005,True,True,4,High,106
3118,HackerRank,26.0,3.9,3940,Hard,Limited,Biweekly,Free,2020,False,False,8,Low,106
3119,LeetCode,15.0,4.8,2986,Varied,Limited,Monthly,Freemium,2021,True,True,4,High,100
3120,LeetCode,25.6,4.2,726,Medium,No,Monthly,Freemium,2013,True,True,10,High,117
3121,LeetCode,2.7,3.7,3197,Hard,No,Weekly,Free,2010,True,True,1,Low,57
3122,Codeforces,13.8,4.8,3647,Varied,Limited,Weekly,Freemium,2015,True,True,8,High,110
3123,CodeChef,18.0,4.7,2053,Medium,Yes,Monthly,Free,2011,True,False,2,Low,94
3124,HackerRank,8.2,4.8,2714,Medium,Limited,Weekly,Paid,2012,True,True,4,Medium,88
3125,Codeforces,20.9,4.8,2795,Varied,No,Monthly,Free,2007,True,False,5,Medium,97
3126,Codeforces,1.0,3.9,1284,Medium,No,Occasionally,Free,2019,False,True,8,High,72
3127,Codeforces,3.8,3.6,2406,Hard,No,Weekly,Free,2021,True,False,3,Low,57
3128,LeetCode,17.9,3.7,2501,Easy,Yes,Monthly,Freemium,2014,True,False,7,Low,96
3129,Codeforces,11.8,3.5,2224,Easy,No,Occasionally,Paid,2006,False,True,9,Medium,83
3130,Codeforces,6.0,4.9,2974,Medium,No,Biweekly,Freemium,2015,False,True,9,Medium,92
3131,CodeChef,7.9,4.6,2713,Easy,No,Biweekly,Freemium,2019,True,True,5,High,86
3132,Codeforces,14.2,4.5,2237,Varied,Yes,Biweekly,Freemium,2015,False,False,10,Low,105
3133,Codeforces,25.0,4.2,3446,Varied,Yes,Occasionally,Paid,2017,False,True,8,Low,116
3134,LeetCode,11.1,4.1,3640,Medium,Yes,Weekly,Free,2019,False,False,1,High,83
3135,HackerRank,12.3,4.7,1559,Easy,Yes,Monthly,Freemium,2005,True,False,8,Medium,101
3136,CodeChef,14.2,4.6,1205,Hard,No,Occasionally,Paid,2007,True,True,6,High,93
3137,LeetCode,4.2,4.0,895,Medium,Yes,Weekly,Free,2010,False,True,6,Low,82
3138,CodeChef,13.0,4.4,1457,Medium,Yes,Occasionally,Paid,2022,True,True,4,High,96
3139,CodeChef,22.8,4.5,2054,Hard,Limited,Biweekly,Paid,2008,False,True,7,High,113
3140,CodeChef,27.9,3.5,1789,Hard,Yes,Biweekly,Free,2019,True,True,4,Low,107
3141,Codeforces,27.5,4.6,999,Varied,No,Monthly,Freemium,2007,True,False,8,High,115
3142,LeetCode,14.4,4.7,594,Medium,Yes,Biweekly,Paid,2016,True,False,2,High,93
3143,CodeChef,24.1,5.0,3806,Easy,Limited,Occasionally,Free,2022,True,False,1,Low,99
3144,Codeforces,7.1,4.8,592,Medium,Yes,Biweekly,Paid,2006,True,False,3,High,85
3145,CodeChef,20.8,3.8,3952,Hard,No,Biweekly,Freemium,2012,True,True,5,Low,93
3146,CodeChef,24.6,3.7,2581,Varied,No,Occasionally,Freemium,2007,False,True,10,Medium,109
3147,HackerRank,27.6,3.8,2119,Easy,Limited,Biweekly,Free,2017,True,False,9,Medium,111
3148,Codeforces,15.5,4.9,3200,Varied,No,Monthly,Paid,2022,True,False,10,High,101
3149,CodeChef,3.4,3.7,1795,Varied,No,Occasionally,Free,2018,False,False,2,High,56
3150,HackerRank,25.5,4.1,2200,Easy,Yes,Monthly,Paid,2008,False,False,1,High,100
3151,Codeforces,8.6,4.6,2391,Easy,Yes,Weekly,Free,2021,True,True,6,Low,95
3152,LeetCode,29.1,4.0,2991,Easy,Limited,Weekly,Paid,2007,False,False,10,Medium,119
3153,HackerRank,21.9,4.4,1707,Varied,Limited,Weekly,Free,2011,True,True,8,Low,112
3154,CodeChef,3.5,4.2,3567,Medium,Yes,Weekly,Free,2015,True,False,3,Medium,74
3155,CodeChef,19.2,4.8,3832,Easy,Yes,Weekly,Freemium,2008,False,False,1,Low,100
3156,CodeChef,25.4,5.0,984,Hard,Yes,Weekly,Free,2019,True,False,9,Low,125
3157,CodeChef,12.4,4.6,3697,Medium,Limited,Weekly,Free,2017,False,True,1,Low,86
3158,Codeforces,27.5,4.0,3379,Varied,Yes,Monthly,Free,2011,False,False,6,Low,109
3159,HackerRank,14.8,4.7,1397,Easy,Limited,Biweekly,Free,2014,False,False,1,Low,83
3160,LeetCode,23.7,3.9,1654,Easy,Limited,Monthly,Freemium,2019,False,False,6,Low,100
3161,LeetCode,1.8,4.2,2360,Varied,No,Occasionally,Freemium,2012,True,True,10,Low,78
3162,HackerRank,25.9,4.1,2222,Varied,Yes,Weekly,Paid,2021,True,False,6,Low,110
3163,CodeChef,21.6,3.6,641,Varied,Yes,Biweekly,Paid,2008,True,True,4,High,101
3164,Codeforces,23.0,3.5,2152,Easy,Yes,Monthly,Free,2017,False,True,10,High,114
3165,CodeChef,12.6,4.2,3926,Easy,No,Occasionally,Paid,2018,False,False,8,High,86
3166,HackerRank,8.9,4.5,2502,Hard,Yes,Weekly,Free,2022,True,True,1,Medium,86
3167,HackerRank,28.1,4.4,3153,Hard,Yes,Occasionally,Free,2010,False,True,3,High,117
3168,HackerRank,23.4,4.1,3531,Easy,No,Occasionally,Paid,2013,False,False,9,High,103
3169,Codeforces,13.3,4.2,2374,Varied,No,Weekly,Paid,2016,True,True,2,Medium,81
3170,Codeforces,12.5,4.4,2877,Varied,No,Occasionally,Paid,2006,True,True,9,Low,91
3171,HackerRank,2.6,3.6,2517,Easy,No,Biweekly,Freemium,2006,False,True,3,High,64
3172,HackerRank,23.0,4.3,3035,Hard,No,Weekly,Free,2011,True,True,5,Medium,104
3173,LeetCode,25.4,4.5,2407,Easy,Yes,Monthly,Paid,2018,True,True,3,Low,109
3174,LeetCode,28.7,5.0,746,Medium,Yes,Monthly,Freemium,2015,True,False,6,Medium,125
3175,HackerRank,28.3,3.9,2436,Hard,No,Biweekly,Paid,2021,True,True,2,Medium,98
3176,Codeforces,15.9,3.6,604,Medium,No,Occasionally,Freemium,2012,True,False,8,Low,84
3177,Codeforces,20.3,4.9,2336,Easy,Limited,Weekly,Paid,2006,True,True,4,High,109
3178,LeetCode,14.4,3.7,3603,Varied,No,Biweekly,Free,2022,False,True,10,Medium,93
3179,Codeforces,5.5,4.7,598,Varied,Yes,Biweekly,Free,2007,False,True,4,Low,85
3180,LeetCode,29.6,3.6,1659,Easy,Limited,Monthly,Freemium,2015,True,False,10,Medium,115
3181,HackerRank,25.2,4.8,3240,Easy,No,Biweekly,Free,2015,False,True,4,Low,106
3182,CodeChef,20.2,4.5,1908,Varied,Limited,Biweekly,Free,2019,False,False,2,Low,91
3183,LeetCode,9.3,3.7,1359,Varied,Limited,Weekly,Free,2005,False,True,3,High,80
3184,Codeforces,20.6,3.6,3732,Hard,Limited,Occasionally,Free,2018,True,True,6,Low,95
3185,CodeChef,14.4,4.4,1383,Easy,Yes,Occasionally,Freemium,2015,True,False,1,Medium,88
3186,HackerRank,9.2,3.7,2350,Hard,Limited,Weekly,Paid,2014,True,True,4,High,81
3187,CodeChef,18.2,4.4,1555,Varied,Yes,Weekly,Paid,2007,True,True,10,High,118
3188,Codeforces,16.2,3.6,2012,Varied,Yes,Biweekly,Paid,2020,False,True,4,Medium,91
3189,CodeChef,18.0,4.9,3001,Medium,Yes,Monthly,Freemium,2014,True,True,7,Medium,115
3190,CodeChef,4.3,4.4,3728,Easy,Yes,Monthly,Freemium,2021,True,True,10,Low,93
3191,Codeforces,19.1,3.6,3476,Varied,Limited,Occasionally,Freemium,2008,True,True,4,Medium,93
3192,LeetCode,7.4,4.8,2387,Medium,Limited,Occasionally,Paid,2018,False,False,3,High,79
3193,HackerRank,22.8,5.0,597,Varied,Limited,Occasionally,Paid,2017,True,True,8,Medium,117
3194,LeetCode,19.3,4.3,3174,Medium,Yes,Monthly,Freemium,2010,True,False,6,Medium,104
3195,LeetCode,6.8,4.4,3212,Medium,Limited,Occasionally,Freemium,2020,True,False,8,Low,83
3196,Codeforces,21.5,4.7,914,Hard,No,Monthly,Free,2009,True,False,8,Low,101
3197,CodeChef,15.5,4.4,2057,Medium,Limited,Occasionally,Free,2008,False,True,5,High,97
3198,HackerRank,6.9,3.9,517,Medium,No,Weekly,Free,2011,True,False,8,Medium,76
3199,Codeforces,18.5,3.7,2221,Medium,Yes,Weekly,Free,2015,False,False,7,Medium,100
3200,Codeforces,28.9,5.0,1123,Medium,Yes,Monthly,Freemium,2013,True,True,6,Low,128
3201,LeetCode,28.0,4.1,742,Medium,Yes,Weekly,Paid,2022,True,False,3,High,111
3202,HackerRank,24.7,4.9,1772,Medium,Yes,Occasionally,Paid,2009,True,True,2,Medium,112
3203,Codeforces,29.0,4.0,1749,Hard,Yes,Occasionally,Free,2013,True,False,4,Low,108
3204,LeetCode,13.7,4.9,2625,Hard,Yes,Monthly,Paid,2010,False,True,5,High,104
3205,CodeChef,15.1,4.8,3511,Hard,Yes,Occasionally,Free,2016,True,True,7,Medium,108
3206,CodeChef,18.9,4.0,1302,Hard,No,Weekly,Paid,2021,True,False,2,Low,80
3207,HackerRank,27.2,3.6,785,Easy,Yes,Biweekly,Freemium,2018,True,True,10,Low,121
3208,LeetCode,12.0,4.8,2577,Varied,Limited,Occasionally,Paid,2020,True,True,6,High,97
3209,HackerRank,11.7,4.4,903,Medium,No,Occasionally,Freemium,2009,True,True,1,Low,77
3210,LeetCode,7.6,3.6,3035,Easy,No,Occasionally,Freemium,2021,False,True,2,High,68
3211,HackerRank,18.6,4.7,1156,Easy,No,Weekly,Freemium,2015,True,False,5,Medium,98
3212,LeetCode,5.1,3.6,3615,Hard,No,Monthly,Paid,2019,True,True,5,High,68
3213,HackerRank,25.5,4.8,3217,Varied,No,Monthly,Freemium,2014,True,False,4,Low,102
3214,LeetCode,19.8,3.7,2627,Hard,No,Monthly,Freemium,2005,False,True,2,Medium,86
3215,LeetCode,27.6,3.6,1334,Hard,No,Biweekly,Freemium,2020,True,False,10,High,110
3216,LeetCode,19.5,4.0,2446,Hard,Yes,Weekly,Free,2006,False,True,2,Low,97
3217,Codeforces,1.4,4.7,2033,Medium,No,Biweekly,Freemium,2005,False,True,2,Medium,69
3218,Codeforces,22.9,5.0,2634,Medium,Yes,Weekly,Freemium,2005,False,False,3,Low,111
3219,Codeforces,1.2,4.1,3534,Hard,Yes,Weekly,Freemium,2012,False,True,8,Medium,87
3220,LeetCode,23.3,3.6,1514,Easy,Yes,Weekly,Paid,2021,False,False,3,Low,95
3221,CodeChef,29.8,4.1,2323,Hard,No,Monthly,Free,2017,True,True,2,High,105
3222,LeetCode,26.0,4.7,2646,Varied,Limited,Monthly,Freemium,2007,True,False,2,High,107
3223,Codeforces,22.6,4.6,1215,Medium,No,Weekly,Paid,2022,False,True,3,Medium,101
3224,HackerRank,26.6,4.1,1363,Easy,No,Occasionally,Freemium,2005,True,False,7,High,107
3225,CodeChef,6.4,4.1,1919,Medium,Limited,Occasionally,Free,2019,True,False,1,Low,64
3226,HackerRank,17.5,3.7,2841,Medium,Yes,Biweekly,Paid,2007,False,True,8,Medium,102
3227,HackerRank,23.4,4.7,3853,Varied,Yes,Occasionally,Free,2016,False,True,2,Medium,109
3228,Codeforces,19.2,4.7,1261,Easy,Limited,Occasionally,Freemium,2018,True,False,9,Medium,109
3229,LeetCode,29.9,4.5,3787,Medium,Limited,Weekly,Freemium,2007,True,True,3,Low,117
3230,LeetCode,5.5,3.6,2230,Medium,No,Monthly,Freemium,2022,False,True,7,High,75
3231,LeetCode,25.0,4.2,3030,Medium,No,Biweekly,Paid,2010,False,True,7,Low,104
3232,CodeChef,3.5,3.6,1918,Easy,Yes,Weekly,Paid,2020,True,True,6,Medium,78
3233,HackerRank,2.4,4.5,3548,Hard,Yes,Occasionally,Paid,2017,False,False,4,Low,72
3234,CodeChef,27.3,4.5,1839,Easy,Yes,Weekly,Freemium,2007,True,True,5,Medium,124
3235,HackerRank,7.3,4.4,2362,Medium,Limited,Occasionally,Free,2017,False,True,6,High,87
3236,CodeChef,9.2,4.7,2489,Medium,Yes,Monthly,Free,2005,False,False,8,High,97
3237,HackerRank,24.1,3.5,1061,Easy,No,Monthly,Paid,2017,False,False,9,Medium,96
3238,Codeforces,29.4,3.8,1803,Medium,No,Biweekly,Freemium,2015,False,False,3,High,101
3239,LeetCode,12.0,4.5,3780,Easy,No,Monthly,Freemium,2014,False,True,2,Medium,82
3240,CodeChef,4.5,4.6,1544,Varied,Limited,Biweekly,Paid,2012,False,False,2,Low,68
3241,Codeforces,19.4,4.4,2488,Medium,Yes,Occasionally,Free,2005,False,True,4,Low,102
3242,HackerRank,17.1,3.6,1354,Varied,No,Occasionally,Freemium,2013,True,False,2,High,78
3243,CodeChef,11.5,4.5,962,Easy,Yes,Weekly,Paid,2017,True,False,4,Low,88
3244,HackerRank,27.5,4.0,1153,Hard,Yes,Monthly,Free,2005,True,False,2,Low,101
3245,LeetCode,21.6,4.4,2359,Easy,Yes,Weekly,Free,2006,False,True,8,Low,116
3246,LeetCode,4.4,4.7,1804,Easy,Yes,Weekly,Free,2019,True,False,6,Medium,87
3247,LeetCode,18.1,4.1,1163,Medium,Yes,Biweekly,Free,2012,True,False,1,Low,87
3248,LeetCode,11.5,3.7,1163,Hard,Limited,Biweekly,Freemium,2017,True,True,10,High,97
3249,CodeChef,11.0,3.5,1853,Medium,No,Monthly,Free,2010,True,True,3,Medium,70
3250,LeetCode,5.1,3.7,936,Varied,Limited,Occasionally,Free,2010,True,True,4,High,73
3251,CodeChef,26.5,4.8,2129,Varied,No,Biweekly,Free,2006,False,True,1,High,106
3252,Codeforces,26.5,4.4,1765,Medium,No,Weekly,Free,2015,False,False,4,Medium,103
3253,Codeforces,1.5,4.5,2888,Varied,Limited,Biweekly,Freemium,2006,True,False,9,High,83
3254,LeetCode,14.5,4.5,3016,Easy,Limited,Biweekly,Freemium,2018,False,False,2,High,89
3255,LeetCode,4.6,4.2,977,Varied,No,Biweekly,Free,2018,True,False,1,Medium,60
3256,LeetCode,6.1,3.5,1252,Medium,Limited,Occasionally,Free,2019,True,False,1,Low,57
3257,HackerRank,6.8,4.7,2761,Varied,Limited,Weekly,Free,2020,True,False,9,Low,89
3258,Codeforces,28.0,3.6,1834,Varied,Limited,Monthly,Free,2013,True,True,4,Medium,104
3259,HackerRank,29.1,3.8,2452,Medium,Yes,Monthly,Paid,2008,True,False,7,Medium,113
3260,HackerRank,9.7,4.2,2489,Medium,No,Occasionally,Freemium,2014,True,False,7,Low,79
3261,LeetCode,12.4,5.0,3636,Hard,No,Occasionally,Paid,2020,True,False,10,Medium,96
3262,LeetCode,13.0,4.7,940,Easy,No,Occasionally,Free,2011,True,False,2,Low,76
3263,LeetCode,4.3,4.1,825,Easy,Limited,Monthly,Freemium,2007,False,True,9,Low,83
3264,LeetCode,1.5,4.4,1060,Hard,Limited,Occasionally,Paid,2019,True,True,10,Medium,83
3265,HackerRank,21.3,3.6,1537,Varied,Yes,Monthly,Free,2007,True,True,7,Low,103
3266,CodeChef,1.4,4.8,2083,Hard,Limited,Monthly,Paid,2008,True,True,6,Low,77
3267,CodeChef,29.0,3.8,646,Easy,Yes,Monthly,Freemium,2022,False,True,1,Low,106
3268,Codeforces,24.3,3.8,3846,Medium,No,Weekly,Freemium,2010,False,True,7,Medium,106
3269,Codeforces,11.6,4.1,3411,Hard,Limited,Occasionally,Free,2018,True,False,10,Low,89
3270,Codeforces,20.6,3.7,2406,Varied,Yes,Monthly,Free,2005,False,True,4,High,101
3271,Codeforces,27.4,3.7,3892,Varied,No,Weekly,Freemium,2018,True,True,10,Low,114
3272,HackerRank,2.7,4.8,714,Easy,Yes,Monthly,Freemium,2009,False,False,6,High,86
3273,HackerRank,2.5,4.2,1200,Hard,No,Weekly,Free,2006,True,True,6,Low,72
3274,Codeforces,1.3,3.9,3065,Easy,Limited,Occasionally,Paid,2010,True,True,9,Medium,76
3275,Codeforces,25.6,4.7,2211,Easy,Limited,Biweekly,Paid,2005,False,False,4,Medium,106
3276,Codeforces,17.5,3.9,3450,Medium,No,Weekly,Paid,2006,False,True,5,Low,88
3277,CodeChef,16.8,4.6,3300,Hard,Limited,Occasionally,Freemium,2007,False,True,10,Low,109
3278,CodeChef,13.6,4.2,1647,Hard,No,Weekly,Freemium,2012,True,False,8,High,93
3279,CodeChef,14.4,3.7,2383,Easy,Limited,Biweekly,Freemium,2014,False,True,4,Low,86
3280,Codeforces,18.8,4.1,3089,Medium,Yes,Weekly,Paid,2018,False,True,1,Medium,96
3281,Codeforces,14.4,4.6,2450,Medium,Yes,Biweekly,Free,2019,True,False,8,Low,101
3282,CodeChef,1.8,3.7,3326,Varied,Yes,Occasionally,Free,2006,False,True,3,Low,67
3283,HackerRank,5.7,4.3,640,Medium,Yes,Weekly,Paid,2010,False,True,2,Medium,81
3284,Codeforces,12.0,4.4,3704,Varied,Limited,Occasionally,Freemium,2015,True,True,7,Low,94
3285,LeetCode,19.0,3.6,2972,Medium,No,Weekly,Free,2016,False,False,10,Medium,96
3286,HackerRank,5.3,4.6,2541,Hard,Yes,Occasionally,Free,2021,True,True,6,Low,87
3287,HackerRank,16.6,4.2,3465,Varied,Limited,Biweekly,Freemium,2008,True,False,1,Medium,85
3288,LeetCode,3.1,3.9,3646,Easy,No,Monthly,Paid,2014,False,True,8,Low,70
3289,LeetCode,10.0,3.5,3612,Medium,Yes,Weekly,Paid,2022,True,True,5,High,87
3290,CodeChef,14.5,4.4,1408,Easy,Limited,Weekly,Paid,2007,True,False,4,High,91
3291,CodeChef,20.4,4.8,1131,Varied,No,Monthly,Freemium,2008,True,False,3,Low,93
3292,CodeChef,26.5,4.1,2126,Medium,Yes,Occasionally,Paid,2008,True,False,1,High,102
3293,HackerRank,15.3,4.7,1325,Hard,Yes,Occasionally,Freemium,2014,False,True,4,High,105
3294,LeetCode,28.3,4.1,2827,Medium,Limited,Monthly,Freemium,2014,True,True,1,High,107
3295,LeetCode,11.3,4.8,2988,Easy,No,Biweekly,Free,2018,False,False,5,Low,82
3296,LeetCode,2.8,4.8,2356,Hard,No,Monthly,Freemium,2016,True,False,2,Low,64
3297,CodeChef,7.8,4.9,1846,Varied,Yes,Weekly,Paid,2013,False,True,1,Low,86
3298,Codeforces,28.0,4.7,2701,Varied,Limited,Occasionally,Paid,2006,False,True,3,Low,110
3299,CodeChef,23.2,4.5,3362,Medium,Limited,Occasionally,Freemium,2011,False,False,3,Medium,101
3300,HackerRank,20.1,3.6,1504,Easy,Limited,Monthly,Freemium,2005,False,True,6,Low,96
3301,HackerRank,1.3,3.9,2924,Hard,Yes,Occasionally,Paid,2016,True,False,8,Medium,74
3302,LeetCode,3.7,4.1,2268,Easy,Limited,Weekly,Paid,2015,True,False,8,Medium,78
3303,LeetCode,17.2,4.7,2004,Hard,Limited,Monthly,Paid,2019,True,True,4,Low,96
3304,LeetCode,13.6,4.1,3222,Hard,No,Weekly,Free,2017,True,False,5,Medium,82
3305,Codeforces,28.9,4.6,3773,Varied,No,Weekly,Free,2010,False,False,8,High,118
3306,HackerRank,22.8,3.6,2289,Easy,No,Monthly,Free,2010,False,False,9,Low,94
3307,CodeChef,21.3,4.1,1456,Hard,Limited,Occasionally,Free,2011,False,True,3,Medium,97
3308,LeetCode,16.0,3.5,3383,Medium,Yes,Weekly,Paid,2019,True,False,4,Medium,87
3309,CodeChef,23.8,3.6,2864,Easy,Limited,Occasionally,Free,2020,False,True,4,Low,96
3310,Codeforces,19.3,4.4,2679,Medium,Yes,Weekly,Paid,2016,False,True,8,Low,112
3311,LeetCode,2.8,4.7,1644,Varied,No,Occasionally,Free,2022,False,False,6,Low,69
3312,LeetCode,12.2,4.1,3723,Medium,No,Weekly,Paid,2008,True,False,5,High,81
3313,LeetCode,5.7,4.5,1181,Medium,Yes,Biweekly,Free,2010,True,True,10,High,100
3314,HackerRank,9.5,4.9,1057,Varied,Yes,Biweekly,Free,2005,True,False,9,Medium,100
3315,HackerRank,22.4,4.1,1614,Hard,Limited,Occasionally,Paid,2006,True,False,4,Low,93
3316,CodeChef,15.5,4.7,3672,Easy,Yes,Occasionally,Freemium,2021,False,True,6,High,109
3317,LeetCode,21.8,3.7,872,Hard,Limited,Occasionally,Free,2014,True,False,5,High,95
3318,HackerRank,13.4,4.3,3221,Easy,No,Occasionally,Freemium,2005,False,False,10,High,95
3319,CodeChef,30.0,4.1,2083,Varied,Limited,Biweekly,Paid,2021,False,True,8,Medium,120
3320,HackerRank,27.3,3.6,1444,Varied,Limited,Biweekly,Freemium,2019,False,True,6,Low,108
3321,Codeforces,20.3,4.0,2120,Easy,Limited,Monthly,Freemium,2016,False,True,6,Low,100
3322,HackerRank,17.9,3.9,2486,Medium,Yes,Weekly,Paid,2011,False,True,5,Low,99
3323,Codeforces,26.3,4.4,3276,Medium,Yes,Monthly,Paid,2011,False,True,6,Medium,117
3324,CodeChef,13.0,3.5,2391,Easy,Yes,Monthly,Free,2008,True,False,4,Low,78
3325,CodeChef,8.7,4.1,3697,Varied,Limited,Occasionally,Freemium,2005,True,True,2,Low,76
3326,LeetCode,17.7,4.1,3378,Varied,No,Biweekly,Paid,2008,True,True,5,Low,89
3327,CodeChef,21.0,4.5,572,Easy,Limited,Occasionally,Paid,2008,True,False,7,Medium,102
3328,Codeforces,2.3,4.8,3741,Medium,No,Occasionally,Freemium,2005,True,True,9,Low,82
3329,LeetCode,12.8,3.6,1467,Hard,Limited,Weekly,Paid,2020,False,True,8,Medium,91
3330,HackerRank,10.5,4.8,1183,Hard,No,Monthly,Paid,2019,False,False,8,High,89
3331,Codeforces,21.0,4.4,1657,Varied,Limited,Occasionally,Free,2015,True,True,4,High,104
3332,CodeChef,21.4,4.3,1606,Varied,Limited,Biweekly,Free,2010,False,False,5,Low,97
3333,HackerRank,13.7,4.4,1804,Hard,Limited,Occasionally,Freemium,2008,True,True,2,Low,87
3334,LeetCode,4.4,4.8,2257,Medium,No,Biweekly,Free,2022,True,True,3,High,77
3335,HackerRank,12.7,4.9,2450,Easy,Yes,Occasionally,Paid,2021,True,True,5,Medium,100
3336,LeetCode,14.4,4.7,1731,Hard,Yes,Occasionally,Free,2005,False,False,3,High,95
3337,CodeChef,17.0,4.6,645,Easy,No,Monthly,Paid,2009,True,False,5,High,90
3338,LeetCode,22.4,4.3,823,Varied,Limited,Weekly,Freemium,2022,False,False,10,High,117
3339,HackerRank,7.2,4.1,2896,Varied,No,Weekly,Free,2013,True,False,1,Low,63
3340,HackerRank,25.2,4.5,2947,Hard,No,Occasionally,Freemium,2012,True,True,7,Low,110
3341,Codeforces,1.7,4.4,888,Hard,No,Monthly,Free,2006,False,True,3,Low,64
3342,HackerRank,14.1,4.0,3962,Hard,No,Weekly,Freemium,2013,True,True,4,Medium,87
3343,LeetCode,1.4,4.7,1896,Medium,Yes,Weekly,Free,2007,True,False,10,Low,88
3344,LeetCode,10.0,4.8,2975,Medium,No,Monthly,Freemium,2015,True,False,5,Low,81
3345,Codeforces,11.2,4.2,1768,Varied,No,Occasionally,Freemium,2020,True,False,4,High,79
3346,LeetCode,16.9,4.0,3282,Varied,Limited,Monthly,Paid,2009,True,False,9,Low,93
3347,Codeforces,19.9,4.2,1856,Medium,Yes,Biweekly,Free,2015,False,True,4,Medium,104
3348,HackerRank,18.8,4.9,3352,Easy,Yes,Occasionally,Freemium,2017,False,False,7,High,113
3349,CodeChef,3.2,4.3,3534,Hard,Limited,Occasionally,Paid,2007,True,True,6,Low,75
3350,HackerRank,8.0,4.6,1344,Varied,No,Monthly,Free,2021,True,True,4,Medium,79
3351,Codeforces,7.6,4.1,1631,Easy,No,Biweekly,Freemium,2009,True,True,10,Medium,88
3352,HackerRank,12.5,4.5,3816,Hard,Limited,Biweekly,Freemium,2014,False,False,2,High,86
3353,HackerRank,11.0,4.3,2769,Hard,No,Biweekly,Freemium,2005,True,True,7,Low,88
3354,LeetCode,10.4,4.4,2039,Medium,Limited,Monthly,Paid,2005,True,False,2,Low,74
3355,LeetCode,5.6,4.5,3855,Hard,Limited,Biweekly,Freemium,2014,False,False,10,Low,87
3356,Codeforces,14.8,4.1,1269,Hard,Limited,Weekly,Paid,2018,False,True,10,Medium,103
3357,Codeforces,17.1,4.9,2024,Varied,Limited,Biweekly,Paid,2019,True,False,7,Low,100
3358,LeetCode,15.1,4.6,1818,Medium,Yes,Occasionally,Free,2020,False,True,7,Low,104
3359,HackerRank,28.9,4.9,2103,Hard,No,Weekly,Paid,2022,True,True,6,Medium,119
3360,LeetCode,29.3,4.3,2518,Hard,Yes,Biweekly,Free,2017,False,False,8,Medium,122
3361,LeetCode,27.6,4.9,1857,Medium,Yes,Weekly,Paid,2005,False,True,2,Medium,119
3362,CodeChef,15.9,3.9,571,Hard,Limited,Monthly,Free,2019,False,False,6,Medium,88
3363,LeetCode,9.2,4.2,952,Easy,Yes,Monthly,Paid,2007,False,True,1,High,82
3364,HackerRank,26.2,4.7,1518,Medium,No,Weekly,Paid,2009,False,True,10,Low,119
3365,LeetCode,29.5,4.7,3329,Hard,Yes,Monthly,Freemium,2019,True,True,9,High,136
3366,Codeforces,9.4,3.8,904,Varied,Yes,Monthly,Free,2005,True,False,4,Medium,78
3367,CodeChef,1.2,4.1,1224,Hard,Limited,Biweekly,Free,2018,True,True,5,Medium,72
3368,Codeforces,23.9,4.7,3546,Hard,Yes,Weekly,Paid,2014,True,False,1,Low,103
3369,Codeforces,25.9,3.7,789,Hard,Limited,Weekly,Free,2018,True,True,5,Low,105
3370,CodeChef,19.6,4.0,960,Medium,No,Biweekly,Freemium,2022,False,True,10,Low,103
3371,Codeforces,12.3,4.5,3851,Easy,No,Occasionally,Freemium,2022,True,True,5,Medium,88
3372,HackerRank,11.3,4.7,1354,Hard,Yes,Biweekly,Free,2013,False,False,1,Medium,85
3373,Codeforces,20.1,4.4,1026,Easy,No,Biweekly,Free,2012,True,True,2,High,94
3374,CodeChef,15.7,3.6,3393,Hard,Yes,Weekly,Paid,2019,True,True,3,High,93
3375,CodeChef,4.7,4.4,1577,Varied,Yes,Biweekly,Freemium,2019,True,False,8,High,90
3376,CodeChef,27.4,3.8,2255,Hard,No,Weekly,Free,2018,False,False,3,Medium,96
3377,CodeChef,24.9,4.6,2116,Easy,No,Weekly,Free,2008,False,False,10,High,116
3378,Codeforces,15.7,4.8,1310,Varied,Yes,Weekly,Freemium,2022,False,True,10,Low,118
3379,Codeforces,11.4,4.0,830,Varied,No,Monthly,Free,2017,False,True,9,High,90
3380,CodeChef,27.2,4.0,3035,Varied,Yes,Weekly,Free,2014,True,True,7,Low,119
3381,Codeforces,29.9,3.5,878,Varied,Yes,Monthly,Freemium,2006,False,False,9,Low,116
3382,CodeChef,11.7,3.6,2534,Medium,No,Weekly,Freemium,2007,True,False,5,Low,75
3383,CodeChef,7.6,4.0,3465,Easy,Yes,Monthly,Paid,2014,True,True,8,High,91
3384,CodeChef,7.1,4.7,706,Hard,No,Monthly,Paid,2009,False,True,1,Low,70
3385,LeetCode,27.4,4.3,815,Hard,No,Weekly,Paid,2013,False,False,6,Medium,106
3386,CodeChef,29.0,4.9,1328,Varied,No,Monthly,Freemium,2013,False,False,6,Low,112
3387,LeetCode,4.8,3.6,1492,Hard,Limited,Weekly,Paid,2020,False,False,4,High,68
3388,HackerRank,4.4,3.7,1352,Hard,Yes,Occasionally,Paid,2010,True,False,1,High,65
3389,LeetCode,21.1,4.8,1069,Varied,Limited,Weekly,Free,2009,False,False,9,Low,112
3390,HackerRank,12.6,4.7,3455,Varied,No,Occasionally,Paid,2005,False,False,5,High,85
3391,HackerRank,28.4,4.3,3706,Easy,Limited,Biweekly,Free,2022,True,True,1,Low,105
3392,LeetCode,10.0,4.7,1818,Hard,Limited,Weekly,Freemium,2008,True,False,8,High,98
3393,LeetCode,20.5,3.9,1642,Easy,Yes,Biweekly,Paid,2010,False,False,3,Low,92
3394,Codeforces,22.4,4.0,1679,Easy,No,Biweekly,Freemium,2016,True,True,7,Low,102
3395,CodeChef,14.8,4.1,1145,Hard,Yes,Biweekly,Paid,2012,False,False,7,Low,93
3396,Codeforces,7.9,4.8,1732,Hard,Limited,Occasionally,Paid,2009,False,False,8,Low,86
3397,Codeforces,14.6,4.8,2347,Varied,Limited,Monthly,Freemium,2016,True,False,5,Low,93
3398,CodeChef,17.7,4.3,2316,Varied,Limited,Weekly,Freemium,2018,False,True,9,Low,109
3399,HackerRank,2.0,4.9,1956,Varied,Limited,Monthly,Paid,2019,True,True,8,Low,83
3400,Codeforces,26.4,3.6,1462,Easy,Yes,Biweekly,Freemium,2008,True,True,8,Medium,118
3401,CodeChef,5.8,4.0,1522,Hard,Yes,Biweekly,Paid,2010,False,True,5,Low,80
3402,LeetCode,17.8,4.7,1711,Hard,No,Biweekly,Free,2022,True,False,1,Low,83
3403,Codeforces,7.7,4.6,3868,Hard,No,Monthly,Freemium,2013,True,True,7,Low,85
3404,LeetCode,9.2,4.4,863,Medium,No,Monthly,Free,2010,True,False,8,Low,80
3405,LeetCode,14.8,4.9,2662,Easy,Yes,Monthly,Paid,2011,False,True,4,High,103
3406,HackerRank,1.0,4.3,2177,Hard,Yes,Monthly,Free,2010,True,True,10,Low,86
3407,Codeforces,4.4,4.7,3578,Varied,Yes,Biweekly,Freemium,2006,True,True,2,Medium,84
3408,LeetCode,12.8,4.5,1787,Medium,No,Occasionally,Paid,2013,True,True,9,Low,92
3409,HackerRank,17.2,4.7,2218,Varied,Yes,Biweekly,Free,2018,False,True,1,High,101
3410,HackerRank,25.4,4.0,2557,Easy,Limited,Biweekly,Free,2018,True,True,4,Medium,105
3411,CodeChef,2.9,4.5,965,Medium,Yes,Occasionally,Freemium,2018,True,False,2,High,75
3412,LeetCode,10.6,4.7,3282,Hard,Limited,Weekly,Freemium,2019,False,False,6,Medium,93
3413,Codeforces,29.5,4.6,3223,Hard,Yes,Monthly,Freemium,2015,False,True,10,High,137
3414,CodeChef,2.5,4.7,1369,Hard,No,Weekly,Free,2013,True,True,8,Low,81
3415,Codeforces,24.6,3.9,1957,Easy,Limited,Biweekly,Paid,2017,False,False,2,Low,91
3416,Codeforces,7.7,4.0,2200,Medium,Limited,Occasionally,Freemium,2005,True,False,6,Medium,79
3417,HackerRank,6.4,4.2,3991,Easy,No,Biweekly,Free,2015,False,False,1,Low,61
3418,LeetCode,1.4,3.8,3234,Varied,No,Occasionally,Free,2006,False,True,5,Medium,63
3419,LeetCode,27.9,3.5,2355,Medium,Limited,Biweekly,Paid,2005,False,False,6,Medium,102
3420,LeetCode,15.2,4.5,2308,Medium,No,Occasionally,Freemium,2006,True,True,4,Low,89
3421,LeetCode,19.0,3.7,2065,Varied,Yes,Weekly,Paid,2021,False,False,3,Medium,92
3422,LeetCode,17.2,4.2,3150,Varied,Yes,Biweekly,Paid,2022,True,True,9,High,111
3423,HackerRank,12.8,4.6,734,Varied,Limited,Occasionally,Freemium,2019,True,True,9,Low,101
3424,LeetCode,7.7,4.8,2525,Hard,Yes,Occasionally,Paid,2008,True,False,2,High,83
3425,CodeChef,9.7,4.5,822,Hard,No,Monthly,Freemium,2015,True,False,3,Medium,76
3426,HackerRank,10.1,3.9,548,Varied,No,Occasionally,Free,2005,True,True,6,Low,77
3427,LeetCode,21.4,3.7,1962,Varied,Yes,Biweekly,Freemium,2014,False,False,4,Medium,98
3428,CodeChef,26.3,4.7,577,Hard,Yes,Weekly,Freemium,2018,True,True,6,Medium,126
3429,HackerRank,20.8,3.7,3291,Hard,Limited,Biweekly,Paid,2022,True,True,6,Low,96
3430,HackerRank,24.5,4.5,3439,Varied,No,Monthly,Free,2022,True,True,1,High,99
3431,HackerRank,29.8,3.5,2119,Varied,No,Biweekly,Freemium,2009,False,False,8,High,109
3432,HackerRank,29.8,4.0,954,Easy,No,Weekly,Paid,2015,True,True,4,Medium,108
3433,Codeforces,1.2,4.3,2159,Hard,Yes,Biweekly,Free,2021,True,False,10,High,86
3434,LeetCode,13.0,3.7,801,Medium,Limited,Monthly,Paid,2013,True,False,7,High,84
3435,LeetCode,23.3,3.8,3823,Varied,Yes,Biweekly,Free,2008,False,True,2,Medium,101
3436,HackerRank,24.5,3.6,1594,Medium,Yes,Monthly,Paid,2006,True,False,6,High,104
3437,LeetCode,6.9,4.7,1006,Hard,No,Weekly,Free,2008,False,False,3,Medium,74
3438,LeetCode,26.5,4.6,3154,Easy,Yes,Occasionally,Paid,2018,False,False,9,Medium,121
3439,LeetCode,10.5,3.6,1617,Hard,Yes,Occasionally,Free,2019,False,False,6,Low,80
3440,Codeforces,1.1,3.6,2846,Medium,No,Monthly,Free,2011,False,False,2,Low,48
3441,HackerRank,13.6,3.6,2779,Varied,No,Weekly,Paid,2018,False,True,2,Medium,75
3442,CodeChef,4.7,3.7,3757,Easy,Yes,Monthly,Paid,2021,False,False,5,Medium,71
3443,CodeChef,18.0,4.8,1312,Easy,No,Biweekly,Paid,2011,True,True,10,High,110
3444,Codeforces,29.9,5.0,1402,Easy,Limited,Biweekly,Paid,2007,True,False,5,High,120
3445,HackerRank,18.2,4.7,2825,Medium,No,Occasionally,Paid,2021,False,False,8,Low,95
3446,Codeforces,2.5,3.9,3347,Easy,Yes,Occasionally,Free,2019,True,True,7,Low,78
3447,LeetCode,25.5,3.9,2375,Varied,No,Weekly,Freemium,2018,False,False,10,Low,108
3448,Codeforces,1.3,3.5,3444,Medium,Limited,Weekly,Free,2008,True,False,4,High,63
3449,LeetCode,13.4,4.0,3071,Varied,No,Biweekly,Freemium,2012,False,False,7,High,87
3450,HackerRank,26.7,4.2,2452,Varied,No,Biweekly,Free,2017,False,False,2,High,97
3451,Codeforces,19.1,4.1,3351,Hard,Yes,Monthly,Freemium,2013,True,False,10,High,112
3452,Codeforces,12.6,4.7,2338,Varied,Limited,Occasionally,Paid,2020,False,True,6,High,97
3453,HackerRank,8.6,3.9,622,Hard,No,Weekly,Paid,2010,False,True,10,High,89
3454,Codeforces,19.4,3.8,801,Medium,No,Biweekly,Freemium,2016,True,False,8,Low,92
3455,Codeforces,11.5,3.8,566,Varied,Yes,Weekly,Paid,2007,False,True,4,Low,86
3456,CodeChef,12.2,4.9,1570,Varied,Yes,Weekly,Free,2015,False,True,8,High,111
3457,Codeforces,1.0,4.4,586,Easy,Limited,Monthly,Paid,2007,True,True,4,Medium,70
3458,CodeChef,17.1,4.3,842,Easy,No,Monthly,Paid,2011,False,False,5,Low,84
3459,Codeforces,4.0,4.6,1731,Varied,Yes,Biweekly,Paid,2013,True,False,6,High,84
3460,LeetCode,25.1,3.9,2999,Hard,Yes,Biweekly,Free,2020,False,False,7,High,112
3461,HackerRank,29.7,4.3,2436,Varied,Limited,Weekly,Free,2012,False,False,10,High,126
3462,HackerRank,12.7,4.0,1826,Medium,No,Occasionally,Freemium,2010,False,True,4,High,84
3463,LeetCode,3.4,3.9,1434,Hard,Limited,Occasionally,Paid,2013,True,True,5,Medium,71
3464,HackerRank,26.0,3.9,748,Varied,No,Occasionally,Paid,2015,True,False,7,High,101
3465,Codeforces,28.2,4.7,745,Varied,Limited,Weekly,Paid,2019,True,True,10,High,131
3466,HackerRank,4.4,4.4,2547,Varied,Yes,Weekly,Freemium,2006,False,False,5,Low,82
3467,CodeChef,16.4,3.9,1271,Hard,Yes,Biweekly,Freemium,2012,False,True,8,Medium,106
3468,CodeChef,12.5,3.7,1757,Hard,No,Occasionally,Paid,2010,True,False,10,Medium,83
3469,LeetCode,12.6,4.4,1751,Medium,No,Weekly,Freemium,2011,False,True,8,Low,95
3470,LeetCode,23.6,4.3,1460,Medium,Yes,Occasionally,Freemium,2020,False,True,6,Medium,115
3471,Codeforces,20.8,4.6,3726,Medium,Limited,Weekly,Freemium,2022,True,False,3,High,103
3472,HackerRank,11.7,4.6,3248,Varied,No,Biweekly,Free,2009,False,False,1,Low,73
3473,HackerRank,20.0,3.8,3666,Medium,Yes,Occasionally,Freemium,2016,True,False,2,Medium,92
3474,HackerRank,17.9,4.0,3731,Hard,No,Weekly,Free,2014,False,False,4,High,88
3475,CodeChef,12.7,4.6,3526,Hard,Limited,Biweekly,Paid,2019,False,False,8,Medium,94
3476,HackerRank,5.7,4.4,716,Hard,No,Monthly,Freemium,2009,False,False,2,Low,65
3477,LeetCode,11.1,4.3,1161,Hard,Limited,Biweekly,Freemium,2006,False,True,10,Low,99
3478,HackerRank,23.5,3.5,3705,Easy,No,Occasionally,Freemium,2015,False,False,6,High,94
3479,Codeforces,9.2,4.9,1852,Easy,Yes,Occasionally,Freemium,2021,False,True,8,Medium,104
3480,Codeforces,3.8,4.5,2537,Medium,Yes,Biweekly,Paid,2013,True,True,3,High,82
3481,CodeChef,6.5,4.7,1500,Hard,Yes,Biweekly,Freemium,2005,True,False,2,High,84
3482,HackerRank,4.1,4.4,1521,Varied,Yes,Biweekly,Free,2006,False,True,3,Medium,80
3483,LeetCode,17.9,4.6,2776,Varied,Yes,Weekly,Free,2017,False,True,8,Low,113
3484,LeetCode,19.5,3.8,924,Easy,Yes,Occasionally,Free,2022,True,False,9,Medium,103
3485,HackerRank,26.6,4.0,1038,Varied,Yes,Monthly,Freemium,2018,True,False,7,Low,112
3486,CodeChef,11.4,3.7,2421,Medium,Yes,Weekly,Paid,2005,False,True,4,Medium,87
3487,CodeChef,29.7,4.6,2104,Easy,No,Weekly,Paid,2011,False,False,7,Medium,115
3488,HackerRank,15.9,4.9,693,Easy,Limited,Monthly,Paid,2012,True,False,3,High,93
3489,LeetCode,26.2,4.5,2210,Medium,Limited,Occasionally,Paid,2015,True,True,8,Medium,117
3490,LeetCode,3.8,4.7,560,Medium,No,Biweekly,Freemium,2017,True,False,1,High,68
3491,LeetCode,26.7,4.1,581,Easy,No,Weekly,Free,2011,False,False,9,High,112
3492,HackerRank,27.6,4.0,3410,Medium,No,Biweekly,Freemium,2019,False,True,3,Medium,103
3493,LeetCode,16.1,4.7,915,Medium,Yes,Biweekly,Paid,2007,False,True,2,High,100
3494,CodeChef,5.8,4.8,3651,Easy,Limited,Biweekly,Paid,2008,False,True,1,High,79
3495,HackerRank,24.0,4.9,979,Easy,Yes,Weekly,Paid,2009,True,True,7,Low,122
3496,Codeforces,18.3,4.9,3718,Medium,Limited,Weekly,Free,2007,False,True,7,Medium,111
3497,HackerRank,12.3,3.6,3161,Easy,Limited,Occasionally,Paid,2020,True,True,8,Medium,87
3498,HackerRank,13.3,3.8,3229,Easy,Yes,Weekly,Free,2015,False,False,7,Medium,93
3499,LeetCode,18.3,4.7,3679,Varied,No,Weekly,Freemium,2022,False,False,1,High,91
3500,Codeforces,24.6,4.1,3562,Medium,Yes,Biweekly,Free,2013,True,True,5,High,114
3501,CodeChef,14.3,4.9,1423,Hard,Yes,Monthly,Freemium,2010,False,False,4,Medium,98
3502,Codeforces,2.4,3.7,1748,Medium,Yes,Weekly,Free,2021,False,True,8,Medium,83
3503,LeetCode,13.0,4.9,2841,Hard,Yes,Occasionally,Free,2009,True,True,6,Medium,104
3504,HackerRank,17.7,4.9,1636,Easy,No,Weekly,Paid,2012,True,True,4,High,101
3505,LeetCode,2.7,5.0,2607,Hard,Yes,Monthly,Freemium,2012,True,True,9,High,99
3506,CodeChef,21.9,3.8,3683,Medium,Yes,Biweekly,Paid,2018,True,False,1,Low,89
3507,CodeChef,21.5,4.7,1534,Medium,No,Biweekly,Free,2008,True,True,9,Low,109
3508,CodeChef,5.1,3.9,998,Hard,Yes,Occasionally,Free,2016,True,False,10,Medium,85
3509,Codeforces,4.1,4.9,2478,Hard,Yes,Monthly,Paid,2008,False,True,10,Medium,97
3510,LeetCode,25.1,4.9,2527,Easy,Yes,Weekly,Freemium,2008,False,True,9,Low,131
3511,HackerRank,19.3,4.5,1059,Easy,Limited,Occasionally,Paid,2021,False,False,10,Low,104
3512,LeetCode,3.1,4.7,730,Medium,No,Occasionally,Free,2020,True,True,1,Low,65
3513,CodeChef,17.4,4.1,3413,Hard,No,Weekly,Paid,2012,True,True,8,Medium,98
3514,CodeChef,7.8,4.7,2266,Easy,Yes,Occasionally,Free,2018,False,True,3,Low,86
3515,LeetCode,4.4,4.1,2995,Hard,Limited,Monthly,Paid,2018,False,False,3,High,68
3516,CodeChef,24.6,4.8,3060,Medium,Limited,Weekly,Paid,2010,True,True,5,Low,113
3517,Codeforces,2.9,4.2,871,Hard,No,Weekly,Freemium,2006,True,True,4,Medium,72
3518,Codeforces,24.8,4.6,2887,Easy,Yes,Occasionally,Freemium,2009,False,True,3,High,116
3519,CodeChef,16.0,4.3,2310,Hard,No,Biweekly,Freemium,2011,False,True,1,Low,83
3520,CodeChef,11.2,3.5,1430,Medium,Limited,Biweekly,Paid,2007,False,True,8,High,88
3521,LeetCode,19.0,3.7,2929,Easy,Yes,Biweekly,Freemium,2014,True,True,8,Low,106
3522,LeetCode,11.9,4.9,3387,Varied,Limited,Monthly,Free,2010,True,False,4,Low,86
3523,HackerRank,23.4,4.6,641,Varied,Limited,Occasionally,Paid,2005,False,False,3,Medium,99
3524,CodeChef,19.8,3.8,1191,Easy,Limited,Weekly,Freemium,2016,True,True,4,Medium,99
3525,HackerRank,20.2,3.9,3659,Varied,No,Occasionally,Freemium,2020,False,False,1,High,83
3526,HackerRank,14.4,4.9,576,Easy,No,Biweekly,Paid,2014,True,True,3,High,92
3527,HackerRank,16.7,3.5,1961,Hard,Yes,Occasionally,Free,2017,False,True,6,High,97
3528,HackerRank,9.9,5.0,1679,Varied,No,Monthly,Freemium,2014,True,True,3,Medium,86
3529,LeetCode,14.7,3.5,2960,Hard,Limited,Biweekly,Freemium,2010,False,False,8,Low,87
3530,LeetCode,10.9,3.9,3136,Medium,No,Weekly,Free,2006,False,False,9,Medium,84
3531,HackerRank,14.9,4.1,747,Medium,Limited,Monthly,Free,2017,True,True,1,High,85
3532,LeetCode,24.8,4.0,3559,Medium,Limited,Monthly,Free,2020,False,False,9,Low,106
3533,CodeChef,22.6,3.7,1526,Hard,Limited,Monthly,Free,2012,True,False,8,High,102
3534,HackerRank,8.9,5.0,1774,Varied,Yes,Biweekly,Paid,2015,True,True,10,Low,104
3535,LeetCode,19.6,4.4,959,Easy,Yes,Monthly,Free,2017,True,False,3,High,99
3536,Codeforces,4.0,4.8,1592,Medium,Yes,Occasionally,Free,2019,False,True,10,Low,95
3537,HackerRank,22.2,4.6,2742,Varied,Yes,Occasionally,Free,2012,True,True,7,Low,114
3538,HackerRank,12.9,4.8,2501,Varied,Limited,Weekly,Paid,2007,True,False,2,Low,84
3539,CodeChef,1.8,4.9,3500,Varied,Yes,Biweekly,Free,2021,True,False,1,High,75
3540,HackerRank,13.9,4.0,2621,Hard,Limited,Biweekly,Free,2006,True,False,7,Low,87
3541,LeetCode,20.9,4.1,2546,Varied,Limited,Biweekly,Free,2012,True,False,8,Low,100
3542,LeetCode,17.2,4.3,1086,Hard,Limited,Occasionally,Free,2011,True,False,2,Medium,86
3543,HackerRank,24.9,4.8,2761,Hard,Limited,Weekly,Freemium,2009,False,True,7,High,124
3544,Codeforces,3.8,4.5,1942,Varied,Yes,Monthly,Free,2013,False,False,9,High,89
3545,LeetCode,22.2,4.3,2267,Hard,Limited,Occasionally,Freemium,2006,False,False,3,Low,95
3546,CodeChef,15.7,3.6,3804,Easy,No,Monthly,Freemium,2009,True,False,10,Medium,90
3547,Codeforces,23.3,4.6,562,Easy,Yes,Weekly,Freemium,2020,False,False,10,Low,122
3548,HackerRank,6.3,4.8,1684,Medium,No,Weekly,Free,2020,False,False,9,High,88
3549,HackerRank,15.4,4.5,1152,Easy,Limited,Monthly,Freemium,2014,False,True,2,Medium,92
3550,Codeforces,21.6,4.7,2333,Easy,Yes,Biweekly,Freemium,2012,False,False,10,Medium,120
3551,LeetCode,16.6,4.8,1092,Medium,Limited,Weekly,Freemium,2014,True,False,6,High,105
3552,HackerRank,15.1,4.0,2735,Hard,Limited,Monthly,Free,2011,False,False,7,High,92
3553,Codeforces,1.2,4.3,2787,Medium,Limited,Biweekly,Paid,2020,False,False,2,High,64
3554,HackerRank,7.9,4.7,2491,Hard,No,Weekly,Paid,2009,True,False,8,Medium,85
3555,Codeforces,5.0,4.2,2831,Hard,Yes,Biweekly,Freemium,2005,False,False,8,Low,84
3556,Codeforces,25.8,4.4,3378,Medium,No,Biweekly,Free,2017,False,False,3,High,100
3557,Codeforces,7.0,4.9,1123,Easy,Limited,Weekly,Paid,2011,False,True,8,Medium,96
3558,HackerRank,28.6,4.5,2970,Varied,Limited,Monthly,Freemium,2014,True,False,4,Medium,111
3559,Codeforces,12.2,3.9,748,Hard,Yes,Occasionally,Free,2005,True,False,9,Medium,93
3560,HackerRank,3.4,4.5,1730,Varied,No,Occasionally,Free,2012,False,False,4,High,68
3561,CodeChef,2.4,4.7,2335,Easy,Limited,Occasionally,Freemium,2009,False,False,2,High,72
3562,LeetCode,2.9,3.7,1339,Hard,Limited,Biweekly,Freemium,2010,False,True,10,High,84
3563,LeetCode,4.7,4.4,2329,Easy,Yes,Biweekly,Free,2009,False,True,4,Low,81
3564,Codeforces,25.3,4.4,1089,Medium,Yes,Occasionally,Freemium,2013,True,False,3,Low,106
3565,CodeChef,2.7,3.6,1587,Varied,Limited,Biweekly,Free,2020,True,True,6,Low,69
3566,LeetCode,28.0,3.8,3271,Hard,No,Weekly,Freemium,2014,False,False,8,Medium,109
3567,HackerRank,2.6,4.7,1957,Hard,Yes,Weekly,Free,2013,True,False,6,Low,82
3568,CodeChef,11.6,3.5,830,Easy,No,Occasionally,Paid,2007,True,True,3,High,72
3569,LeetCode,4.1,3.5,3064,Hard,Limited,Occasionally,Freemium,2009,True,False,8,High,74
3570,HackerRank,18.9,3.9,3461,Medium,Yes,Biweekly,Paid,2005,True,False,1,High,89
3571,CodeChef,10.6,4.8,807,Medium,Yes,Biweekly,Freemium,2022,True,True,3,High,98
3572,CodeChef,12.8,3.5,2170,Hard,Limited,Weekly,Free,2010,False,False,8,Low,84
3573,LeetCode,2.6,3.8,2696,Varied,No,Weekly,Free,2008,True,True,10,Medium,78
3574,CodeChef,4.9,3.8,3191,Easy,Limited,Weekly,Paid,2018,True,True,2,Medium,69
3575,HackerRank,17.0,3.6,3897,Hard,Yes,Occasionally,Freemium,2005,False,True,6,High,100
3576,LeetCode,19.2,4.7,1116,Medium,Yes,Biweekly,Freemium,2006,True,True,7,High,118
3577,HackerRank,19.7,4.1,1608,Medium,Limited,Biweekly,Free,2017,True,True,2,Medium,94
3578,LeetCode,5.5,4.0,770,Easy,Limited,Monthly,Free,2006,True,False,3,High,69
3579,HackerRank,2.5,4.3,2422,Hard,No,Occasionally,Freemium,2016,True,False,6,High,71
3580,Codeforces,2.0,3.6,2812,Varied,Limited,Weekly,Freemium,2018,False,True,2,Low,64
3581,LeetCode,15.8,3.6,3444,Easy,Yes,Monthly,Freemium,2022,False,False,6,Medium,92
3582,HackerRank,3.2,3.8,862,Varied,Limited,Biweekly,Paid,2006,True,True,1,Medium,63
3583,Codeforces,16.8,4.9,1635,Hard,Yes,Weekly,Paid,2008,True,False,2,High,100
3584,LeetCode,8.8,3.6,2997,Hard,Limited,Occasionally,Paid,2014,True,True,4,High,76
3585,LeetCode,11.4,4.2,3345,Hard,Limited,Weekly,Paid,2006,True,False,8,Low,88
3586,Codeforces,10.6,4.7,1773,Medium,Yes,Occasionally,Free,2009,False,False,8,Medium,97
3587,HackerRank,18.2,4.1,3437,Medium,No,Occasionally,Paid,2017,True,False,3,Low,79
3588,HackerRank,19.3,3.6,3629,Medium,Limited,Monthly,Freemium,2016,True,False,4,High,90
3589,LeetCode,13.0,4.1,2442,Easy,Limited,Occasionally,Freemium,2009,False,True,4,High,90
3590,HackerRank,23.1,4.9,2245,Medium,Yes,Monthly,Paid,2022,False,False,1,High,105
3591,HackerRank,4.3,4.5,2423,Hard,Yes,Biweekly,Paid,2021,False,False,6,Low,79
3592,CodeChef,13.4,4.0,1846,Varied,Yes,Monthly,Free,2009,True,True,5,Low,91
3593,HackerRank,27.5,4.1,3177,Medium,No,Monthly,Freemium,2015,True,False,2,Medium,96
3594,Codeforces,1.5,4.4,1290,Medium,Limited,Biweekly,Paid,2009,True,True,10,High,86
3595,Codeforces,12.7,4.0,1954,Medium,Limited,Biweekly,Paid,2007,False,True,1,Low,77
3596,Codeforces,4.2,3.7,2127,Hard,Limited,Occasionally,Freemium,2019,True,False,4,High,68
3597,LeetCode,29.9,3.6,2874,Easy,No,Weekly,Freemium,2008,True,True,9,Medium,117
3598,CodeChef,13.1,4.6,766,Medium,No,Biweekly,Free,2013,False,False,4,Medium,83
3599,LeetCode,10.6,4.4,762,Medium,No,Occasionally,Free,2014,True,True,2,Medium,77
3600,LeetCode,6.6,3.9,3626,Hard,Limited,Occasionally,Free,2011,True,False,6,Medium,74
3601,CodeChef,24.3,4.2,3444,Hard,Limited,Occasionally,Paid,2016,False,True,5,High,107
3602,HackerRank,12.0,4.1,3747,Hard,Yes,Weekly,Paid,2013,True,True,3,Low,88
3603,CodeChef,14.8,4.8,1077,Easy,Yes,Weekly,Paid,2021,True,True,9,Medium,113
3604,Codeforces,25.1,4.1,2522,Varied,Limited,Weekly,Freemium,2020,False,True,8,Low,116
3605,CodeChef,14.7,4.6,2229,Medium,Yes,Weekly,Paid,2008,False,True,3,Low,97
3606,LeetCode,2.7,4.8,2921,Varied,No,Biweekly,Free,2008,True,False,4,Medium,69
3607,HackerRank,1.7,4.1,771,Hard,Yes,Biweekly,Free,2022,True,False,2,Medium,67
3608,LeetCode,3.8,5.0,3354,Varied,No,Monthly,Freemium,2009,True,False,3,Medium,72
3609,Codeforces,8.3,3.9,792,Varied,No,Monthly,Freemium,2012,False,True,10,Medium,86
3610,Codeforces,28.4,3.7,3239,Easy,Yes,Monthly,Freemium,2016,False,False,3,Low,104
3611,Codeforces,11.6,4.4,3466,Easy,Yes,Biweekly,Freemium,2005,False,False,3,High,90
3612,CodeChef,28.3,5.0,2604,Easy,Yes,Monthly,Free,2008,False,False,9,Medium,128
3613,LeetCode,17.6,4.2,3209,Hard,No,Weekly,Freemium,2019,False,False,1,Low,81
3614,LeetCode,12.5,4.8,2067,Varied,Yes,Biweekly,Free,2013,False,True,4,Low,97
3615,CodeChef,5.9,4.8,723,Easy,Limited,Biweekly,Free,2006,True,False,9,Low,87
3616,Codeforces,4.0,3.7,1704,Varied,Limited,Occasionally,Freemium,2011,True,True,9,Low,79
3617,Codeforces,7.4,4.3,1025,Easy,Yes,Biweekly,Free,2018,False,True,8,High,96
3618,CodeChef,26.5,5.0,1845,Varied,Limited,Monthly,Freemium,2010,False,True,9,Low,126
3619,LeetCode,9.3,4.4,1510,Varied,Yes,Occasionally,Freemium,2009,True,False,7,Low,90
3620,Codeforces,3.9,4.2,2344,Easy,Yes,Weekly,Freemium,2009,False,False,4,Medium,79
3621,HackerRank,15.6,4.5,2312,Medium,Limited,Weekly,Paid,2017,False,True,8,High,106
3622,HackerRank,21.5,4.9,2061,Medium,Yes,Monthly,Free,2016,True,False,6,Low,109
3623,Codeforces,21.4,4.0,898,Varied,Yes,Weekly,Freemium,2008,False,True,4,Low,106
3624,HackerRank,15.3,4.8,822,Easy,Limited,Monthly,Free,2006,False,False,5,Low,92
3625,CodeChef,18.2,4.3,768,Easy,No,Weekly,Free,2015,False,False,3,High,89
3626,Codeforces,23.4,3.7,826,Medium,No,Occasionally,Free,2021,False,False,10,Low,98
3627,HackerRank,5.1,3.6,1488,Hard,Yes,Biweekly,Freemium,2012,True,True,3,Low,74
3628,LeetCode,6.9,4.8,2676,Medium,Limited,Occasionally,Paid,2017,True,True,7,Medium,89
3629,CodeChef,8.8,4.5,3194,Hard,No,Monthly,Free,2018,True,False,10,High,88
3630,LeetCode,28.8,3.6,2780,Easy,Limited,Monthly,Freemium,2007,False,True,1,Low,99
3631,LeetCode,25.2,4.7,997,Varied,Yes,Occasionally,Freemium,2021,True,True,8,Medium,126
3632,CodeChef,23.8,3.8,1111,Easy,Limited,Weekly,Free,2013,True,True,3,High,103
3633,CodeChef,7.1,3.7,1562,Varied,Yes,Weekly,Free,2018,False,True,6,High,88
3634,CodeChef,23.4,4.6,1694,Hard,Limited,Occasionally,Paid,2011,False,True,5,High,110
3635,Codeforces,8.0,4.3,844,Medium,Limited,Occasionally,Free,2021,True,True,8,Low,87
3636,CodeChef,18.6,4.2,2725,Hard,Limited,Occasionally,Paid,2014,False,True,8,High,105
3637,CodeChef,3.9,4.9,1272,Hard,Limited,Weekly,Free,2010,True,True,7,Low,88
3638,Codeforces,22.7,4.1,2197,Hard,Limited,Occasionally,Free,2012,True,True,9,Low,109
3639,Codeforces,15.7,4.7,1777,Varied,Limited,Monthly,Paid,2020,True,True,6,High,102
3640,Codeforces,2.2,4.2,1951,Hard,Yes,Weekly,Free,2020,False,True,7,Medium,85
3641,Codeforces,29.2,4.4,1787,Varied,No,Monthly,Free,2017,True,False,4,Medium,104
3642,HackerRank,4.1,4.6,2525,Medium,No,Weekly,Freemium,2021,False,False,4,Low,71
3643,LeetCode,12.2,3.6,3797,Hard,Yes,Monthly,Freemium,2019,True,False,5,Medium,84
3644,HackerRank,20.8,4.5,3159,Easy,No,Occasionally,Freemium,2009,True,False,5,Medium,96
3645,HackerRank,13.1,4.9,3143,Hard,Limited,Monthly,Paid,2017,False,False,7,High,97
3646,Codeforces,16.0,3.6,3805,Hard,Yes,Monthly,Paid,2010,True,False,9,Medium,95
3647,CodeChef,6.6,3.6,2161,Easy,Limited,Occasionally,Paid,2009,True,False,2,Low,60
3648,LeetCode,20.1,4.7,2770,Easy,Limited,Biweekly,Free,2022,True,False,9,High,111
3649,CodeChef,9.0,3.5,3155,Medium,Limited,Monthly,Free,2015,True,True,3,Low,70
3650,HackerRank,20.7,4.5,1927,Easy,No,Monthly,Paid,2014,False,True,6,High,102
3651,LeetCode,26.9,3.5,1483,Medium,Limited,Monthly,Free,2005,True,False,9,High,108
3652,Codeforces,25.1,4.0,3897,Easy,Yes,Occasionally,Paid,2015,True,False,10,Medium,115
3653,Codeforces,25.3,4.3,612,Varied,Yes,Monthly,Free,2010,True,False,4,Low,105
3654,Codeforces,8.5,4.7,1506,Medium,No,Monthly,Freemium,2017,True,True,7,Low,87
3655,Codeforces,11.8,4.0,2587,Easy,Limited,Monthly,Paid,2015,True,True,4,Medium,83
3656,HackerRank,4.3,4.0,3773,Hard,No,Monthly,Free,2015,True,True,3,Medium,65
3657,LeetCode,15.3,3.8,3931,Varied,Limited,Occasionally,Paid,2020,False,False,3,Medium,79
3658,CodeChef,20.5,4.8,1993,Hard,Yes,Monthly,Freemium,2022,True,True,2,Low,106
3659,LeetCode,2.0,4.4,3333,Easy,No,Monthly,Free,2017,True,False,4,Low,61
3660,HackerRank,18.4,4.2,3079,Easy,Limited,Monthly,Paid,2021,True,True,6,Medium,99
3661,Codeforces,23.7,4.2,1243,Varied,Limited,Monthly,Freemium,2005,False,False,1,Medium,95
3662,Codeforces,15.1,3.5,2356,Medium,No,Biweekly,Freemium,2010,True,True,6,Medium,86
3663,LeetCode,3.4,3.7,2796,Easy,Limited,Weekly,Free,2015,False,False,2,Low,60
3664,LeetCode,27.0,4.1,2697,Hard,Limited,Biweekly,Paid,2010,False,False,4,High,104
3665,LeetCode,25.6,4.2,2258,Varied,No,Occasionally,Paid,2010,True,False,4,Low,93
3666,CodeChef,13.8,4.5,1556,Hard,No,Biweekly,Paid,2010,True,False,2,High,80
3667,Codeforces,15.7,3.7,3006,Easy,Limited,Biweekly,Free,2017,False,False,2,High,81
3668,LeetCode,20.3,4.5,2949,Varied,Limited,Biweekly,Freemium,2010,False,True,2,Medium,100
3669,HackerRank,24.7,3.7,3280,Easy,No,Weekly,Free,2014,False,False,7,Low,97
3670,HackerRank,8.9,4.2,2483,Varied,Limited,Biweekly,Free,2015,True,False,4,High,79
3671,Codeforces,8.9,3.5,1392,Easy,Limited,Biweekly,Free,2020,True,True,6,Medium,79
3672,LeetCode,21.3,4.6,590,Easy,Yes,Monthly,Free,2020,False,True,9,High,121
3673,CodeChef,13.9,3.8,1800,Hard,Yes,Weekly,Freemium,2022,True,False,3,High,90
3674,CodeChef,20.6,4.9,2355,Medium,Yes,Weekly,Free,2010,True,True,9,Low,122
3675,Codeforces,1.7,4.5,2317,Hard,No,Biweekly,Paid,2011,False,True,5,High,73
3676,Codeforces,3.3,3.8,3295,Varied,No,Weekly,Freemium,2022,False,False,9,Low,72
3677,HackerRank,6.6,4.8,3994,Hard,Limited,Occasionally,Paid,2018,True,True,6,High,89
3678,Codeforces,17.5,4.9,3095,Hard,No,Biweekly,Paid,2005,False,False,3,High,91
3679,Codeforces,7.8,3.9,3911,Hard,Limited,Biweekly,Freemium,2006,True,False,5,High,79
3680,HackerRank,18.2,4.2,2132,Easy,Limited,Weekly,Free,2007,True,True,6,Low,100
3681,Codeforces,8.2,3.8,1659,Hard,Yes,Weekly,Paid,2020,False,False,4,Low,76
3682,HackerRank,26.0,4.7,2883,Hard,No,Monthly,Free,2009,False,True,5,High,111
3683,LeetCode,13.5,3.8,3921,Easy,Yes,Monthly,Freemium,2012,False,True,8,Medium,99
3684,CodeChef,11.2,4.2,2200,Varied,Limited,Biweekly,Freemium,2014,True,True,2,Low,82
3685,LeetCode,25.7,4.1,2783,Easy,No,Monthly,Paid,2014,False,False,7,Medium,101
3686,HackerRank,24.5,4.2,2466,Hard,Yes,Biweekly,Paid,2008,True,True,5,Medium,112
3687,LeetCode,13.8,3.6,3704,Varied,No,Occasionally,Paid,2006,True,True,7,Low,81
3688,HackerRank,8.4,4.0,3480,Varied,Limited,Biweekly,Free,2012,True,False,10,Low,85
3689,CodeChef,16.1,4.1,2031,Easy,Limited,Occasionally,Freemium,2014,True,False,2,Low,82
3690,HackerRank,23.6,4.2,1104,Medium,Limited,Biweekly,Free,2015,False,True,8,Medium,112
3691,HackerRank,9.0,4.9,3655,Medium,Limited,Monthly,Freemium,2008,True,False,8,Low,92
3692,CodeChef,19.1,4.4,1231,Hard,No,Occasionally,Freemium,2013,True,True,6,Low,98
3693,CodeChef,23.6,3.9,3774,Easy,Yes,Weekly,Paid,2019,False,True,1,Medium,101
3694,CodeChef,19.3,3.7,1169,Easy,Yes,Biweekly,Free,2019,True,False,1,High,89
3695,LeetCode,5.8,4.3,2982,Medium,Limited,Monthly,Free,2010,False,True,2,Medium,74
3696,HackerRank,4.8,3.6,1034,Hard,No,Monthly,Freemium,2005,False,False,9,High,73
3697,LeetCode,21.7,4.8,3239,Hard,Yes,Occasionally,Free,2014,False,True,7,Low,116
3698,LeetCode,19.1,4.2,3304,Hard,Yes,Weekly,Free,2020,True,True,5,Low,105
3699,CodeChef,20.5,4.1,2655,Medium,No,Occasionally,Free,2017,False,True,9,High,105
3700,Codeforces,8.4,4.3,3565,Hard,Limited,Biweekly,Paid,2014,True,False,8,Medium,85
3701,Codeforces,19.5,4.0,1621,Easy,Yes,Weekly,Paid,2020,True,False,3,Medium,95
3702,HackerRank,9.7,4.1,914,Varied,Yes,Monthly,Free,2018,False,False,8,High,92
3703,HackerRank,11.1,4.5,977,Medium,Limited,Occasionally,Paid,2019,False,True,4,High,89
3704,LeetCode,2.4,3.6,2962,Hard,No,Biweekly,Free,2020,False,True,9,Low,70
3705,Codeforces,2.0,4.1,1208,Easy,Limited,Occasionally,Paid,2020,True,True,4,High,71
3706,LeetCode,6.5,3.7,2805,Hard,Limited,Biweekly,Freemium,2013,False,True,9,Medium,86
3707,Codeforces,7.9,4.9,975,Medium,Yes,Biweekly,Freemium,2016,True,True,4,High,97
3708,CodeChef,7.2,3.8,527,Hard,Yes,Occasionally,Paid,2007,True,False,3,High,74
3709,HackerRank,14.9,4.2,2429,Easy,No,Occasionally,Paid,2005,False,True,10,Medium,96
3710,HackerRank,19.2,3.6,3633,Hard,Limited,Weekly,Freemium,2021,False,False,2,Low,85
3711,CodeChef,7.9,4.0,2894,Varied,Yes,Occasionally,Freemium,2007,False,True,6,High,91
3712,LeetCode,14.3,4.7,3258,Medium,Yes,Biweekly,Paid,2005,False,True,1,High,95
3713,CodeChef,20.0,4.6,1098,Medium,Yes,Weekly,Free,2018,False,False,4,Low,103
3714,LeetCode,12.0,4.2,3337,Hard,No,Occasionally,Free,2017,False,False,4,Low,74
3715,HackerRank,13.1,4.5,1582,Easy,Limited,Occasionally,Free,2022,True,True,1,Low,83
3716,CodeChef,2.6,4.8,2137,Easy,Limited,Biweekly,Freemium,2007,True,True,3,Medium,79
3717,Codeforces,20.3,4.5,1934,Medium,Limited,Occasionally,Free,2019,True,False,1,Medium,90
3718,CodeChef,2.0,3.8,835,Varied,Limited,Occasionally,Paid,2010,True,False,10,Medium,73
3719,CodeChef,14.0,4.6,1459,Hard,No,Occasionally,Free,2018,False,False,6,Low,85
3720,Codeforces,29.8,4.0,3321,Varied,Yes,Weekly,Free,2021,False,True,1,Low,111
3721,LeetCode,5.1,3.8,3228,Easy,Limited,Occasionally,Free,2019,True,False,8,High,77
3722,Codeforces,15.2,3.5,2460,Easy,No,Monthly,Free,2012,True,False,9,Low,82
3723,LeetCode,19.5,4.1,2881,Hard,Yes,Biweekly,Freemium,2005,True,True,2,High,102
3724,Codeforces,24.1,4.4,2364,Hard,No,Weekly,Paid,2006,True,True,2,High,101
3725,LeetCode,11.1,3.9,514,Hard,No,Biweekly,Freemium,2007,True,False,5,High,79
3726,HackerRank,1.6,4.0,2036,Easy,No,Monthly,Free,2008,False,True,5,High,67
3727,CodeChef,1.3,4.4,3553,Hard,Limited,Monthly,Free,2016,False,True,3,High,72
3728,HackerRank,20.5,4.6,1371,Easy,Yes,Biweekly,Freemium,2012,False,False,7,Low,110
3729,LeetCode,8.1,4.2,1962,Hard,Yes,Monthly,Free,2013,True,True,2,Medium,81
3730,LeetCode,27.6,4.2,3752,Hard,Limited,Occasionally,Freemium,2021,True,False,1,Low,98
3731,CodeChef,6.0,4.2,3406,Medium,Yes,Occasionally,Paid,2019,False,False,1,Low,68
3732,HackerRank,2.6,4.9,521,Easy,No,Weekly,Free,2018,False,False,1,High,68
3733,HackerRank,27.1,3.9,3255,Medium,Limited,Biweekly,Paid,2018,True,True,2,High,104
3734,CodeChef,26.7,4.2,2797,Hard,No,Monthly,Free,2013,True,False,1,High,94
3735,Codeforces,23.3,4.7,3876,Easy,No,Weekly,Freemium,2022,True,True,7,Low,112
3736,LeetCode,3.9,3.8,2324,Varied,Limited,Monthly,Paid,2009,False,False,6,High,70
3737,LeetCode,7.8,4.8,1219,Varied,Yes,Occasionally,Paid,2022,False,True,10,High,104
3738,LeetCode,10.8,4.8,1925,Hard,Yes,Occasionally,Paid,2014,False,False,10,Medium,101
3739,Codeforces,12.0,4.1,3150,Medium,No,Monthly,Freemium,2010,True,True,6,Low,84
3740,HackerRank,5.3,4.7,3638,Medium,Limited,Biweekly,Paid,2007,True,True,5,Low,81
3741,HackerRank,4.0,3.8,628,Medium,Yes,Weekly,Paid,2013,False,False,2,Medium,68
3742,HackerRank,28.9,4.3,965,Medium,Limited,Occasionally,Free,2006,False,True,6,Low,114
3743,CodeChef,16.5,4.3,3966,Hard,No,Weekly,Paid,2007,True,True,3,Medium,89
3744,LeetCode,22.8,4.5,3668,Medium,No,Monthly,Paid,2020,True,True,8,Low,105
3745,HackerRank,2.0,4.7,2682,Medium,Yes,Occasionally,Freemium,2019,True,False,9,Medium,88
3746,LeetCode,4.3,4.7,1947,Varied,Yes,Monthly,Free,2007,True,True,3,Medium,82
3747,CodeChef,26.7,3.6,2614,Medium,Yes,Monthly,Freemium,2008,False,True,8,High,119
3748,CodeChef,29.1,4.7,3699,Varied,Limited,Monthly,Freemium,2009,True,False,10,Medium,126
3749,CodeChef,13.8,4.6,1192,Easy,Yes,Weekly,Freemium,2006,False,False,2,Low,92
3750,Codeforces,22.4,3.7,1665,Medium,No,Biweekly,Freemium,2010,False,False,5,Medium,92
3751,HackerRank,5.3,3.8,3755,Varied,Limited,Biweekly,Freemium,2008,True,False,8,Medium,78
3752,LeetCode,13.6,4.5,2633,Hard,Limited,Occasionally,Paid,2013,True,False,9,Low,93
3753,HackerRank,6.3,3.8,504,Medium,Limited,Biweekly,Free,2007,True,True,8,High,84
3754,Codeforces,19.4,5.0,2080,Varied,No,Weekly,Freemium,2022,True,False,4,Medium,100
3755,CodeChef,27.4,4.2,957,Easy,Limited,Monthly,Paid,2016,True,False,8,Medium,111
3756,HackerRank,10.6,4.9,1479,Medium,Yes,Biweekly,Paid,2017,True,True,3,High,96
3757,LeetCode,18.1,4.4,693,Hard,Yes,Occasionally,Free,2009,True,True,7,High,110
3758,HackerRank,21.9,3.5,2337,Medium,No,Biweekly,Freemium,2013,True,True,3,Low,88
3759,HackerRank,18.5,3.6,2886,Medium,Yes,Weekly,Freemium,2006,True,True,8,Medium,108
3760,LeetCode,7.0,3.8,1747,Easy,Limited,Occasionally,Free,2006,True,True,7,Low,78
3761,Codeforces,17.0,4.0,2250,Hard,Yes,Weekly,Freemium,2018,True,False,10,Medium,108
3762,LeetCode,28.5,3.7,533,Varied,Limited,Biweekly,Free,2010,False,False,6,Medium,106
3763,HackerRank,3.2,4.3,1017,Hard,Yes,Biweekly,Freemium,2007,True,True,5,Low,82
3764,CodeChef,1.6,4.7,1167,Easy,No,Occasionally,Freemium,2022,True,True,5,High,76
3765,HackerRank,19.6,4.5,3423,Easy,Limited,Occasionally,Freemium,2021,True,False,5,High,101
3766,LeetCode,25.0,3.6,1469,Medium,Yes,Occasionally,Paid,2016,False,False,3,Medium,96
3767,LeetCode,3.9,4.8,1399,Easy,Limited,Biweekly,Free,2010,False,True,6,Medium,85
3768,LeetCode,9.5,4.2,1444,Easy,No,Biweekly,Paid,2007,True,True,5,Medium,79
3769,Codeforces,13.4,4.1,1734,Easy,Yes,Monthly,Paid,2013,False,True,10,Medium,103
3770,HackerRank,26.4,3.6,3899,Medium,Limited,Occasionally,Free,2012,False,True,8,Low,108
3771,LeetCode,24.3,4.3,911,Hard,Yes,Occasionally,Paid,2016,False,True,1,High,105
3772,Codeforces,3.6,4.0,620,Varied,Limited,Biweekly,Paid,2022,True,True,3,High,71
3773,Codeforces,13.1,4.7,2178,Easy,No,Weekly,Free,2010,False,False,10,Medium,98
3774,LeetCode,13.1,4.8,3919,Easy,Limited,Occasionally,Freemium,2011,True,False,5,Low,91
3775,LeetCode,18.4,3.9,1726,Easy,No,Biweekly,Freemium,2018,True,False,10,High,100
3776,Codeforces,18.4,4.4,2711,Medium,Yes,Monthly,Free,2016,False,False,6,Low,100
3777,CodeChef,20.1,4.2,2632,Hard,Yes,Biweekly,Freemium,2019,False,False,3,Low,97
3778,CodeChef,17.5,3.9,811,Easy,Yes,Biweekly,Freemium,2020,False,True,1,Low,91
3779,LeetCode,17.4,3.6,3079,Varied,No,Biweekly,Paid,2010,False,True,3,High,83
3780,HackerRank,20.9,4.0,980,Medium,No,Monthly,Paid,2010,True,True,10,Low,101
3781,HackerRank,2.0,5.0,2453,Hard,Limited,Occasionally,Paid,2016,False,False,6,High,79
3782,HackerRank,10.6,4.1,2481,Hard,No,Biweekly,Freemium,2020,False,False,9,Medium,86
3783,LeetCode,23.8,3.7,3420,Easy,No,Weekly,Freemium,2006,False,False,9,Medium,104
3784,Codeforces,14.8,4.3,652,Medium,Limited,Biweekly,Free,2019,True,True,8,Low,98
3785,LeetCode,28.0,4.0,987,Hard,No,Monthly,Paid,2015,True,True,9,Medium,112
3786,HackerRank,7.1,4.1,3272,Hard,No,Biweekly,Freemium,2017,False,False,4,Medium,71
3787,Codeforces,24.2,4.7,2047,Easy,Yes,Weekly,Freemium,2019,True,True,1,Low,111
3788,HackerRank,4.2,4.5,2172,Varied,Yes,Biweekly,Paid,2013,False,True,3,Low,78
3789,LeetCode,25.8,4.2,2650,Varied,No,Weekly,Free,2018,True,False,6,High,106
3790,HackerRank,24.6,4.1,3553,Medium,Yes,Occasionally,Freemium,2009,True,False,9,Low,114
3791,LeetCode,29.6,3.5,1577,Hard,Limited,Monthly,Paid,2011,False,True,8,Low,110
3792,HackerRank,12.6,4.6,726,Hard,Limited,Weekly,Paid,2017,False,True,6,Low,95
3793,HackerRank,7.8,4.6,1940,Hard,No,Weekly,Free,2012,True,False,9,Medium,87
3794,LeetCode,21.4,4.6,1689,Varied,Yes,Weekly,Freemium,2021,True,True,8,High,124
3795,HackerRank,27.8,3.8,3178,Medium,Limited,Weekly,Free,2010,True,False,7,Medium,110
3796,CodeChef,21.9,3.8,2715,Hard,No,Weekly,Free,2009,False,False,6,Low,92
3797,HackerRank,13.4,3.6,2938,Hard,Yes,Occasionally,Paid,2015,True,False,4,Low,79
3798,CodeChef,15.2,5.0,1278,Medium,Yes,Biweekly,Freemium,2019,True,False,2,Low,96
3799,Codeforces,14.9,4.7,3519,Varied,No,Occasionally,Free,2019,False,False,4,High,87
3800,CodeChef,4.5,3.9,1762,Medium,No,Occasionally,Free,2006,True,False,1,Medium,56
3801,CodeChef,22.5,4.9,3147,Easy,Yes,Monthly,Freemium,2014,False,False,10,High,125
3802,LeetCode,10.2,4.1,3456,Medium,Yes,Monthly,Free,2008,False,True,8,Medium,95
3803,Codeforces,13.2,4.2,3702,Medium,No,Biweekly,Paid,2008,True,False,1,Medium,72
3804,HackerRank,12.2,4.4,967,Easy,No,Weekly,Paid,2021,True,True,8,High,95
3805,CodeChef,23.9,4.8,3356,Medium,Limited,Monthly,Paid,2022,True,False,6,High,110
3806,LeetCode,19.3,4.8,1749,Easy,Limited,Weekly,Paid,2014,False,True,5,Low,105
3807,CodeChef,8.4,3.6,3371,Hard,No,Monthly,Free,2016,True,False,8,Medium,73
3808,LeetCode,5.2,3.9,673,Easy,No,Monthly,Freemium,2008,True,False,9,High,77
3809,HackerRank,26.3,4.5,783,Hard,Limited,Monthly,Free,2011,False,True,7,High,118
3810,CodeChef,4.9,3.8,3935,Medium,Yes,Occasionally,Free,2020,True,True,8,Low,82
3811,Codeforces,4.7,4.2,3987,Easy,Limited,Occasionally,Freemium,2022,False,False,8,Medium,80
3812,LeetCode,9.2,4.8,2664,Medium,Limited,Weekly,Free,2009,True,False,10,High,100
3813,Codeforces,24.6,3.9,3868,Easy,Limited,Occasionally,Free,2019,True,False,9,Low,105
3814,CodeChef,14.4,4.5,681,Easy,Limited,Biweekly,Freemium,2018,False,False,4,High,93
3815,HackerRank,3.3,3.9,1982,Medium,No,Biweekly,Paid,2018,True,False,5,High,64
3816,LeetCode,23.6,4.4,3650,Medium,No,Biweekly,Paid,2022,False,True,8,Medium,108
3817,Codeforces,10.8,4.7,1481,Hard,Yes,Monthly,Freemium,2022,True,True,8,High,106
3818,CodeChef,6.2,3.5,3899,Easy,Yes,Monthly,Paid,2019,True,False,3,High,69
3819,CodeChef,3.2,3.7,2180,Easy,Yes,Biweekly,Free,2011,True,True,4,High,76
3820,Codeforces,7.3,4.4,774,Easy,Limited,Occasionally,Free,2005,True,False,5,High,80
3821,HackerRank,12.0,3.9,3980,Hard,Yes,Weekly,Free,2012,False,True,2,Low,85
3822,HackerRank,2.6,3.6,2038,Hard,No,Biweekly,Paid,2016,False,False,4,Low,54
3823,CodeChef,23.3,4.2,2983,Hard,No,Occasionally,Paid,2008,True,True,5,Low,97
3824,Codeforces,7.7,4.8,1980,Hard,Yes,Monthly,Paid,2013,True,False,4,Low,83
3825,Codeforces,7.6,4.3,2235,Medium,Limited,Monthly,Free,2005,False,False,3,Low,71
3826,LeetCode,26.0,3.7,3740,Easy,Limited,Monthly,Paid,2010,False,True,10,Medium,113
3827,Codeforces,7.8,3.8,1618,Easy,No,Weekly,Freemium,2006,False,True,5,High,80
3828,HackerRank,11.8,4.6,640,Hard,Limited,Occasionally,Paid,2013,False,False,1,Medium,78
3829,HackerRank,29.0,4.7,2640,Hard,Limited,Occasionally,Paid,2016,True,False,3,Medium,108
3830,Codeforces,10.8,4.2,1172,Varied,No,Monthly,Freemium,2016,True,True,10,Low,91
3831,CodeChef,13.1,4.4,2111,Medium,Yes,Occasionally,Free,2008,False,True,4,Low,93
3832,CodeChef,26.1,3.7,1889,Easy,Yes,Monthly,Paid,2010,False,False,3,Medium,99
3833,CodeChef,6.2,4.5,3855,Varied,Limited,Occasionally,Paid,2008,False,True,10,High,93
3834,HackerRank,27.6,4.6,1143,Medium,Yes,Occasionally,Paid,2009,True,False,4,Low,110
3835,CodeChef,22.1,4.3,2545,Easy,Yes,Monthly,Freemium,2013,True,False,4,Low,102
3836,LeetCode,12.1,4.7,1312,Varied,No,Occasionally,Paid,2014,False,False,4,Medium,80
3837,CodeChef,22.7,3.9,986,Medium,Limited,Biweekly,Paid,2022,True,False,5,Medium,96
3838,HackerRank,16.5,4.2,2537,Varied,Limited,Occasionally,Free,2020,False,True,3,Medium,91
3839,Codeforces,17.6,3.7,1861,Varied,No,Monthly,Paid,2011,True,True,8,Low,89
3840,CodeChef,22.3,4.1,3483,Hard,No,Biweekly,Freemium,2021,False,False,9,Low,101
3841,CodeChef,16.0,3.8,2886,Medium,No,Biweekly,Freemium,2015,True,True,10,Low,96
3842,CodeChef,23.5,4.4,1795,Varied,Limited,Weekly,Freemium,2018,False,False,3,Low,101
3843,LeetCode,10.1,3.6,1613,Medium,Limited,Monthly,Paid,2020,True,False,5,Medium,73
3844,CodeChef,5.2,4.0,1457,Varied,Limited,Weekly,Freemium,2007,False,True,3,High,79
3845,CodeChef,19.8,4.1,698,Easy,Yes,Occasionally,Free,2007,False,True,3,High,102
3846,CodeChef,28.4,4.5,3562,Varied,Limited,Weekly,Freemium,2019,True,True,8,Medium,127
3847,HackerRank,4.0,4.5,3847,Easy,Yes,Occasionally,Freemium,2015,False,False,2,Low,73
3848,HackerRank,8.7,4.6,3593,Hard,Yes,Occasionally,Free,2017,False,False,9,Medium,95
3849,HackerRank,14.5,3.6,1818,Hard,Yes,Occasionally,Paid,2019,False,False,4,Low,81
3850,CodeChef,9.1,4.8,847,Hard,Limited,Biweekly,Paid,2019,True,False,6,Medium,87
3851,LeetCode,16.1,4.8,1810,Easy,Limited,Monthly,Free,2010,True,True,8,Medium,106
3852,Codeforces,11.2,3.7,694,Easy,Limited,Occasionally,Paid,2017,False,False,9,Low,82
3853,HackerRank,26.0,4.1,1345,Hard,Limited,Occasionally,Free,2009,False,False,7,Medium,107
3854,Codeforces,10.5,3.5,948,Varied,Yes,Biweekly,Free,2014,True,True,1,Low,75
3855,CodeChef,1.6,3.9,1948,Hard,Limited,Monthly,Free,2011,True,False,1,Medium,56
3856,CodeChef,8.7,4.1,3261,Hard,Yes,Monthly,Paid,2019,True,True,1,High,80
3857,CodeChef,15.9,4.6,888,Hard,Limited,Weekly,Free,2008,False,True,1,Low,91
3858,HackerRank,16.8,3.6,2123,Varied,Yes,Weekly,Freemium,2014,False,True,8,Medium,105
3859,CodeChef,19.6,4.4,3658,Easy,Limited,Occasionally,Paid,2018,False,True,6,Low,100
3860,Codeforces,20.7,3.6,3902,Medium,Yes,Biweekly,Paid,2017,True,False,8,Medium,101
3861,CodeChef,6.9,4.0,3768,Easy,Yes,Monthly,Freemium,2017,False,False,7,Low,82
3862,CodeChef,9.8,3.9,2233,Varied,No,Occasionally,Freemium,2012,False,True,3,High,77
3863,CodeChef,16.4,4.1,2556,Varied,Yes,Biweekly,Free,2012,True,False,7,Low,97
3864,HackerRank,22.5,4.4,1543,Medium,Yes,Biweekly,Freemium,2005,False,False,4,Medium,107
3865,HackerRank,10.7,4.5,3863,Hard,Limited,Weekly,Freemium,2022,True,False,8,Medium,95
3866,CodeChef,3.4,3.8,2098,Medium,Limited,Occasionally,Free,2007,False,True,10,High,83
3867,Codeforces,22.6,4.3,3948,Varied,Limited,Weekly,Free,2006,True,False,10,Medium,113
3868,CodeChef,19.3,3.9,3144,Easy,Yes,Occasionally,Paid,2015,True,True,1,High,94
3869,LeetCode,3.4,4.3,2833,Easy,No,Biweekly,Free,2022,True,True,9,High,82
3870,HackerRank,22.8,3.6,2474,Hard,Yes,Weekly,Free,2021,False,True,3,Medium,102
3871,HackerRank,20.9,5.0,1258,Varied,No,Occasionally,Free,2007,False,True,8,High,112
3872,CodeChef,3.7,4.5,1955,Medium,No,Monthly,Paid,2017,True,False,8,Low,72
3873,LeetCode,12.2,4.4,794,Hard,No,Occasionally,Paid,2005,False,True,3,Medium,80
3874,CodeChef,24.7,4.6,3225,Medium,No,Biweekly,Free,2006,True,True,10,Medium,117
3875,LeetCode,25.0,4.8,728,Varied,Yes,Monthly,Freemium,2011,True,False,1,High,110
3876,HackerRank,2.1,5.0,3650,Varied,No,Monthly,Freemium,2018,True,True,3,Medium,74
3877,CodeChef,13.0,4.0,2816,Medium,No,Weekly,Free,2010,True,False,9,Medium,88
3878,HackerRank,6.7,3.8,2725,Easy,No,Biweekly,Free,2014,True,True,10,Low,80
3879,CodeChef,4.9,4.7,2343,Easy,Yes,Biweekly,Paid,2019,True,True,9,Low,93
3880,Codeforces,27.8,4.3,888,Medium,Yes,Occasionally,Freemium,2010,False,True,3,High,118
3881,LeetCode,2.0,4.1,2705,Hard,Limited,Occasionally,Freemium,2016,True,True,3,Medium,70
3882,HackerRank,13.1,4.3,656,Easy,Yes,Biweekly,Free,2006,False,True,10,High,109
3883,Codeforces,26.4,3.7,1371,Hard,Yes,Monthly,Paid,2019,False,False,2,High,100
3884,LeetCode,11.7,3.8,2093,Varied,No,Monthly,Paid,2021,True,True,3,High,76
3885,HackerRank,17.8,3.5,3558,Hard,Limited,Biweekly,Free,2009,False,False,3,High,84
3886,Codeforces,26.8,3.7,2853,Varied,No,Monthly,Paid,2012,True,True,4,Low,95
3887,HackerRank,12.9,3.7,3613,Medium,Yes,Weekly,Free,2014,False,True,3,Medium,88
3888,HackerRank,2.7,3.8,3334,Varied,No,Weekly,Paid,2022,True,True,1,Low,57
3889,CodeChef,10.5,4.9,2261,Hard,No,Occasionally,Freemium,2008,True,False,6,High,89
3890,HackerRank,4.4,5.0,2910,Hard,Yes,Biweekly,Freemium,2015,False,True,10,Medium,103
3891,HackerRank,5.4,4.1,1131,Easy,Limited,Occasionally,Paid,2005,True,False,7,Low,73
3892,Codeforces,6.4,4.7,556,Easy,Limited,Monthly,Free,2008,False,False,4,Medium,78
3893,HackerRank,4.7,4.2,2175,Easy,Yes,Occasionally,Freemium,2019,True,True,8,High,92
3894,HackerRank,10.0,4.9,2829,Easy,Limited,Weekly,Freemium,2015,True,True,10,Medium,107
3895,CodeChef,22.9,4.3,2915,Varied,Yes,Occasionally,Paid,2022,True,True,9,High,119
3896,Codeforces,28.1,3.6,2290,Varied,Limited,Weekly,Paid,2005,False,True,6,Medium,110
3897,HackerRank,4.0,4.7,2022,Easy,No,Occasionally,Freemium,2018,True,False,9,Low,79
3898,HackerRank,13.7,4.7,3956,Easy,Yes,Weekly,Free,2012,False,True,9,Low,110
3899,CodeChef,24.0,3.8,2090,Medium,Limited,Occasionally,Freemium,2009,True,True,10,Medium,114
3900,Codeforces,16.2,3.7,2901,Varied,Yes,Occasionally,Paid,2015,True,False,1,Low,78
3901,HackerRank,22.0,4.4,1159,Easy,Yes,Occasionally,Paid,2010,False,True,8,High,117
3902,HackerRank,29.9,4.6,3476,Easy,Yes,Weekly,Freemium,2009,False,True,2,High,125
3903,HackerRank,15.1,4.9,1547,Medium,No,Weekly,Paid,2007,False,True,2,Low,89
3904,LeetCode,22.2,4.1,1333,Varied,Yes,Biweekly,Freemium,2016,False,False,4,Medium,103
3905,Codeforces,25.8,4.4,3986,Medium,Yes,Weekly,Paid,2013,False,True,9,Low,124
3906,HackerRank,27.4,5.0,1987,Medium,Limited,Weekly,Paid,2006,True,True,1,Low,111
3907,CodeChef,22.8,3.9,3156,Hard,No,Monthly,Freemium,2014,True,True,2,Medium,92
3908,HackerRank,14.3,4.6,1616,Varied,Limited,Monthly,Paid,2009,False,True,5,High,96
3909,LeetCode,21.5,3.8,2428,Medium,Limited,Occasionally,Freemium,2021,True,False,7,Medium,99
3910,HackerRank,18.0,3.9,560,Medium,Yes,Weekly,Free,2011,False,False,1,Low,87
3911,HackerRank,29.2,5.0,2099,Hard,Limited,Biweekly,Paid,2019,False,False,1,High,111
3912,LeetCode,26.4,4.3,3400,Hard,Yes,Occasionally,Paid,2012,False,False,8,Medium,116
3913,HackerRank,25.6,4.1,3932,Easy,Limited,Weekly,Freemium,2019,True,False,8,Low,111
3914,Codeforces,13.9,4.8,2435,Easy,Limited,Occasionally,Paid,2022,False,True,1,Medium,88
3915,CodeChef,6.0,4.4,3233,Easy,No,Biweekly,Free,2019,True,False,10,Medium,82
3916,LeetCode,7.5,4.2,698,Varied,No,Monthly,Free,2005,False,False,9,High,81
3917,LeetCode,6.3,4.8,800,Easy,Yes,Weekly,Freemium,2019,False,True,3,Medium,91
3918,Codeforces,2.1,3.8,2734,Easy,No,Weekly,Free,2013,True,True,2,Low,59
3919,LeetCode,14.9,3.6,2632,Varied,Yes,Weekly,Freemium,2021,True,False,5,High,93
3920,CodeChef,28.0,4.8,2034,Medium,No,Biweekly,Free,2017,True,True,2,Medium,108
3921,Codeforces,23.9,4.1,2351,Hard,Limited,Weekly,Paid,2005,False,False,7,High,108
3922,Codeforces,16.4,3.9,1682,Easy,No,Occasionally,Paid,2017,True,False,8,Low,85
3923,LeetCode,1.5,3.7,2194,Medium,Limited,Monthly,Paid,2019,False,True,1,Medium,58
3924,HackerRank,8.6,3.9,2981,Varied,Yes,Occasionally,Paid,2016,True,True,3,High,82
3925,Codeforces,27.9,3.9,1761,Hard,Yes,Occasionally,Freemium,2011,True,False,5,Medium,111
3926,CodeChef,16.3,4.2,2239,Easy,Limited,Occasionally,Free,2009,True,False,7,High,95
3927,HackerRank,15.5,5.0,1348,Hard,Yes,Weekly,Paid,2016,False,True,7,Low,110
3928,LeetCode,21.1,4.2,3510,Easy,No,Occasionally,Paid,2013,False,False,1,High,85
3929,CodeChef,11.5,3.9,1812,Easy,Yes,Biweekly,Free,2012,True,False,4,High,85
3930,CodeChef,5.6,3.8,1036,Varied,Yes,Monthly,Freemium,2012,False,True,7,High,87
3931,LeetCode,21.1,4.7,1358,Hard,No,Weekly,Paid,2013,False,False,7,Low,101
3932,CodeChef,22.5,4.9,2603,Easy,Yes,Weekly,Paid,2016,True,True,9,Low,124
3933,LeetCode,28.9,4.9,2967,Medium,Yes,Biweekly,Freemium,2009,True,True,9,Low,134
3934,HackerRank,16.2,4.6,2344,Medium,No,Biweekly,Free,2011,False,False,7,Low,91
3935,HackerRank,11.8,4.1,2376,Hard,Yes,Monthly,Paid,2019,True,True,1,High,85
3936,CodeChef,16.3,4.6,2349,Varied,No,Biweekly,Paid,2020,False,True,3,High,91
3937,HackerRank,15.4,4.8,2238,Easy,Yes,Weekly,Free,2018,False,False,4,High,102
3938,CodeChef,10.8,4.4,2468,Hard,Yes,Occasionally,Paid,2020,False,False,4,Medium,85
3939,HackerRank,21.1,4.1,1259,Hard,Yes,Occasionally,Free,2013,True,True,8,Medium,112
3940,HackerRank,10.3,4.2,1206,Varied,No,Weekly,Free,2006,True,False,9,Low,84
3941,Codeforces,21.1,4.5,1053,Hard,Limited,Biweekly,Free,2021,True,True,1,Low,96
3942,CodeChef,6.6,4.0,2834,Hard,No,Weekly,Free,2011,True,True,6,Medium,78
3943,Codeforces,10.9,4.9,2973,Easy,Yes,Weekly,Paid,2012,False,True,7,Medium,104
3944,Codeforces,2.8,5.0,3269,Medium,No,Occasionally,Freemium,2018,False,True,8,Low,83
3945,Codeforces,1.3,3.8,1028,Medium,No,Biweekly,Paid,2020,False,True,10,Medium,73
3946,Codeforces,25.7,3.8,3221,Easy,Limited,Monthly,Free,2018,True,True,5,High,107
3947,CodeChef,2.9,4.7,1443,Easy,Yes,Weekly,Freemium,2010,False,True,1,Low,79
3948,HackerRank,24.8,4.2,535,Varied,Limited,Weekly,Freemium,2021,True,False,8,High,115
3949,HackerRank,25.6,3.7,1712,Easy,Limited,Monthly,Freemium,2007,False,False,8,High,108
3950,Codeforces,11.5,4.7,3007,Varied,Yes,Occasionally,Paid,2006,True,False,9,High,101
3951,LeetCode,27.2,3.7,3071,Easy,No,Occasionally,Paid,2010,True,False,7,Medium,99
3952,LeetCode,8.9,4.6,2900,Varied,Yes,Weekly,Freemium,2005,True,False,4,Medium,90
3953,Codeforces,6.0,4.8,1014,Easy,Yes,Occasionally,Paid,2010,True,True,6,Low,89
3954,HackerRank,25.3,3.6,1155,Varied,Limited,Occasionally,Free,2012,False,True,9,Low,108
3955,HackerRank,9.1,4.4,1004,Hard,Limited,Occasionally,Paid,2020,False,False,2,High,76
3956,CodeChef,24.1,3.5,2467,Easy,No,Biweekly,Paid,2015,True,True,1,High,88
3957,LeetCode,21.1,4.2,2472,Easy,Limited,Weekly,Paid,2016,False,True,8,High,112
3958,HackerRank,22.3,3.6,2717,Hard,Yes,Monthly,Freemium,2018,True,True,10,High,116
3959,Codeforces,1.2,4.7,2357,Easy,No,Monthly,Free,2021,True,False,2,High,63
3960,CodeChef,29.8,3.8,1551,Hard,No,Biweekly,Paid,2006,True,True,4,Low,102
3961,LeetCode,27.1,3.5,2177,Hard,Yes,Biweekly,Freemium,2011,True,True,4,Medium,110
3962,Codeforces,24.4,4.4,992,Varied,Yes,Weekly,Freemium,2014,False,False,3,Medium,110
3963,HackerRank,12.8,3.8,3263,Hard,Limited,Monthly,Free,2022,True,True,6,Medium,87
3964,LeetCode,21.4,4.5,1786,Medium,No,Biweekly,Paid,2013,False,True,8,Low,104
3965,HackerRank,10.1,4.9,2984,Easy,Yes,Monthly,Free,2013,True,True,10,Medium,107
3966,CodeChef,15.7,4.3,2185,Hard,No,Occasionally,Paid,2016,True,True,3,Low,83
3967,HackerRank,4.6,3.7,2788,Easy,Limited,Weekly,Freemium,2005,False,False,2,High,68
3968,Codeforces,22.5,3.5,1816,Varied,Limited,Biweekly,Free,2008,True,False,8,High,101
3969,Codeforces,6.4,3.6,1143,Hard,Limited,Biweekly,Freemium,2020,True,True,9,Low,83
3970,CodeChef,10.9,3.6,971,Medium,Yes,Weekly,Freemium,2013,False,False,2,High,81
3971,CodeChef,6.1,5.0,1548,Medium,Limited,Weekly,Freemium,2018,True,True,2,Medium,86
3972,LeetCode,21.1,4.0,2006,Hard,Limited,Weekly,Paid,2017,True,True,4,High,102
3973,HackerRank,9.2,4.3,3924,Medium,No,Weekly,Paid,2012,False,True,6,High,86
3974,HackerRank,4.0,4.4,2345,Hard,Yes,Occasionally,Freemium,2022,False,True,1,Low,75
3975,HackerRank,14.8,4.2,1559,Varied,Yes,Weekly,Paid,2019,False,True,7,Low,101
3976,LeetCode,1.4,3.8,3057,Easy,Limited,Monthly,Paid,2010,True,True,3,Medium,63
3977,CodeChef,17.3,4.2,521,Varied,No,Weekly,Free,2022,True,False,4,High,89
3978,CodeChef,12.2,3.7,2023,Medium,Yes,Monthly,Freemium,2014,True,False,10,Low,93
3979,CodeChef,11.3,3.8,1450,Easy,Limited,Weekly,Free,2018,True,True,10,Medium,96
3980,LeetCode,14.1,3.6,2141,Varied,Yes,Weekly,Free,2007,True,True,9,Low,99
3981,CodeChef,16.0,4.6,2572,Medium,Yes,Occasionally,Free,2015,False,True,1,Medium,95
3982,HackerRank,14.8,4.1,1179,Varied,No,Monthly,Freemium,2014,False,False,3,High,81
3983,CodeChef,17.1,3.6,2194,Varied,Limited,Monthly,Paid,2013,False,False,8,High,92
3984,CodeChef,2.7,3.7,3414,Varied,Limited,Weekly,Freemium,2017,True,True,5,Medium,74
3985,LeetCode,7.2,4.7,2096,Easy,Limited,Occasionally,Freemium,2012,True,False,7,High,89
3986,CodeChef,20.8,3.8,3947,Medium,Yes,Weekly,Freemium,2020,True,True,4,Medium,105
3987,CodeChef,26.3,4.3,1608,Varied,Yes,Weekly,Free,2017,False,False,4,Medium,111
3988,CodeChef,5.2,4.4,2933,Medium,No,Biweekly,Free,2010,False,False,5,High,73
3989,HackerRank,10.9,3.5,3457,Easy,Limited,Biweekly,Paid,2009,True,False,1,Medium,66
3990,Codeforces,1.6,4.0,529,Varied,No,Weekly,Paid,2015,False,True,2,High,63
3991,HackerRank,6.1,3.7,1056,Varied,No,Biweekly,Paid,2005,False,True,5,High,71
3992,LeetCode,27.4,4.9,1471,Hard,No,Occasionally,Freemium,2022,True,True,9,High,125
3993,LeetCode,24.8,3.6,3269,Hard,No,Monthly,Free,2015,False,True,9,Medium,104
3994,CodeChef,1.2,4.6,686,Hard,Limited,Weekly,Freemium,2012,False,False,8,High,84
3995,LeetCode,10.3,4.0,3021,Easy,No,Biweekly,Paid,2006,True,False,1,Low,63
3996,HackerRank,4.0,4.8,3315,Varied,Limited,Occasionally,Freemium,2013,False,False,4,Low,75
3997,LeetCode,1.5,4.0,2331,Easy,Yes,Weekly,Freemium,2019,False,False,3,High,73
3998,HackerRank,22.9,5.0,880,Hard,Yes,Monthly,Free,2011,True,True,1,Low,107
3999,LeetCode,12.0,3.6,1257,Varied,No,Monthly,Freemium,2017,True,False,10,Low,82
4000,CodeChef,20.8,4.3,2423,Hard,Limited,Weekly,Freemium,2010,True,False,6,High,106
4001,HackerRank,27.8,5.0,2961,Medium,Yes,Monthly,Freemium,2012,True,False,3,Low,116
4002,LeetCode,8.3,4.7,1348,Varied,Yes,Biweekly,Freemium,2011,True,True,10,High,107
4003,HackerRank,18.8,3.8,1896,Medium,No,Monthly,Paid,2017,False,False,5,High,85
4004,LeetCode,15.5,3.5,3665,Easy,Limited,Monthly,Freemium,2014,False,True,1,High,82
4005,CodeChef,23.0,4.7,3706,Medium,Yes,Biweekly,Freemium,2007,False,False,6,High,116
4006,LeetCode,16.0,4.1,2125,Hard,Limited,Occasionally,Freemium,2009,True,True,4,Medium,93
4007,HackerRank,15.9,3.6,1308,Medium,Yes,Biweekly,Freemium,2022,True,True,7,Low,98
4008,HackerRank,25.4,4.6,2684,Easy,No,Occasionally,Freemium,2020,False,False,2,High,100
4009,HackerRank,26.6,3.8,1436,Hard,Limited,Monthly,Freemium,2007,False,True,8,Medium,114
4010,CodeChef,13.7,4.5,537,Varied,No,Biweekly,Free,2013,True,False,1,Low,75
4011,LeetCode,9.1,4.3,1244,Medium,Limited,Biweekly,Freemium,2020,True,False,8,Low,87
4012,Codeforces,13.0,4.3,3331,Medium,Yes,Occasionally,Free,2012,True,False,6,High,94
4013,LeetCode,14.2,4.5,2519,Hard,Yes,Biweekly,Paid,2010,False,False,6,High,98
4014,CodeChef,24.2,4.5,3174,Varied,No,Weekly,Free,2005,False,True,1,High,101
4015,LeetCode,7.5,4.9,2791,Easy,No,Monthly,Freemium,2013,False,False,2,Low,72
4016,HackerRank,14.5,4.7,2156,Hard,Limited,Biweekly,Freemium,2019,True,False,3,High,93
4017,CodeChef,21.6,4.0,1167,Easy,Yes,Biweekly,Free,2016,False,False,5,Low,99
4018,CodeChef,15.5,4.1,2798,Hard,Yes,Biweekly,Freemium,2015,True,False,9,High,105
4019,LeetCode,21.3,4.4,2737,Varied,Yes,Monthly,Freemium,2014,False,False,3,Medium,102
4020,CodeChef,26.5,3.7,3560,Varied,No,Occasionally,Freemium,2010,True,False,1,Medium,89
4021,LeetCode,12.7,4.9,2972,Varied,Limited,Occasionally,Freemium,2012,True,True,1,Low,88
4022,HackerRank,25.5,4.8,2134,Easy,Yes,Weekly,Free,2010,False,False,7,Low,119
4023,HackerRank,11.1,4.6,3427,Varied,No,Biweekly,Paid,2008,False,True,9,High,96
4024,CodeChef,27.2,4.7,632,Easy,Yes,Occasionally,Free,2021,True,True,1,High,115
4025,CodeChef,5.4,4.2,2770,Medium,No,Occasionally,Free,2012,True,True,5,High,75
4026,LeetCode,19.0,3.5,3388,Varied,No,Weekly,Free,2018,False,True,5,Low,88
4027,LeetCode,23.6,4.6,2536,Easy,Limited,Monthly,Paid,2006,False,True,9,Low,114
4028,CodeChef,24.8,3.9,590,Varied,Yes,Occasionally,Paid,2005,True,False,4,Low,99
4029,HackerRank,11.1,3.6,2500,Easy,No,Biweekly,Free,2017,True,True,1,High,71
4030,CodeChef,14.8,4.9,2335,Hard,Limited,Weekly,Free,2005,False,False,1,High,91
4031,Codeforces,24.5,4.6,521,Hard,No,Biweekly,Freemium,2014,True,False,5,High,106
4032,CodeChef,6.1,4.5,2977,Hard,No,Biweekly,Free,2020,False,False,8,Low,77
4033,LeetCode,3.7,3.9,1881,Easy,Limited,Monthly,Paid,2009,True,False,7,Low,69
4034,LeetCode,5.6,4.0,2469,Hard,No,Occasionally,Freemium,2019,False,True,6,Low,73
4035,CodeChef,15.0,4.4,3520,Hard,Yes,Biweekly,Free,2019,True,True,9,Low,106
4036,LeetCode,24.5,4.7,2635,Medium,Yes,Monthly,Free,2020,False,False,2,Low,104
4037,HackerRank,9.9,4.3,3684,Hard,Limited,Weekly,Paid,2017,True,True,2,High,84
4038,CodeChef,25.2,4.8,3636,Easy,Limited,Occasionally,Freemium,2017,True,False,9,High,121
4039,CodeChef,2.6,4.2,3871,Varied,No,Occasionally,Free,2020,True,True,8,Low,73
4040,CodeChef,9.3,4.9,2816,Hard,Yes,Weekly,Freemium,2019,True,False,7,High,102
4041,CodeChef,16.6,3.9,3110,Medium,Limited,Monthly,Paid,2020,False,False,10,High,98
4042,CodeChef,10.9,4.4,1344,Easy,Limited,Monthly,Freemium,2009,True,True,4,High,90
4043,CodeChef,7.3,4.6,2310,Varied,No,Weekly,Freemium,2009,False,False,5,High,82
4044,HackerRank,1.0,4.1,3577,Varied,Yes,Biweekly,Paid,2006,True,False,8,Medium,76
4045,Codeforces,21.2,4.2,3617,Hard,Limited,Weekly,Free,2005,True,True,1,Low,95
4046,Codeforces,11.3,3.8,3109,Hard,Yes,Monthly,Paid,2017,False,False,5,High,84
4047,HackerRank,29.3,3.8,2914,Hard,Yes,Occasionally,Free,2010,True,True,1,Low,105
4048,Codeforces,10.2,4.5,3449,Varied,Yes,Monthly,Free,2021,True,False,6,Medium,90
4049,LeetCode,22.3,4.9,2072,Medium,Yes,Biweekly,Free,2009,True,True,8,Low,120
4050,CodeChef,20.6,4.0,3394,Varied,Yes,Occasionally,Freemium,2013,False,True,8,Low,110
4051,CodeChef,14.0,4.0,1602,Hard,Yes,Biweekly,Paid,2007,False,False,9,Medium,97
4052,HackerRank,21.8,4.4,1275,Medium,Limited,Occasionally,Paid,2014,True,False,1,Low,89
4053,CodeChef,16.4,4.2,2403,Medium,Limited,Biweekly,Free,2007,True,True,10,Low,104
4054,HackerRank,3.6,4.8,2025,Hard,Yes,Biweekly,Freemium,2012,True,True,7,Low,91
4055,Codeforces,1.5,3.9,2136,Medium,No,Occasionally,Free,2019,True,True,1,Low,54
4056,HackerRank,13.1,3.7,2716,Easy,Limited,Occasionally,Free,2008,False,True,1,Low,75
4057,Codeforces,2.5,4.0,3607,Hard,Limited,Weekly,Freemium,2014,False,False,9,Low,78
4058,HackerRank,25.0,3.8,604,Varied,No,Biweekly,Freemium,2008,True,True,2,Low,94
4059,LeetCode,9.8,4.9,643,Medium,Limited,Weekly,Free,2014,True,True,5,Medium,95
4060,CodeChef,13.9,4.2,1827,Varied,Limited,Weekly,Free,2013,True,True,9,Low,100
4061,Codeforces,1.8,4.9,3862,Easy,Yes,Weekly,Freemium,2009,True,True,6,Medium,92
4062,LeetCode,18.1,4.2,2705,Easy,No,Occasionally,Paid,2005,True,True,8,Low,95
4063,Codeforces,21.3,4.2,2765,Hard,Limited,Biweekly,Free,2022,False,True,4,High,103
4064,Codeforces,2.9,4.8,574,Easy,No,Monthly,Paid,2020,False,False,8,High,77
4065,CodeChef,12.2,4.4,2503,Easy,Limited,Weekly,Free,2009,True,False,4,Medium,86
4066,LeetCode,7.6,4.4,714,Easy,Yes,Monthly,Freemium,2013,True,False,7,High,91
4067,LeetCode,28.4,4.1,2284,Hard,Limited,Biweekly,Freemium,2009,False,False,9,High,120
4068,Codeforces,8.4,4.8,3190,Varied,No,Monthly,Free,2007,False,True,2,High,80
4069,LeetCode,18.7,3.7,1252,Varied,Limited,Biweekly,Paid,2015,False,False,8,Medium,94
4070,Codeforces,1.4,3.5,3182,Varied,Limited,Monthly,Paid,2006,True,False,5,High,61
4071,LeetCode,24.8,4.4,579,Varied,Yes,Occasionally,Paid,2020,False,True,10,Low,121
4072,LeetCode,28.2,4.7,2979,Varied,Limited,Occasionally,Paid,2012,False,False,9,Low,117
4073,HackerRank,24.7,4.7,2668,Varied,Yes,Biweekly,Freemium,2011,True,False,5,High,117
4074,CodeChef,4.8,4.0,1726,Easy,No,Monthly,Paid,2013,False,True,2,Low,61
4075,LeetCode,26.9,4.3,3236,Varied,Limited,Occasionally,Freemium,2016,False,False,10,High,120
4076,Codeforces,27.0,4.4,1725,Easy,No,Weekly,Paid,2006,False,True,10,High,122
4077,Codeforces,3.0,4.3,1789,Medium,Limited,Biweekly,Free,2006,False,True,8,Medium,82
4078,LeetCode,18.7,4.6,2631,Varied,Limited,Biweekly,Freemium,2016,True,True,2,Low,97
4079,CodeChef,12.4,4.3,2967,Medium,Limited,Monthly,Freemium,2006,True,True,10,Medium,102
4080,CodeChef,29.9,5.0,1602,Medium,Yes,Occasionally,Freemium,2011,False,False,9,Low,131
4081,LeetCode,2.7,4.8,1378,Varied,No,Monthly,Free,2020,False,False,8,Medium,76
4082,CodeChef,4.1,5.0,2931,Varied,Yes,Occasionally,Paid,2014,True,True,1,Medium,80
4083,CodeChef,1.7,4.6,3779,Easy,Limited,Occasionally,Freemium,2014,False,True,7,High,85
4084,LeetCode,28.2,5.0,1257,Varied,No,Occasionally,Paid,2010,True,True,3,Low,108
4085,Codeforces,4.2,3.7,1496,Medium,Limited,Monthly,Paid,2010,True,True,4,Low,66
4086,LeetCode,26.6,4.1,2215,Hard,No,Weekly,Free,2011,False,False,7,Low,104
4087,HackerRank,20.4,4.3,2712,Easy,Limited,Weekly,Paid,2009,True,True,6,Low,104
4088,CodeChef,18.7,4.9,1119,Medium,Limited,Weekly,Freemium,2008,False,False,5,Medium,105
4089,HackerRank,22.6,4.3,503,Varied,No,Weekly,Free,2006,False,True,3,Low,97
4090,LeetCode,2.9,4.5,2075,Varied,Limited,Weekly,Freemium,2008,False,False,1,Medium,69
4091,LeetCode,8.8,4.4,3559,Medium,Limited,Monthly,Freemium,2012,False,False,3,Medium,78
4092,LeetCode,19.5,3.8,2538,Easy,Yes,Weekly,Freemium,2013,False,True,10,Medium,115
4093,CodeChef,2.3,3.9,3472,Medium,Limited,Occasionally,Freemium,2021,False,True,4,Medium,70
4094,HackerRank,26.3,3.8,1041,Medium,Yes,Biweekly,Paid,2011,False,False,7,Low,107
4095,LeetCode,9.9,3.6,3438,Easy,Limited,Weekly,Paid,2008,False,False,5,Low,74
4096,LeetCode,22.2,3.6,3396,Medium,No,Occasionally,Freemium,2017,False,True,1,Low,84
4097,HackerRank,28.9,5.0,588,Medium,Yes,Biweekly,Free,2017,True,False,3,High,120
4098,LeetCode,7.3,3.8,802,Easy,Yes,Monthly,Free,2014,False,True,10,Medium,92
4099,CodeChef,12.6,4.4,3385,Easy,Limited,Occasionally,Free,2009,True,False,3,Medium,82
4100,CodeChef,23.5,4.3,2277,Varied,No,Weekly,Paid,2010,True,True,7,High,109
4101,Codeforces,16.1,4.9,625,Hard,No,Weekly,Paid,2007,False,False,2,High,89
4102,Codeforces,2.8,3.7,1945,Hard,Limited,Monthly,Paid,2016,True,True,7,High,74
4103,HackerRank,10.3,3.9,1082,Hard,No,Weekly,Paid,2012,True,False,6,High,78
4104,LeetCode,13.0,3.5,1406,Varied,Yes,Biweekly,Free,2017,False,False,2,High,80
4105,CodeChef,1.1,5.0,1836,Easy,Limited,Monthly,Free,2018,False,False,2,Medium,69
4106,LeetCode,18.5,4.7,2303,Hard,No,Monthly,Freemium,2021,True,True,8,Medium,106
4107,LeetCode,26.6,4.0,2518,Hard,Limited,Biweekly,Free,2014,False,True,3,Medium,105
4108,LeetCode,5.3,4.8,1565,Hard,Yes,Occasionally,Free,2022,False,True,4,Medium,87
4109,HackerRank,25.1,4.2,3834,Medium,Yes,Biweekly,Freemium,2018,False,False,5,Medium,111
4110,HackerRank,11.1,4.8,3487,Easy,Yes,Biweekly,Paid,2009,True,False,8,Medium,99
4111,HackerRank,28.8,4.3,2135,Medium,Yes,Occasionally,Paid,2020,True,False,4,Low,109
4112,Codeforces,19.1,4.3,873,Hard,Limited,Weekly,Freemium,2015,False,True,1,Medium,97
4113,LeetCode,21.3,4.5,3837,Medium,No,Biweekly,Paid,2012,False,False,6,High,99
4114,LeetCode,18.6,3.7,2566,Medium,No,Weekly,Free,2011,True,True,4,Medium,89
4115,Codeforces,16.8,4.2,1595,Hard,No,Monthly,Paid,2016,True,True,5,High,91
4116,LeetCode,22.7,4.2,599,Varied,Limited,Biweekly,Paid,2015,False,True,10,Medium,114
4117,LeetCode,12.8,3.6,630,Easy,Limited,Weekly,Freemium,2019,False,True,7,Low,90
4118,CodeChef,29.2,4.6,1211,Medium,No,Monthly,Paid,2015,False,False,5,Medium,107
4119,HackerRank,2.6,4.9,871,Medium,No,Weekly,Paid,2012,True,True,10,Low,86
4120,HackerRank,26.3,4.1,1502,Easy,No,Monthly,Paid,2020,True,True,8,High,110
4121,HackerRank,18.8,3.8,1861,Varied,No,Biweekly,Free,2015,True,False,10,High,97
4122,Codeforces,9.8,4.4,2864,Easy,No,Monthly,Free,2006,True,True,2,High,78
4123,HackerRank,20.5,4.7,1971,Hard,No,Monthly,Free,2019,False,False,2,Low,88
4124,HackerRank,19.6,4.0,2663,Varied,Yes,Monthly,Paid,2009,True,False,7,Medium,100
4125,HackerRank,7.4,3.8,1813,Varied,No,Occasionally,Free,2010,False,False,8,Low,71
4126,LeetCode,13.8,4.2,2891,Varied,Limited,Monthly,Free,2020,False,False,4,Medium,84
4127,Codeforces,29.0,4.0,3051,Varied,Yes,Weekly,Free,2019,True,False,3,Medium,110
4128,LeetCode,29.3,4.6,1086,Medium,Yes,Monthly,Free,2014,True,True,8,Medium,129
4129,Codeforces,12.2,4.2,2703,Easy,Yes,Biweekly,Free,2018,False,False,2,Medium,83
4130,HackerRank,10.1,4.1,2322,Easy,No,Weekly,Freemium,2008,False,False,6,Low,79
4131,LeetCode,2.3,4.1,2013,Medium,No,Biweekly,Freemium,2014,False,False,9,High,75
4132,HackerRank,28.2,4.7,2872,Medium,Yes,Biweekly,Freemium,2017,False,True,5,High,127
4133,Codeforces,1.7,3.5,3226,Easy,No,Weekly,Freemium,2013,True,False,6,High,65
4134,CodeChef,18.9,4.3,2434,Easy,Yes,Biweekly,Free,2007,False,False,8,Low,104
4135,Codeforces,25.9,4.0,2964,Hard,Yes,Biweekly,Paid,2018,False,True,5,High,114
4136,HackerRank,27.7,3.6,1141,Medium,No,Occasionally,Free,2022,False,True,2,Medium,95
4137,LeetCode,3.1,4.4,2853,Hard,Yes,Biweekly,Freemium,2010,True,False,5,High,82
4138,Codeforces,8.5,4.8,3246,Hard,No,Biweekly,Free,2015,True,True,6,High,89
4139,Codeforces,10.3,4.7,698,Hard,Yes,Weekly,Freemium,2009,False,False,9,Low,101
4140,CodeChef,8.0,4.9,1595,Easy,No,Occasionally,Paid,2011,True,True,9,Low,89
4141,CodeChef,10.2,4.3,2439,Easy,No,Monthly,Free,2011,True,False,5,Medium,76
4142,Codeforces,12.2,4.8,579,Hard,No,Monthly,Paid,2006,False,True,5,High,90
4143,CodeChef,9.6,4.5,808,Easy,Limited,Occasionally,Freemium,2006,True,True,3,Medium,85
4144,HackerRank,12.6,4.3,1164,Medium,No,Monthly,Freemium,2010,False,False,3,Low,76
4145,Codeforces,14.0,4.5,3900,Hard,Yes,Weekly,Freemium,2020,False,True,1,Low,94
4146,Codeforces,17.4,3.7,3946,Medium,Yes,Biweekly,Free,2014,False,True,10,Low,105
4147,Codeforces,19.9,4.3,2881,Easy,No,Weekly,Freemium,2012,True,False,1,High,90
4148,CodeChef,13.9,4.3,3137,Easy,Limited,Occasionally,Free,2019,False,False,7,Low,89
4149,LeetCode,11.9,3.7,2784,Easy,No,Occasionally,Freemium,2017,False,False,6,High,79
4150,CodeChef,22.9,3.6,895,Medium,Limited,Weekly,Freemium,2012,False,False,2,Low,90
4151,HackerRank,10.9,4.0,1516,Varied,Limited,Occasionally,Freemium,2014,False,False,6,High,85
4152,HackerRank,2.4,3.7,1942,Hard,Yes,Monthly,Free,2013,True,True,7,High,80
4153,LeetCode,11.6,4.8,816,Medium,No,Biweekly,Free,2013,True,True,1,Medium,81
4154,LeetCode,16.9,4.9,3252,Medium,No,Occasionally,Freemium,2010,True,False,1,Low,84
4155,LeetCode,23.9,3.9,2873,Varied,No,Monthly,Free,2007,False,False,3,Medium,89
4156,HackerRank,6.4,4.6,3366,Varied,Limited,Monthly,Free,2022,False,True,7,High,90
4157,Codeforces,14.2,4.9,2674,Hard,No,Monthly,Freemium,2012,True,True,4,High,95
4158,CodeChef,23.8,4.3,1474,Easy,No,Monthly,Free,2013,False,True,9,Low,108
4159,Codeforces,19.6,4.1,2890,Easy,Limited,Monthly,Paid,2018,False,True,9,High,107
4160,LeetCode,2.1,4.8,1095,Varied,No,Weekly,Paid,2016,False,False,9,Medium,79
4161,Codeforces,28.0,4.1,2944,Medium,No,Biweekly,Paid,2007,False,False,10,Medium,111
4162,HackerRank,7.7,4.5,2713,Medium,Limited,Biweekly,Paid,2008,True,True,1,High,79
4163,Codeforces,25.1,4.7,1227,Hard,No,Weekly,Freemium,2010,False,True,5,Low,111
4164,CodeChef,24.0,4.3,3009,Easy,Limited,Weekly,Free,2005,True,True,9,Low,116
4165,LeetCode,26.6,3.5,1046,Varied,No,Occasionally,Free,2009,False,False,5,Low,91
4166,LeetCode,8.6,4.0,1525,Easy,Yes,Biweekly,Freemium,2016,True,False,8,Medium,90
4167,CodeChef,8.8,3.9,3452,Hard,Limited,Biweekly,Paid,2013,True,True,2,High,76
4168,LeetCode,1.1,4.4,2385,Easy,Limited,Biweekly,Free,2009,False,False,6,Low,70
4169,CodeChef,13.3,3.6,1431,Easy,No,Biweekly,Paid,2017,True,True,6,Medium,81
4170,Codeforces,28.3,4.4,1823,Hard,Limited,Occasionally,Free,2006,True,True,3,Medium,110
4171,CodeChef,23.0,3.9,3300,Varied,No,Occasionally,Free,2007,True,False,3,Low,86
4172,LeetCode,23.7,3.8,2354,Hard,Limited,Occasionally,Freemium,2013,False,False,3,Low,93
4173,LeetCode,25.8,3.8,3633,Medium,Limited,Occasionally,Free,2016,False,True,3,High,103
4174,Codeforces,1.6,4.4,3665,Medium,No,Occasionally,Paid,2005,True,True,5,High,70
4175,Codeforces,22.7,4.6,1357,Hard,Limited,Weekly,Paid,2020,True,False,4,High,105
4176,HackerRank,25.3,4.4,584,Medium,Yes,Occasionally,Paid,2008,True,True,8,High,122
4177,LeetCode,9.4,3.7,3023,Medium,Yes,Weekly,Paid,2005,False,False,5,High,83
4178,LeetCode,21.8,4.6,2312,Varied,No,Weekly,Free,2011,False,True,8,High,113
4179,HackerRank,22.1,4.1,684,Easy,No,Monthly,Free,2006,True,False,1,Medium,84
4180,LeetCode,24.5,4.2,1617,Easy,Limited,Occasionally,Freemium,2017,False,True,1,Low,99
4181,CodeChef,25.0,3.8,1640,Varied,Yes,Monthly,Free,2017,False,True,2,High,104
4182,HackerRank,4.2,4.6,3608,Varied,No,Occasionally,Freemium,2020,True,False,7,High,78
4183,HackerRank,3.4,4.0,3287,Medium,No,Occasionally,Free,2022,True,False,7,Low,65
4184,CodeChef,18.9,4.3,2897,Hard,Limited,Biweekly,Free,2009,True,True,6,High,104
4185,CodeChef,27.7,4.8,1390,Easy,Limited,Monthly,Free,2020,False,True,2,Medium,112
4186,CodeChef,20.6,3.5,1340,Medium,Limited,Occasionally,Paid,2018,False,True,5,High,95
4187,HackerRank,4.7,4.8,645,Hard,Yes,Occasionally,Free,2012,True,False,8,Medium,89
4188,LeetCode,7.4,4.5,2349,Easy,No,Weekly,Freemium,2014,True,False,8,Low,83
4189,HackerRank,24.1,4.7,2241,Medium,No,Weekly,Free,2020,True,True,8,Medium,115
4190,LeetCode,20.6,4.2,729,Hard,Yes,Biweekly,Paid,2012,True,False,3,Medium,97
4191,HackerRank,20.5,4.1,3585,Varied,Yes,Monthly,Paid,2019,True,False,1,High,93
4192,LeetCode,16.9,4.4,2842,Medium,No,Biweekly,Freemium,2011,False,False,4,High,90
4193,Codeforces,2.2,4.6,2718,Medium,Yes,Biweekly,Freemium,2009,True,True,7,Low,87
4194,LeetCode,18.5,3.7,1834,Varied,Yes,Occasionally,Paid,2006,True,False,2,High,88
4195,CodeChef,28.8,3.8,2909,Varied,No,Weekly,Freemium,2019,False,False,9,Medium,112
4196,LeetCode,16.6,4.8,3432,Easy,Yes,Biweekly,Freemium,2005,False,False,6,Medium,106
4197,HackerRank,29.3,3.6,2612,Easy,Yes,Weekly,Freemium,2008,False,False,6,High,117
4198,HackerRank,1.8,3.9,2361,Easy,No,Biweekly,Freemium,2022,True,False,2,Medium,57
4199,HackerRank,7.8,3.5,2995,Varied,No,Monthly,Free,2022,True,True,9,Low,76
4200,LeetCode,10.1,4.8,3126,Medium,Yes,Occasionally,Freemium,2021,False,True,8,Medium,104
4201,LeetCode,19.9,3.7,3926,Varied,Limited,Occasionally,Paid,2010,True,False,3,High,87
4202,CodeChef,20.9,4.0,3573,Hard,Limited,Weekly,Paid,2006,True,False,8,Medium,102
4203,Codeforces,17.7,3.9,2443,Varied,Yes,Monthly,Freemium,2013,True,True,5,Low,99
4204,HackerRank,12.1,3.8,3312,Varied,Yes,Biweekly,Free,2008,True,False,4,Medium,83
4205,CodeChef,29.6,4.5,1388,Medium,No,Occasionally,Paid,2017,False,False,8,Medium,112
4206,HackerRank,24.7,4.7,3204,Hard,Yes,Occasionally,Paid,2005,False,False,4,Medium,109
4207,LeetCode,11.1,3.9,3777,Easy,Yes,Weekly,Freemium,2017,False,True,5,Medium,94
4208,CodeChef,19.8,4.3,3334,Varied,Limited,Biweekly,Paid,2005,True,True,5,Low,99
4209,CodeChef,12.7,4.4,2310,Easy,Yes,Weekly,Paid,2009,False,False,4,High,93
4210,Codeforces,4.0,4.7,3052,Medium,No,Biweekly,Freemium,2013,False,True,3,Medium,75
4211,CodeChef,5.3,4.2,1017,Medium,No,Monthly,Paid,2015,False,True,6,High,76
4212,LeetCode,11.1,4.1,3500,Varied,No,Occasionally,Paid,2012,False,True,3,Low,74
4213,Codeforces,3.8,3.9,3792,Easy,Yes,Monthly,Free,2021,False,True,4,Medium,76
4214,CodeChef,19.1,4.0,930,Hard,No,Occasionally,Freemium,2005,True,False,4,Low,85
4215,Codeforces,21.0,4.6,672,Medium,Yes,Monthly,Freemium,2021,True,False,3,Medium,104
4216,HackerRank,23.6,4.6,2271,Varied,No,Monthly,Paid,2019,True,False,3,Low,92
4217,CodeChef,4.2,4.9,3098,Easy,Limited,Weekly,Freemium,2015,False,True,9,Medium,96
4218,HackerRank,3.1,4.8,1515,Varied,Limited,Biweekly,Paid,2007,True,True,5,Medium,81
4219,Codeforces,3.5,4.0,526,Medium,Yes,Occasionally,Free,2017,True,False,2,Low,65
4220,LeetCode,26.8,4.5,3240,Easy,No,Biweekly,Paid,2007,True,False,8,Low,107
4221,LeetCode,17.4,4.9,3088,Easy,Yes,Biweekly,Free,2017,True,True,7,High,115
4222,LeetCode,10.1,4.1,2379,Hard,Limited,Biweekly,Free,2005,True,False,6,Medium,82
4223,LeetCode,29.5,3.6,1178,Medium,Limited,Weekly,Free,2009,False,False,6,Medium,108
4224,LeetCode,6.7,4.7,650,Easy,Limited,Biweekly,Paid,2022,True,False,10,Low,88
4225,LeetCode,25.1,4.7,500,Varied,Limited,Monthly,Freemium,2015,False,True,5,Low,113
4226,CodeChef,27.6,3.8,1900,Hard,Limited,Occasionally,Free,2012,True,False,9,Medium,110
4227,HackerRank,27.3,3.7,2940,Hard,Limited,Monthly,Paid,2021,False,True,6,High,109
4228,LeetCode,22.7,3.8,3169,Hard,No,Monthly,Free,2015,True,True,9,Low,101
4229,LeetCode,16.6,3.9,3430,Medium,Yes,Biweekly,Paid,2019,True,True,1,Medium,89
4230,CodeChef,23.3,4.4,2348,Easy,No,Occasionally,Freemium,2019,True,False,2,High,95
4231,LeetCode,8.1,4.0,1789,Medium,No,Occasionally,Freemium,2017,False,False,5,Medium,72
4232,LeetCode,14.6,3.6,2101,Varied,Limited,Biweekly,Paid,2018,True,False,5,High,83
4233,HackerRank,5.0,4.0,914,Medium,No,Monthly,Paid,2015,True,False,5,Medium,64
4234,LeetCode,2.1,3.8,2694,Easy,No,Weekly,Paid,2019,False,False,10,High,73
4235,Codeforces,20.7,3.8,1997,Medium,Yes,Occasionally,Free,2022,True,False,7,High,103
4236,HackerRank,12.7,3.8,3557,Medium,No,Weekly,Free,2010,True,True,6,Low,83
4237,CodeChef,12.0,4.9,2246,Easy,Limited,Monthly,Free,2006,True,True,2,Low,87
4238,CodeChef,9.6,4.8,1176,Hard,No,Occasionally,Freemium,2020,True,False,2,Low,74
4239,Codeforces,17.6,4.5,1301,Hard,No,Occasionally,Freemium,2012,False,False,1,Low,81
4240,HackerRank,2.9,4.2,3286,Varied,Limited,Monthly,Free,2014,True,True,3,Medium,70
4241,HackerRank,15.7,4.1,2954,Varied,Limited,Biweekly,Free,2020,False,False,4,Low,85
4242,CodeChef,5.9,4.8,2254,Medium,No,Occasionally,Freemium,2020,True,True,8,High,90
4243,Codeforces,12.5,4.9,1932,Varied,Limited,Weekly,Paid,2007,True,False,3,Medium,89
4244,HackerRank,3.8,4.2,1267,Easy,Yes,Occasionally,Free,2015,True,False,7,Medium,80
4245,CodeChef,11.4,4.9,1925,Easy,No,Weekly,Freemium,2005,True,False,9,High,99
4246,HackerRank,28.2,4.5,1182,Easy,No,Occasionally,Free,2015,False,False,6,Medium,107
4247,HackerRank,24.6,3.6,3248,Medium,Limited,Monthly,Free,2017,True,True,4,Medium,99
4248,CodeChef,7.4,4.0,2339,Hard,No,Occasionally,Freemium,2020,True,False,5,Low,69
4249,Codeforces,8.4,4.8,2605,Medium,Limited,Occasionally,Paid,2011,True,True,5,High,90
4250,CodeChef,14.3,3.9,3673,Varied,Yes,Occasionally,Paid,2013,False,False,7,Low,89
4251,Codeforces,6.7,4.4,3147,Hard,No,Monthly,Free,2020,False,False,2,Low,64
4252,LeetCode,28.4,4.5,3218,Hard,Yes,Weekly,Paid,2007,True,False,7,High,124
4253,LeetCode,16.9,3.9,1582,Medium,Yes,Weekly,Paid,2010,False,False,9,Medium,102
4254,LeetCode,14.2,4.2,2638,Easy,Limited,Monthly,Freemium,2022,True,False,10,Medium,98
4255,CodeChef,7.0,4.3,986,Hard,Limited,Weekly,Freemium,2005,True,True,6,Medium,88
4256,LeetCode,26.4,3.7,2428,Medium,Yes,Occasionally,Paid,2021,True,False,7,High,110
4257,CodeChef,16.2,4.0,3687,Easy,Limited,Occasionally,Paid,2013,False,False,9,Low,92
4258,Codeforces,26.0,4.0,3660,Hard,Yes,Weekly,Paid,2005,False,False,4,Low,105
4259,CodeChef,6.3,4.1,1508,Easy,Limited,Monthly,Paid,2009,True,False,5,Medium,72
4260,HackerRank,25.6,4.1,1285,Hard,Yes,Monthly,Freemium,2022,True,True,7,High,120
4261,HackerRank,4.7,4.6,3466,Varied,Yes,Occasionally,Paid,2015,False,False,4,High,80
4262,Codeforces,7.5,4.2,3746,Easy,Limited,Occasionally,Paid,2009,True,False,7,High,81
4263,Codeforces,27.8,3.8,3658,Medium,No,Weekly,Freemium,2016,False,False,2,Medium,97
4264,HackerRank,1.5,4.8,2479,Hard,Yes,Weekly,Paid,2016,False,False,9,Medium,88
4265,LeetCode,20.4,4.0,3733,Varied,Limited,Monthly,Free,2007,True,True,5,Medium,99
4266,LeetCode,6.6,4.9,1991,Varied,Limited,Monthly,Free,2007,False,False,10,High,94
4267,CodeChef,25.8,4.5,797,Medium,No,Monthly,Paid,2019,True,True,6,High,110
4268,LeetCode,17.1,4.1,862,Hard,Yes,Occasionally,Free,2014,True,False,10,High,107
4269,HackerRank,16.3,3.8,2743,Medium,No,Biweekly,Freemium,2014,True,True,10,Low,96
4270,LeetCode,19.2,4.3,1538,Easy,Limited,Weekly,Freemium,2005,True,False,1,Medium,92
4271,HackerRank,15.0,3.7,2019,Hard,Limited,Occasionally,Free,2013,False,False,3,High,80
4272,Codeforces,19.9,4.5,1900,Medium,Yes,Weekly,Freemium,2006,True,True,6,Medium,115
4273,LeetCode,10.8,3.8,3323,Easy,No,Occasionally,Freemium,2012,True,True,8,Low,83
4274,Codeforces,21.8,4.5,1634,Hard,Limited,Occasionally,Free,2021,False,False,8,High,109
4275,CodeChef,5.1,3.6,3030,Varied,Yes,Monthly,Paid,2005,True,True,1,Low,66
4276,CodeChef,2.9,4.9,2676,Easy,Limited,Monthly,Freemium,2011,True,True,10,Medium,93
4277,Codeforces,1.8,3.8,2044,Varied,No,Occasionally,Freemium,2012,False,False,10,High,73
4278,HackerRank,25.7,4.0,1365,Medium,Limited,Monthly,Free,2020,False,True,7,Low,109
4279,LeetCode,10.7,4.5,3597,Medium,Limited,Weekly,Freemium,2022,True,False,9,Medium,97
4280,CodeChef,26.1,3.9,3730,Medium,Yes,Biweekly,Free,2021,True,True,6,Medium,114
4281,HackerRank,23.3,4.1,1368,Varied,No,Weekly,Freemium,2013,False,False,6,High,103
4282,Codeforces,20.7,4.8,3302,Medium,No,Weekly,Paid,2005,True,True,3,Medium,100
4283,CodeChef,23.3,3.6,1452,Varied,No,Weekly,Free,2010,True,True,10,High,109
4284,HackerRank,20.4,3.9,3807,Medium,No,Monthly,Free,2015,False,False,3,Low,82
4285,Codeforces,9.2,3.6,899,Varied,Yes,Occasionally,Free,2012,True,True,6,High,87
4286,HackerRank,29.2,4.8,811,Hard,Limited,Biweekly,Free,2010,False,True,7,Low,123
4287,LeetCode,14.5,5.0,3229,Easy,Yes,Occasionally,Freemium,2019,True,False,2,Low,94
4288,Codeforces,9.7,4.0,3351,Hard,Limited,Biweekly,Paid,2009,False,False,7,Medium,82
4289,Codeforces,1.1,3.6,1612,Varied,No,Biweekly,Freemium,2014,True,False,8,Low,63
4290,HackerRank,28.5,5.0,3035,Varied,Yes,Occasionally,Paid,2022,False,False,4,Medium,118
4291,Codeforces,4.5,4.9,3134,Easy,Yes,Occasionally,Free,2020,True,True,4,Medium,87
4292,LeetCode,26.6,4.6,3366,Hard,No,Weekly,Freemium,2020,True,True,9,Low,120
4293,CodeChef,21.6,3.6,3517,Varied,Limited,Weekly,Paid,2007,False,True,2,Medium,92
4294,HackerRank,28.6,4.5,521,Easy,Limited,Monthly,Free,2018,False,True,6,Low,116
4295,LeetCode,13.5,4.5,2682,Varied,No,Monthly,Free,2015,False,True,7,High,94
4296,HackerRank,14.4,3.8,827,Medium,No,Weekly,Freemium,2014,True,False,4,Low,79
4297,Codeforces,2.8,4.0,2722,Hard,No,Monthly,Free,2010,False,False,9,Medium,70
4298,LeetCode,8.2,4.9,3299,Hard,Yes,Biweekly,Freemium,2017,False,False,9,Low,98
4299,LeetCode,18.1,3.8,1115,Medium,Limited,Monthly,Freemium,2016,True,False,6,High,94
4300,Codeforces,29.1,4.5,3231,Medium,No,Monthly,Freemium,2014,False,False,8,Medium,115
4301,Codeforces,3.5,4.3,1422,Varied,No,Weekly,Freemium,2016,False,False,7,Low,73
4302,LeetCode,13.3,3.9,3370,Medium,Limited,Biweekly,Freemium,2008,False,True,3,Low,84
4303,LeetCode,2.4,4.8,1370,Medium,No,Biweekly,Paid,2022,False,True,6,High,79
4304,CodeChef,9.7,3.6,882,Varied,No,Biweekly,Free,2019,False,False,5,Low,68
4305,CodeChef,22.3,4.0,2691,Varied,Limited,Weekly,Free,2009,True,True,10,High,116
4306,HackerRank,24.7,4.4,3032,Easy,Yes,Biweekly,Free,2013,True,False,5,High,112
4307,CodeChef,23.5,4.2,2747,Medium,Yes,Biweekly,Paid,2018,True,True,8,Low,114
4308,Codeforces,20.3,4.0,2072,Medium,Yes,Weekly,Freemium,2014,True,True,5,Medium,108
4309,HackerRank,1.4,4.0,3141,Varied,Limited,Monthly,Paid,2016,False,True,9,High,79
4310,HackerRank,10.6,3.5,2879,Medium,No,Biweekly,Freemium,2007,False,False,7,Medium,76
4311,CodeChef,24.9,4.9,2995,Varied,Yes,Occasionally,Freemium,2010,True,True,2,Low,113
4312,HackerRank,25.6,4.2,3469,Hard,Yes,Monthly,Paid,2007,True,True,1,Medium,104
4313,HackerRank,4.5,4.3,3082,Hard,No,Occasionally,Free,2013,True,True,9,Medium,81
4314,LeetCode,4.9,4.5,3871,Easy,Yes,Occasionally,Freemium,2011,False,False,7,Low,84
4315,Codeforces,13.9,4.9,2902,Varied,No,Biweekly,Paid,2020,True,False,6,High,92
4316,Codeforces,10.4,4.8,3230,Easy,No,Biweekly,Free,2008,False,True,3,Medium,84
4317,CodeChef,16.8,4.8,3105,Medium,Yes,Occasionally,Paid,2016,True,False,8,Medium,106
4318,LeetCode,28.1,4.0,3689,Medium,Yes,Monthly,Paid,2012,False,True,9,High,124
4319,Codeforces,15.8,3.8,1178,Easy,Yes,Biweekly,Paid,2018,False,False,9,Low,96
4320,CodeChef,13.0,4.2,2008,Varied,Limited,Monthly,Freemium,2006,False,False,3,High,84
4321,CodeChef,13.7,3.8,2329,Medium,Yes,Biweekly,Paid,2009,True,True,6,Low,92
4322,Codeforces,8.3,4.1,1309,Medium,Yes,Monthly,Paid,2019,True,False,6,High,84
4323,Codeforces,3.3,4.4,912,Hard,No,Weekly,Paid,2018,True,False,5,Low,67
4324,HackerRank,28.4,4.3,3799,Easy,Yes,Biweekly,Free,2016,False,True,2,High,116
4325,LeetCode,14.0,4.2,2025,Hard,Limited,Biweekly,Paid,2019,True,True,9,Medium,99
4326,HackerRank,14.9,4.2,1933,Hard,Limited,Weekly,Freemium,2022,False,False,1,Low,82
4327,CodeChef,22.2,4.4,2697,Medium,Limited,Occasionally,Freemium,2014,False,True,2,Low,99
4328,HackerRank,7.1,4.9,1571,Medium,No,Monthly,Paid,2010,False,True,6,Medium,84
4329,LeetCode,21.5,4.0,948,Varied,No,Occasionally,Free,2018,False,True,10,Low,103
4330,LeetCode,18.8,4.8,3971,Easy,No,Occasionally,Freemium,2012,False,False,10,Medium,106
4331,Codeforces,19.5,3.5,956,Varied,No,Occasionally,Free,2014,True,True,10,Medium,97
4332,HackerRank,18.8,4.9,3058,Varied,No,Weekly,Paid,2016,True,True,5,Low,100
4333,CodeChef,19.6,4.2,2227,Easy,Yes,Weekly,Paid,2016,False,True,7,Medium,110
4334,LeetCode,27.1,4.6,2469,Easy,Limited,Biweekly,Free,2011,False,True,2,Low,108
4335,HackerRank,1.3,4.3,3569,Medium,Yes,Occasionally,Free,2020,True,True,4,High,78
4336,HackerRank,12.8,4.2,2493,Varied,Yes,Weekly,Freemium,2019,True,True,2,Low,91
4337,Codeforces,17.3,4.5,2941,Varied,Yes,Monthly,Paid,2008,True,True,4,Low,99
4338,HackerRank,2.7,4.4,3555,Medium,Yes,Weekly,Paid,2011,True,True,9,Low,89
4339,CodeChef,25.2,3.6,1973,Varied,No,Biweekly,Paid,2016,True,False,9,High,102
4340,Codeforces,6.1,4.4,1266,Medium,Limited,Monthly,Freemium,2014,True,False,8,Low,82
4341,LeetCode,1.3,4.6,794,Medium,Limited,Weekly,Free,2010,True,True,4,Low,75
4342,Codeforces,5.3,4.7,2689,Easy,Yes,Weekly,Paid,2012,True,True,7,Low,92
4343,HackerRank,21.1,4.0,1224,Medium,Yes,Occasionally,Free,2014,False,False,2,High,96
4344,CodeChef,5.5,4.5,3938,Medium,Limited,Monthly,Free,2015,False,True,9,High,91
4345,Codeforces,21.7,3.6,3480,Easy,Limited,Monthly,Freemium,2006,True,True,3,Medium,95
4346,LeetCode,17.4,3.5,3134,Medium,Limited,Biweekly,Freemium,2015,True,False,2,Low,79
4347,HackerRank,27.9,4.4,2903,Varied,Limited,Weekly,Free,2016,True,True,6,Medium,119
4348,Codeforces,23.1,4.9,2290,Medium,Limited,Occasionally,Paid,2018,False,True,1,Medium,103
4349,CodeChef,12.8,4.7,3047,Medium,Limited,Monthly,Free,2021,False,True,3,Medium,90
4350,Codeforces,10.8,4.8,1152,Hard,No,Weekly,Free,2016,False,False,8,High,93
4351,CodeChef,2.1,3.7,3927,Easy,Limited,Biweekly,Paid,2021,False,True,2,High,64
4352,CodeChef,15.9,4.2,1457,Hard,No,Monthly,Paid,2015,True,True,7,Low,90
4353,Codeforces,25.0,4.0,1959,Varied,Limited,Occasionally,Freemium,2017,True,False,5,High,104
4354,LeetCode,9.9,4.7,3317,Hard,No,Weekly,Paid,2011,False,False,7,Medium,86
4355,CodeChef,13.0,4.3,3273,Medium,No,Occasionally,Paid,2016,False,False,2,High,76
4356,HackerRank,24.9,4.6,585,Easy,No,Occasionally,Freemium,2013,True,True,9,Medium,116
4357,LeetCode,28.0,4.7,1911,Medium,Limited,Occasionally,Freemium,2012,False,True,9,Low,125
4358,CodeChef,15.9,5.0,1887,Varied,Yes,Monthly,Freemium,2021,True,True,9,High,119
4359,LeetCode,25.2,4.1,1661,Varied,Limited,Weekly,Paid,2021,True,False,8,Low,108
4360,Codeforces,20.9,4.5,2206,Varied,No,Monthly,Paid,2008,True,False,4,Low,89
4361,LeetCode,11.2,4.5,3277,Medium,Yes,Weekly,Paid,2008,False,False,2,High,88
4362,HackerRank,13.6,4.0,3417,Varied,Limited,Occasionally,Freemium,2018,False,True,3,High,88
4363,Codeforces,29.4,4.5,3363,Medium,Limited,Monthly,Freemium,2017,True,True,1,High,113
4364,HackerRank,29.9,4.2,3140,Medium,Limited,Weekly,Freemium,2014,False,False,8,Low,119
4365,Codeforces,28.4,4.2,2845,Varied,No,Monthly,Freemium,2009,True,False,9,Low,111
4366,Codeforces,22.1,3.6,3943,Easy,No,Occasionally,Paid,2007,True,True,4,High,91
4367,LeetCode,28.0,4.7,3239,Hard,Limited,Monthly,Free,2009,False,True,7,High,123
4368,CodeChef,16.1,3.9,503,Easy,Limited,Weekly,Paid,2019,False,True,10,Low,101
4369,Codeforces,19.5,5.0,2857,Medium,No,Weekly,Freemium,2014,False,False,3,Medium,98
4370,LeetCode,26.9,4.4,2856,Hard,No,Occasionally,Freemium,2020,True,True,8,High,117
4371,HackerRank,4.8,4.5,679,Easy,Limited,Monthly,Paid,2019,True,True,4,High,79
4372,Codeforces,5.4,4.2,1830,Varied,Yes,Weekly,Free,2015,True,True,5,High,88
4373,Codeforces,2.4,4.8,2003,Medium,Yes,Monthly,Free,2013,True,True,1,Low,75
4374,Codeforces,17.3,3.8,2963,Hard,Limited,Occasionally,Free,2019,True,False,2,High,83
4375,Codeforces,22.7,4.8,3352,Easy,Yes,Weekly,Freemium,2021,True,False,5,Medium,115
4376,HackerRank,2.3,3.7,563,Hard,Limited,Occasionally,Freemium,2013,True,True,2,High,66
4377,Codeforces,9.4,4.6,1164,Hard,Limited,Occasionally,Freemium,2015,False,False,6,High,89
4378,CodeChef,10.5,4.7,1336,Easy,Limited,Weekly,Free,2022,True,True,5,Medium,94
4379,LeetCode,22.7,3.7,1425,Medium,Limited,Biweekly,Free,2019,True,True,3,Medium,96
4380,CodeChef,3.4,4.7,3851,Hard,Yes,Monthly,Freemium,2015,True,False,1,Low,72
4381,HackerRank,11.8,4.7,3690,Hard,No,Biweekly,Freemium,2013,True,False,8,High,94
4382,CodeChef,7.0,5.0,3775,Hard,No,Weekly,Freemium,2013,False,True,8,Low,92
4383,LeetCode,10.3,3.7,2352,Medium,Limited,Occasionally,Freemium,2020,True,True,4,High,82
4384,Codeforces,1.7,3.8,1650,Varied,No,Weekly,Freemium,2009,True,True,10,High,81
4385,CodeChef,25.3,5.0,1376,Medium,Yes,Weekly,Freemium,2011,False,False,10,Low,129
4386,HackerRank,2.8,4.2,1492,Medium,Yes,Biweekly,Paid,2013,True,True,7,Low,81
4387,CodeChef,28.5,4.2,2628,Medium,Limited,Occasionally,Paid,2006,False,True,3,Medium,108
4388,LeetCode,2.5,3.9,1656,Hard,Limited,Weekly,Freemium,2016,False,True,5,Low,74
4389,HackerRank,15.6,3.6,3543,Hard,No,Occasionally,Paid,2018,True,False,5,Low,74
4390,Codeforces,24.4,4.8,2591,Easy,Yes,Weekly,Free,2019,False,False,3,Medium,112
4391,LeetCode,28.7,4.7,1712,Medium,Limited,Weekly,Freemium,2015,False,False,2,High,114
4392,LeetCode,1.1,3.8,3035,Varied,Yes,Biweekly,Paid,2011,False,False,8,Low,72
4393,CodeChef,24.9,3.8,2568,Hard,No,Monthly,Free,2007,True,False,9,Medium,101
4394,LeetCode,4.0,4.6,1449,Easy,No,Biweekly,Free,2015,False,True,1,High,70
4395,CodeChef,3.9,4.2,853,Varied,No,Biweekly,Freemium,2022,False,False,7,High,75
4396,LeetCode,27.1,3.9,3868,Varied,Yes,Monthly,Paid,2012,False,True,3,Low,106
4397,LeetCode,15.3,4.0,1866,Hard,Yes,Weekly,Freemium,2011,False,False,9,Low,102
4398,CodeChef,27.7,3.8,632,Hard,Yes,Occasionally,Freemium,2015,True,True,4,High,115
4399,LeetCode,16.9,3.7,1024,Medium,Yes,Monthly,Paid,2006,True,False,8,High,97
4400,Codeforces,23.1,3.6,2937,Varied,Limited,Occasionally,Freemium,2013,True,True,2,Medium,95
4401,LeetCode,24.9,3.7,2071,Hard,No,Weekly,Freemium,2016,True,False,10,Low,105
4402,HackerRank,17.4,4.1,1194,Varied,Limited,Biweekly,Paid,2016,False,True,8,Low,99
4403,LeetCode,9.2,4.9,853,Varied,Limited,Occasionally,Paid,2010,True,True,2,High,86
4404,HackerRank,8.2,3.7,3660,Hard,Limited,Biweekly,Paid,2022,False,True,5,Medium,77
4405,Codeforces,13.3,5.0,959,Varied,Limited,Biweekly,Freemium,2017,False,False,8,Low,100
4406,HackerRank,12.0,4.5,3873,Medium,Limited,Monthly,Paid,2021,True,True,8,Medium,96
4407,HackerRank,18.1,3.8,1176,Medium,Yes,Weekly,Paid,2018,False,True,6,High,104
4408,CodeChef,15.6,4.7,2848,Easy,Limited,Biweekly,Paid,2006,False,False,10,Low,101
4409,HackerRank,22.8,3.9,1481,Hard,Limited,Monthly,Paid,2009,False,True,4,Low,96
4410,LeetCode,20.2,4.1,3766,Medium,No,Biweekly,Paid,2010,False,True,1,Low,84
4411,CodeChef,21.2,4.4,3425,Medium,Yes,Occasionally,Free,2014,True,True,2,High,105
4412,CodeChef,16.6,4.5,850,Hard,Limited,Monthly,Paid,2007,True,False,6,High,96
4413,Codeforces,5.9,4.9,849,Varied,Yes,Biweekly,Freemium,2013,False,True,4,Medium,92
4414,Codeforces,26.2,4.2,706,Medium,No,Biweekly,Paid,2010,True,False,3,Medium,95
4415,HackerRank,8.3,4.6,3683,Medium,Yes,Biweekly,Free,2009,True,True,10,Low,100
4416,HackerRank,8.7,4.2,1316,Varied,No,Weekly,Freemium,2014,False,True,1,Medium,75
4417,Codeforces,9.6,4.2,3857,Varied,No,Occasionally,Free,2008,True,True,2,Medium,73
4418,HackerRank,29.4,4.3,2852,Easy,Limited,Biweekly,Free,2016,False,True,10,High,128
4419,CodeChef,25.1,3.8,1977,Easy,Yes,Monthly,Free,2017,True,True,2,Medium,103
4420,Codeforces,15.4,4.3,2443,Hard,No,Weekly,Paid,2018,False,True,2,Medium,85
4421,LeetCode,21.2,3.6,2627,Varied,Limited,Biweekly,Free,2019,True,True,5,High,99
4422,HackerRank,13.8,3.6,1569,Easy,No,Monthly,Freemium,2008,True,True,3,Medium,78
4423,CodeChef,24.0,4.8,701,Hard,Yes,Monthly,Freemium,2018,False,False,10,Medium,124
4424,LeetCode,5.4,4.7,3003,Easy,Yes,Occasionally,Freemium,2009,False,True,10,Low,98
4425,Codeforces,3.6,3.5,3715,Easy,No,Biweekly,Freemium,2018,False,True,10,Low,74
4426,CodeChef,9.8,4.3,2325,Varied,No,Monthly,Freemium,2015,True,True,9,Low,89
4427,CodeChef,29.3,4.5,2377,Varied,No,Biweekly,Free,2017,False,False,1,Low,98
4428,Codeforces,24.2,4.9,2636,Easy,Yes,Monthly,Free,2021,True,True,7,Medium,122
4429,CodeChef,17.4,3.7,3611,Easy,Limited,Biweekly,Paid,2016,True,True,1,Low,81
4430,HackerRank,16.1,4.0,2254,Medium,No,Weekly,Free,2012,True,False,1,High,79
4431,CodeChef,19.0,3.7,1428,Easy,No,Occasionally,Free,2011,False,False,4,Low,80
4432,HackerRank,1.6,4.7,3263,Medium,Yes,Occasionally,Paid,2009,False,True,10,Medium,91
4433,HackerRank,6.9,3.8,3849,Hard,Yes,Monthly,Paid,2019,True,True,10,High,92
4434,HackerRank,17.0,4.5,1064,Hard,Yes,Monthly,Free,2009,True,True,2,High,100
4435,HackerRank,10.5,4.4,3747,Easy,Limited,Weekly,Paid,2014,False,True,5,Low,88
4436,Codeforces,17.5,4.9,1383,Easy,No,Biweekly,Free,2012,True,True,1,Low,89
4437,Codeforces,5.8,5.0,2424,Easy,No,Biweekly,Paid,2011,False,False,2,High,73
4438,LeetCode,24.1,4.7,941,Medium,Yes,Weekly,Free,2014,False,True,10,Low,127
4439,Codeforces,17.4,4.5,1148,Medium,No,Biweekly,Free,2006,False,True,2,Low,87
4440,HackerRank,26.4,3.8,1871,Easy,Yes,Occasionally,Freemium,2005,True,False,7,Low,110
4441,LeetCode,14.9,4.9,1936,Varied,No,Monthly,Freemium,2015,True,True,10,Low,104
4442,CodeChef,26.2,4.4,3163,Easy,Yes,Monthly,Paid,2014,True,True,8,Medium,121
4443,HackerRank,26.4,3.8,2269,Hard,No,Weekly,Freemium,2015,True,False,3,High,99
4444,HackerRank,20.6,4.3,594,Easy,No,Monthly,Paid,2009,True,False,6,Low,91
4445,HackerRank,28.0,4.7,1429,Varied,Limited,Monthly,Paid,2011,True,True,1,High,110
4446,LeetCode,4.4,4.3,1125,Medium,No,Monthly,Free,2013,True,False,9,Medium,76
4447,Codeforces,27.9,3.9,3717,Medium,Limited,Monthly,Freemium,2010,True,True,10,Low,119
4448,Codeforces,22.9,4.7,1842,Hard,No,Weekly,Freemium,2020,False,True,7,Medium,113
4449,LeetCode,6.7,4.2,2412,Varied,No,Occasionally,Freemium,2008,True,True,9,Medium,85
4450,LeetCode,27.2,4.9,3861,Hard,No,Monthly,Freemium,2010,False,True,2,Medium,109
4451,Codeforces,3.7,3.9,2193,Varied,Limited,Monthly,Free,2019,True,False,8,Medium,74
4452,CodeChef,19.7,4.6,540,Varied,Limited,Monthly,Freemium,2007,True,False,1,Low,91
4453,Codeforces,3.2,4.0,1552,Medium,Yes,Monthly,Freemium,2012,False,False,4,Medium,73
4454,CodeChef,23.9,4.3,1555,Medium,No,Biweekly,Freemium,2007,True,True,4,High,105
4455,Codeforces,9.4,4.8,944,Easy,Yes,Occasionally,Freemium,2006,True,True,4,High,97
4456,LeetCode,3.5,4.7,2438,Varied,Yes,Biweekly,Paid,2010,False,False,6,Medium,82
4457,CodeChef,19.6,4.0,957,Varied,No,Occasionally,Paid,2005,True,False,4,Low,82
4458,CodeChef,10.2,4.6,1308,Medium,Yes,Weekly,Free,2006,False,True,10,Medium,107
4459,Codeforces,5.6,4.3,1529,Easy,No,Monthly,Free,2012,False,False,8,Medium,75
4460,Codeforces,16.2,4.2,1517,Medium,Limited,Occasionally,Paid,2018,True,False,8,Low,92
4461,LeetCode,17.6,4.5,3899,Varied,No,Weekly,Free,2005,False,True,5,Medium,97
4462,Codeforces,28.6,4.9,3170,Medium,Yes,Biweekly,Free,2017,True,True,8,High,134
4463,HackerRank,23.0,4.7,797,Varied,No,Monthly,Free,2021,False,True,7,High,110
4464,HackerRank,24.1,4.4,3567,Hard,Limited,Biweekly,Free,2011,False,False,2,Low,96
4465,CodeChef,20.0,4.3,3428,Easy,Limited,Biweekly,Free,2016,True,True,4,High,102
4466,CodeChef,27.8,3.6,2267,Varied,Limited,Weekly,Paid,2018,False,True,5,High,110
4467,HackerRank,8.9,4.7,1785,Varied,Yes,Occasionally,Freemium,2011,True,True,2,Medium,89
4468,LeetCode,23.4,4.0,3735,Medium,Yes,Occasionally,Paid,2016,False,True,10,Low,115
4469,LeetCode,4.1,4.0,3179,Varied,Limited,Occasionally,Free,2012,False,False,10,High,81
4470,HackerRank,27.6,4.6,3231,Varied,No,Biweekly,Freemium,2014,True,True,10,Low,121
4471,HackerRank,6.7,4.6,3792,Medium,No,Weekly,Freemium,2008,True,True,2,Low,76
4472,Codeforces,13.2,3.9,3440,Easy,Limited,Monthly,Paid,2010,False,True,2,Low,78
4473,HackerRank,19.3,3.8,3750,Varied,Limited,Biweekly,Paid,2006,True,False,1,Medium,82
4474,CodeChef,10.9,3.6,3492,Medium,No,Occasionally,Paid,2012,False,False,2,High,65
4475,HackerRank,2.4,3.7,2701,Easy,No,Weekly,Paid,2011,False,False,2,Low,53
4476,HackerRank,25.1,4.7,523,Easy,No,Weekly,Paid,2019,False,False,5,High,107
4477,LeetCode,4.0,3.7,1872,Medium,Limited,Biweekly,Free,2013,False,False,10,Low,75
4478,Codeforces,26.0,4.3,3248,Easy,Limited,Weekly,Freemium,2009,False,False,6,High,114
4479,CodeChef,4.8,4.7,1835,Hard,Yes,Occasionally,Paid,2018,False,True,4,Low,82
4480,Codeforces,7.1,4.1,796,Easy,Yes,Weekly,Paid,2016,False,True,7,Medium,91
4481,Codeforces,4.4,4.0,2791,Medium,Limited,Biweekly,Free,2012,True,False,2,High,67
4482,HackerRank,20.2,4.2,2221,Varied,No,Occasionally,Freemium,2019,True,False,1,High,86
4483,Codeforces,17.7,4.8,3858,Easy,No,Occasionally,Free,2010,False,False,8,High,101
4484,Codeforces,28.0,3.6,1627,Varied,No,Weekly,Freemium,2015,False,False,5,High,103
4485,LeetCode,24.8,5.0,3546,Easy,Yes,Weekly,Paid,2022,True,True,8,Low,126
4486,CodeChef,24.2,4.3,3793,Medium,Yes,Occasionally,Free,2009,False,False,8,Medium,113
4487,HackerRank,27.1,3.8,3994,Hard,Limited,Weekly,Free,2005,False,True,1,Low,100
4488,HackerRank,29.8,4.1,964,Easy,Limited,Weekly,Free,2019,True,False,10,Medium,122
4489,CodeChef,11.2,3.6,2366,Hard,No,Weekly,Freemium,2009,False,True,1,Medium,73
4490,CodeChef,17.8,4.2,3859,Easy,Limited,Biweekly,Paid,2020,False,True,3,High,95
4491,LeetCode,28.1,4.1,1070,Hard,Limited,Weekly,Freemium,2020,False,True,5,Medium,116
4492,LeetCode,4.7,4.0,2521,Medium,Yes,Weekly,Freemium,2017,False,False,3,Low,74
4493,LeetCode,16.0,3.7,2885,Varied,Limited,Biweekly,Freemium,2020,False,False,7,Medium,91
4494,Codeforces,29.0,4.5,3192,Medium,Limited,Weekly,Freemium,2006,True,False,8,Medium,122
4495,CodeChef,7.2,3.8,796,Medium,No,Monthly,Paid,2005,False,False,10,Low,74
4496,HackerRank,9.6,3.7,2095,Medium,No,Occasionally,Free,2022,True,True,4,Low,70
4497,HackerRank,7.1,4.4,1220,Hard,No,Biweekly,Freemium,2007,True,True,9,Medium,89
4498,HackerRank,16.1,4.2,3809,Varied,Limited,Occasionally,Free,2008,False,False,3,High,87
4499,Codeforces,6.8,3.5,3230,Varied,Yes,Monthly,Paid,2022,True,True,7,Low,79
4500,Codeforces,11.2,3.8,2646,Medium,Yes,Occasionally,Free,2018,False,True,9,Low,94
4501,Codeforces,17.7,4.0,2413,Varied,Yes,Biweekly,Paid,2006,True,True,10,High,112
4502,CodeChef,1.2,3.8,1723,Medium,Limited,Biweekly,Paid,2012,True,False,7,Low,65
4503,Codeforces,11.5,3.6,2635,Medium,Limited,Biweekly,Paid,2008,False,False,6,Medium,78
4504,Codeforces,7.1,4.4,1722,Hard,Yes,Biweekly,Paid,2012,True,True,3,Medium,84
4505,LeetCode,14.5,3.7,1989,Medium,No,Monthly,Paid,2011,True,False,4,Medium,74
4506,LeetCode,12.9,4.1,1899,Easy,Yes,Monthly,Freemium,2020,True,True,1,Low,85
4507,LeetCode,25.9,4.7,3623,Varied,Yes,Weekly,Freemium,2017,False,True,8,Medium,130
4508,LeetCode,16.9,4.1,3913,Varied,No,Occasionally,Paid,2007,False,True,7,Low,90
4509,LeetCode,22.4,5.0,1763,Medium,Yes,Weekly,Paid,2018,True,True,6,High,123
4510,LeetCode,14.7,4.0,3511,Hard,Limited,Biweekly,Free,2011,True,False,6,Low,86
4511,LeetCode,1.0,4.7,1090,Varied,No,Occasionally,Freemium,2022,False,True,10,High,86
4512,Codeforces,3.3,4.7,2085,Varied,Yes,Biweekly,Free,2016,True,False,7,Low,83
4513,HackerRank,23.6,4.7,2070,Hard,Yes,Biweekly,Freemium,2016,False,False,4,High,113
4514,Codeforces,18.3,3.6,1429,Medium,No,Occasionally,Freemium,2007,True,True,8,Medium,94
4515,CodeChef,10.7,4.9,2569,Hard,No,Occasionally,Paid,2008,True,False,5,Low,80
4516,LeetCode,7.1,4.5,876,Medium,No,Occasionally,Paid,2022,True,False,1,High,67
4517,HackerRank,7.1,4.3,1698,Medium,Yes,Monthly,Free,2006,True,True,5,Low,85
4518,LeetCode,19.2,3.6,2009,Medium,No,Weekly,Paid,2022,True,True,1,Low,80
4519,LeetCode,23.3,4.7,3620,Easy,No,Occasionally,Free,2011,True,False,1,Low,90
4520,HackerRank,15.7,4.9,3285,Easy,No,Monthly,Free,2018,False,False,10,Medium,101
4521,Codeforces,21.4,5.0,2790,Hard,Yes,Weekly,Paid,2009,True,True,6,Medium,119
4522,LeetCode,8.5,3.5,1918,Medium,Limited,Monthly,Paid,2009,False,True,3,Medium,71
4523,CodeChef,24.0,4.8,3948,Hard,No,Occasionally,Paid,2015,True,False,6,Low,101
4524,LeetCode,2.0,3.5,829,Easy,Limited,Occasionally,Paid,2006,True,True,7,High,71
4525,LeetCode,22.6,3.7,3402,Hard,No,Occasionally,Free,2020,True,False,5,High,91
4526,CodeChef,12.7,4.7,3739,Hard,No,Monthly,Freemium,2007,False,True,3,Low,85
4527,HackerRank,24.8,4.3,1800,Easy,No,Biweekly,Freemium,2022,True,True,8,Medium,112
4528,Codeforces,17.9,4.8,1341,Varied,Yes,Occasionally,Free,2017,True,False,1,Medium,95
4529,LeetCode,12.7,4.1,2532,Hard,Limited,Weekly,Free,2021,False,False,3,Medium,82
4530,LeetCode,8.5,4.0,1950,Medium,Yes,Occasionally,Freemium,2019,True,True,5,High,90
4531,HackerRank,20.9,4.6,2921,Medium,No,Weekly,Paid,2020,True,False,7,Low,99
4532,CodeChef,24.0,3.7,2948,Medium,Limited,Occasionally,Freemium,2014,True,False,2,High,94
4533,HackerRank,24.4,4.8,2066,Medium,No,Monthly,Freemium,2014,False,True,3,High,108
4534,Codeforces,11.1,3.7,1628,Easy,Yes,Monthly,Free,2011,True,True,9,Low,93
4535,Codeforces,21.6,4.1,3483,Varied,No,Weekly,Paid,2022,False,True,9,Medium,106
4536,HackerRank,12.6,4.0,1853,Medium,Yes,Weekly,Paid,2011,False,False,9,High,99
4537,CodeChef,17.0,3.7,806,Medium,Limited,Occasionally,Free,2005,True,False,9,Low,92
4538,Codeforces,27.3,4.1,2292,Varied,Limited,Weekly,Paid,2014,False,True,7,High,118
4539,HackerRank,6.9,3.6,1049,Medium,Yes,Weekly,Free,2014,True,False,4,High,77
4540,Codeforces,21.3,4.0,667,Medium,No,Biweekly,Freemium,2015,True,True,5,Medium,98
4541,CodeChef,25.6,3.8,1553,Hard,Limited,Monthly,Paid,2005,True,True,3,High,101
4542,LeetCode,12.5,3.8,1116,Medium,Limited,Biweekly,Free,2006,True,True,9,Medium,94
4543,Codeforces,9.0,4.4,2475,Easy,Limited,Weekly,Paid,2022,True,True,1,Low,78
4544,CodeChef,18.9,4.6,1221,Easy,Limited,Weekly,Freemium,2021,False,True,4,Low,103
4545,LeetCode,7.4,4.9,1199,Medium,Limited,Weekly,Freemium,2018,False,True,7,Low,95
4546,Codeforces,20.4,4.9,2785,Hard,Yes,Weekly,Free,2019,False,True,9,High,126
4547,LeetCode,7.4,4.9,2899,Hard,Yes,Biweekly,Free,2009,True,True,3,Low,88
4548,Codeforces,10.4,4.5,972,Easy,Yes,Biweekly,Free,2015,False,False,9,High,100
4549,HackerRank,19.7,4.0,2103,Hard,Yes,Occasionally,Paid,2014,True,True,9,High,112
4550,Codeforces,16.5,4.7,2351,Medium,Limited,Monthly,Free,2005,False,True,8,Medium,106
4551,CodeChef,3.0,4.3,2966,Easy,Limited,Monthly,Free,2013,False,True,10,Medium,86
4552,CodeChef,14.3,3.6,2819,Hard,Limited,Biweekly,Freemium,2013,True,True,2,Medium,82
4553,Codeforces,22.2,3.8,3309,Medium,Limited,Monthly,Free,2011,False,False,1,Low,84
4554,Codeforces,24.7,3.8,807,Varied,Limited,Biweekly,Paid,2005,True,False,9,High,108
4555,Codeforces,21.1,4.3,2973,Hard,Limited,Weekly,Paid,2012,False,False,3,Low,94
4556,Codeforces,24.8,4.9,2838,Hard,Limited,Monthly,Paid,2017,True,False,4,Medium,106
4557,CodeChef,6.5,4.9,1760,Medium,Limited,Biweekly,Paid,2011,True,True,8,Medium,93
4558,CodeChef,26.3,4.3,3572,Varied,Yes,Weekly,Paid,2022,False,False,1,High,106
4559,Codeforces,24.0,4.8,2246,Medium,Limited,Occasionally,Paid,2013,False,False,1,High,100
4560,CodeChef,11.3,4.0,1908,Medium,Limited,Occasionally,Free,2016,False,True,5,Low,83
4561,HackerRank,18.9,3.6,3121,Easy,Yes,Weekly,Paid,2022,False,False,10,Medium,104
4562,CodeChef,18.9,3.6,2088,Easy,Limited,Biweekly,Paid,2018,True,True,8,Medium,98
4563,LeetCode,16.8,4.5,2772,Medium,No,Weekly,Free,2016,True,False,1,High,85
4564,HackerRank,23.2,4.0,3016,Hard,Limited,Biweekly,Paid,2011,False,True,1,Low,93
4565,HackerRank,22.2,3.9,1316,Easy,Limited,Occasionally,Free,2019,False,True,10,Low,108
4566,Codeforces,23.9,4.5,918,Medium,Yes,Monthly,Freemium,2017,True,True,10,Low,124
4567,LeetCode,2.2,4.4,2374,Hard,No,Weekly,Freemium,2017,True,True,8,High,83
4568,CodeChef,13.7,3.6,2456,Medium,No,Occasionally,Freemium,2020,True,False,8,Low,81
4569,HackerRank,24.2,4.1,3556,Medium,No,Occasionally,Free,2021,False,False,6,Medium,97
4570,Codeforces,22.1,4.3,1419,Hard,No,Monthly,Paid,2012,True,False,6,High,97
4571,LeetCode,15.6,3.6,3669,Varied,Limited,Weekly,Free,2008,True,False,10,Low,93
4572,LeetCode,6.1,4.5,1975,Medium,No,Biweekly,Freemium,2015,True,False,4,Medium,73
4573,HackerRank,13.2,4.0,1048,Easy,Limited,Biweekly,Freemium,2015,True,False,6,Medium,88
4574,CodeChef,12.1,3.5,3695,Medium,Limited,Occasionally,Freemium,2021,True,True,3,Medium,79
4575,HackerRank,3.7,4.6,1975,Medium,No,Weekly,Freemium,2014,False,True,4,Low,76
4576,HackerRank,4.2,3.7,2078,Varied,Limited,Occasionally,Freemium,2021,False,True,6,High,77
4577,LeetCode,6.4,4.4,3416,Medium,No,Monthly,Paid,2009,False,True,8,Medium,82
4578,LeetCode,16.6,3.8,3027,Varied,Limited,Occasionally,Paid,2010,True,False,10,Low,93
4579,LeetCode,27.8,4.5,2257,Hard,Yes,Monthly,Free,2017,False,True,4,High,120
4580,Codeforces,23.0,4.8,1528,Varied,No,Occasionally,Freemium,2008,True,True,10,High,120
4581,LeetCode,14.0,4.3,2921,Varied,Limited,Occasionally,Freemium,2008,True,False,8,Medium,95
4582,CodeChef,16.7,3.6,1820,Easy,Yes,Biweekly,Paid,2017,False,False,10,Medium,99
4583,LeetCode,19.6,4.3,1379,Hard,Limited,Occasionally,Paid,2008,True,True,3,Medium,95
4584,LeetCode,14.0,4.1,3224,Medium,Yes,Occasionally,Free,2014,True,False,1,Low,80
4585,CodeChef,6.2,4.0,583,Medium,Yes,Occasionally,Freemium,2021,True,True,9,High,94
4586,HackerRank,24.0,4.3,1431,Medium,Yes,Biweekly,Freemium,2015,True,False,6,Medium,112
4587,Codeforces,13.8,4.8,3940,Hard,Limited,Occasionally,Freemium,2010,True,True,2,High,95
4588,LeetCode,8.3,3.7,3410,Easy,Limited,Occasionally,Free,2019,True,True,2,Medium,71
4589,LeetCode,27.2,3.7,2318,Varied,Yes,Biweekly,Freemium,2022,False,True,2,Low,106
4590,HackerRank,18.2,4.3,1202,Hard,Yes,Biweekly,Free,2013,True,True,10,Medium,114
4591,Codeforces,23.9,3.8,2539,Varied,Limited,Monthly,Freemium,2009,False,False,3,Medium,95
4592,LeetCode,27.5,3.8,3382,Easy,No,Monthly,Free,2016,False,False,5,High,99
4593,CodeChef,16.8,4.2,1610,Easy,No,Weekly,Paid,2015,False,True,3,Medium,88
4594,Codeforces,17.4,4.0,1151,Easy,Yes,Weekly,Freemium,2019,True,True,9,Medium,112
4595,CodeChef,9.4,4.8,1358,Easy,Yes,Weekly,Free,2015,True,False,9,Low,99
4596,CodeChef,8.5,3.8,1020,Easy,Yes,Weekly,Freemium,2007,True,True,5,High,91
4597,Codeforces,18.5,3.9,3763,Varied,Yes,Occasionally,Freemium,2017,False,True,7,Low,104
4598,CodeChef,11.2,4.0,3153,Varied,No,Monthly,Freemium,2013,True,False,1,High,71
4599,HackerRank,19.8,4.0,3608,Hard,Limited,Biweekly,Freemium,2022,False,True,5,Medium,101
4600,LeetCode,10.5,4.4,2755,Easy,Limited,Weekly,Freemium,2021,False,True,6,High,97
4601,LeetCode,14.3,4.3,3638,Easy,No,Biweekly,Paid,2005,False,True,6,Low,87
4602,LeetCode,3.9,4.8,3385,Hard,Limited,Weekly,Paid,2021,True,False,8,High,87
4603,LeetCode,19.3,5.0,1457,Hard,Yes,Monthly,Freemium,2009,False,True,10,Medium,124
4604,LeetCode,26.6,4.7,3053,Medium,Yes,Occasionally,Freemium,2005,False,True,7,Medium,126
4605,Codeforces,17.6,4.5,835,Easy,Limited,Monthly,Free,2012,False,False,4,Low,90
4606,HackerRank,22.8,4.5,2228,Easy,No,Monthly,Paid,2007,True,True,4,High,101
4607,LeetCode,3.4,4.4,3041,Easy,Yes,Occasionally,Free,2009,False,True,2,Low,74
4608,Codeforces,11.2,3.5,3308,Easy,Limited,Biweekly,Free,2020,True,True,7,High,87
4609,HackerRank,24.2,4.5,1463,Easy,No,Biweekly,Paid,2015,False,True,7,Medium,108
4610,Codeforces,14.9,4.3,1432,Easy,No,Monthly,Free,2021,True,True,3,High,86
4611,CodeChef,13.6,4.9,2886,Medium,No,Occasionally,Paid,2010,True,True,8,Medium,97
4612,CodeChef,6.2,4.4,546,Medium,Limited,Biweekly,Free,2009,True,True,3,Low,76
4613,HackerRank,27.1,3.9,506,Hard,Limited,Occasionally,Paid,2011,True,False,5,Low,100
4614,CodeChef,29.0,3.9,1655,Hard,Yes,Monthly,Free,2006,True,False,5,Medium,110
4615,LeetCode,3.8,4.1,1832,Easy,Yes,Weekly,Freemium,2017,True,True,8,High,93
4616,CodeChef,26.3,3.7,2006,Varied,Yes,Monthly,Freemium,2018,True,True,4,Low,107
4617,Codeforces,9.6,4.8,2256,Easy,No,Monthly,Free,2009,False,False,10,Medium,90
4618,HackerRank,23.3,4.3,2080,Medium,Limited,Occasionally,Free,2007,True,True,2,High,102
4619,CodeChef,12.3,3.8,3962,Medium,Yes,Monthly,Paid,2010,False,False,3,Low,77
4620,LeetCode,18.7,3.8,1778,Medium,Yes,Monthly,Paid,2022,True,True,6,Medium,100
4621,CodeChef,7.2,4.8,2377,Medium,Yes,Occasionally,Freemium,2016,False,False,5,Low,87
4622,HackerRank,23.4,4.9,1727,Medium,Yes,Biweekly,Free,2013,False,False,7,High,119
4623,HackerRank,3.4,4.4,1889,Medium,Limited,Biweekly,Freemium,2017,True,True,3,Medium,76
4624,Codeforces,25.6,4.3,2453,Hard,No,Occasionally,Freemium,2010,False,False,2,Low,93
4625,Codeforces,3.8,4.4,1774,Easy,Yes,Weekly,Paid,2022,True,False,6,High,84
4626,Codeforces,19.0,3.8,3569,Easy,No,Weekly,Freemium,2013,False,False,2,High,86
4627,LeetCode,26.0,4.2,1549,Varied,Limited,Biweekly,Freemium,2010,False,False,6,High,111
4628,CodeChef,21.8,4.3,2851,Varied,No,Biweekly,Freemium,2009,False,False,1,High,91
4629,Codeforces,15.0,4.5,760,Medium,Limited,Biweekly,Paid,2005,True,False,2,Medium,84
4630,LeetCode,12.3,4.5,3717,Medium,Limited,Occasionally,Paid,2021,False,True,8,Medium,96
4631,Codeforces,10.0,4.6,2779,Easy,No,Weekly,Paid,2021,False,True,6,Medium,88
4632,Codeforces,5.5,3.5,2564,Hard,Yes,Occasionally,Freemium,2017,True,False,7,High,79
4633,LeetCode,14.7,3.7,1019,Easy,Yes,Biweekly,Freemium,2011,True,False,7,Medium,94
4634,CodeChef,26.5,4.6,3647,Medium,No,Weekly,Freemium,2015,True,False,10,High,121
4635,HackerRank,19.4,4.2,3415,Hard,No,Monthly,Paid,2017,False,False,3,High,86
4636,LeetCode,15.4,4.6,742,Hard,Limited,Monthly,Freemium,2005,True,True,8,High,107
4637,LeetCode,5.4,5.0,3958,Easy,No,Weekly,Freemium,2007,True,True,3,Low,80
4638,LeetCode,16.6,4.3,696,Easy,Limited,Occasionally,Paid,2022,True,True,4,Medium,93
4639,HackerRank,2.7,4.5,635,Medium,Limited,Occasionally,Free,2010,False,True,8,High,85
4640,HackerRank,24.1,3.7,3101,Medium,Yes,Weekly,Freemium,2011,True,True,10,Low,119
4641,HackerRank,3.9,3.7,1815,Varied,No,Occasionally,Freemium,2012,True,False,8,Low,67
4642,CodeChef,14.9,4.1,3913,Varied,Yes,Weekly,Freemium,2013,False,False,7,Medium,100
4643,Codeforces,11.1,4.7,1031,Medium,Limited,Weekly,Paid,2009,True,False,6,Low,89
4644,LeetCode,24.8,3.7,2111,Hard,No,Biweekly,Freemium,2010,True,False,4,Low,91
4645,LeetCode,6.6,4.9,1071,Easy,No,Biweekly,Free,2020,False,True,6,High,87
4646,Codeforces,7.9,4.7,1718,Medium,No,Biweekly,Free,2008,False,True,6,Medium,85
4647,CodeChef,9.8,4.6,3526,Hard,No,Biweekly,Paid,2007,False,True,1,Low,74
4648,Codeforces,16.0,4.3,2917,Hard,Yes,Occasionally,Free,2022,True,False,6,Medium,97
4649,Codeforces,24.5,4.0,3591,Varied,Yes,Occasionally,Free,2021,True,True,3,Medium,106
4650,CodeChef,22.4,4.2,2850,Hard,Yes,Weekly,Free,2015,False,True,5,Medium,112
4651,Codeforces,3.1,3.7,1619,Easy,Yes,Occasionally,Paid,2008,False,True,4,Medium,72
4652,HackerRank,25.6,3.6,3417,Medium,Yes,Occasionally,Free,2007,False,True,6,Low,107
4653,HackerRank,11.1,3.7,1589,Medium,No,Biweekly,Paid,2013,False,True,4,High,77
4654,HackerRank,19.6,4.1,2728,Varied,No,Occasionally,Freemium,2009,True,True,10,High,107
4655,HackerRank,25.5,4.3,3248,Medium,Limited,Occasionally,Free,2010,True,True,8,High,117
4656,Codeforces,12.9,4.3,617,Easy,Limited,Biweekly,Free,2014,False,True,6,Medium,93
4657,CodeChef,8.8,4.8,654,Varied,No,Occasionally,Free,2020,True,True,9,Medium,92
4658,HackerRank,9.6,4.9,3972,Easy,No,Biweekly,Freemium,2011,False,True,5,Low,87
4659,LeetCode,11.4,4.3,1009,Medium,No,Monthly,Free,2012,False,False,10,Low,86
4660,Codeforces,22.3,3.6,2240,Hard,Limited,Biweekly,Free,2008,True,True,10,Medium,108
4661,Codeforces,4.6,4.4,870,Medium,Yes,Occasionally,Free,2018,False,True,3,High,82
4662,HackerRank,18.1,4.2,2909,Medium,No,Occasionally,Paid,2005,False,True,6,Low,91
4663,LeetCode,3.8,3.5,1605,Easy,No,Biweekly,Free,2007,False,False,2,Medium,54
4664,CodeChef,11.7,4.0,516,Medium,Limited,Occasionally,Paid,2016,False,True,9,Low,91
4665,HackerRank,1.6,3.5,2212,Easy,Yes,Weekly,Paid,2005,True,True,8,Low,76
4666,HackerRank,7.1,4.9,1911,Medium,Yes,Monthly,Paid,2017,True,False,3,Low,81
4667,LeetCode,15.4,4.6,856,Varied,Yes,Monthly,Paid,2015,False,False,6,High,100
4668,Codeforces,14.7,4.4,1136,Easy,Yes,Biweekly,Free,2006,True,True,1,High,94
4669,LeetCode,18.2,4.0,2025,Medium,Limited,Monthly,Paid,2019,True,False,1,High,83
4670,Codeforces,11.7,4.6,511,Easy,Yes,Biweekly,Free,2022,False,True,8,Medium,104
4671,CodeChef,16.4,3.8,3690,Easy,No,Weekly,Free,2012,True,True,9,Low,95
4672,Codeforces,17.6,3.6,928,Hard,No,Occasionally,Paid,2015,False,False,6,Medium,81
4673,CodeChef,22.1,3.9,1216,Medium,Limited,Weekly,Freemium,2020,False,True,2,Medium,99
4674,HackerRank,26.4,4.9,929,Easy,Limited,Weekly,Free,2008,False,True,1,Low,110
4675,HackerRank,27.4,4.4,1926,Hard,No,Monthly,Paid,2016,False,False,9,Low,108
4676,LeetCode,10.2,4.6,1040,Medium,Yes,Occasionally,Free,2009,False,True,8,Low,98
4677,HackerRank,16.1,3.7,1683,Varied,Yes,Occasionally,Free,2020,True,True,2,High,90
4678,Codeforces,23.5,4.4,2577,Hard,Yes,Biweekly,Freemium,2017,True,True,4,Medium,113
4679,CodeChef,27.8,3.7,1235,Varied,No,Monthly,Paid,2013,False,True,8,Low,105
4680,LeetCode,20.5,4.5,1536,Hard,Yes,Biweekly,Paid,2015,False,True,8,Medium,115
4681,HackerRank,6.8,4.7,2666,Varied,No,Weekly,Paid,2012,True,True,9,High,92
4682,HackerRank,17.4,3.8,2716,Varied,No,Weekly,Paid,2015,True,False,9,High,94
4683,HackerRank,13.6,4.5,685,Easy,Limited,Biweekly,Paid,2021,True,False,10,Low,96
4684,LeetCode,4.6,3.5,3573,Easy,Yes,Monthly,Freemium,2011,True,True,1,High,71
4685,HackerRank,12.6,4.8,2184,Medium,Yes,Monthly,Free,2011,False,False,3,Low,89
4686,HackerRank,10.4,3.6,2446,Easy,Yes,Occasionally,Freemium,2007,True,False,2,Medium,76
4687,Codeforces,2.8,3.9,3134,Varied,No,Monthly,Free,2012,False,False,1,Low,51
4688,HackerRank,1.0,4.4,1509,Varied,Yes,Occasionally,Free,2013,True,False,7,High,80
4689,HackerRank,14.7,4.5,3387,Hard,Limited,Occasionally,Paid,2012,True,False,3,Low,83
4690,CodeChef,9.0,4.0,2807,Easy,Yes,Monthly,Paid,2018,True,True,4,High,86
4691,Codeforces,19.6,4.2,2523,Hard,No,Weekly,Paid,2011,True,True,3,Low,90
4692,HackerRank,8.4,4.8,2397,Medium,No,Occasionally,Free,2016,True,False,1,Medium,71
4693,HackerRank,30.0,4.8,2669,Varied,No,Occasionally,Paid,2018,True,False,5,Medium,110
4694,LeetCode,29.4,4.2,811,Easy,Yes,Weekly,Paid,2020,False,False,4,Low,112
4695,LeetCode,12.1,4.8,654,Hard,No,Weekly,Paid,2011,False,True,10,High,103
4696,HackerRank,14.6,3.9,1795,Varied,Limited,Occasionally,Paid,2021,True,True,2,High,84
4697,HackerRank,23.6,3.8,578,Easy,Limited,Monthly,Paid,2015,False,False,9,Medium,103
4698,Codeforces,28.1,3.8,961,Varied,Limited,Weekly,Free,2016,True,False,2,Medium,100
4699,Codeforces,17.4,3.8,2410,Varied,No,Biweekly,Freemium,2020,True,False,8,Low,89
4700,Codeforces,14.4,3.8,2265,Hard,Limited,Biweekly,Free,2017,True,False,9,High,94
4701,HackerRank,11.4,4.3,3080,Varied,No,Biweekly,Freemium,2020,False,True,4,Low,82
4702,Codeforces,27.5,3.8,2559,Easy,No,Biweekly,Freemium,2019,True,True,6,High,109
4703,HackerRank,17.7,3.9,2224,Hard,Yes,Occasionally,Paid,2018,False,False,1,Medium,85
4704,HackerRank,19.7,4.7,2414,Easy,No,Monthly,Freemium,2022,False,True,6,High,106
4705,HackerRank,4.4,4.3,1576,Easy,Limited,Occasionally,Freemium,2009,False,False,1,Medium,67
4706,LeetCode,9.7,4.7,2080,Easy,No,Biweekly,Freemium,2013,False,False,4,Low,79
4707,LeetCode,20.8,3.8,1401,Medium,Yes,Biweekly,Free,2008,False,False,2,Low,90
4708,HackerRank,24.7,4.5,2914,Medium,Yes,Biweekly,Paid,2013,True,False,5,High,112
4709,CodeChef,12.6,3.8,1187,Easy,Yes,Weekly,Freemium,2019,True,True,8,High,103
4710,Codeforces,26.2,3.6,3226,Medium,Limited,Occasionally,Free,2006,False,True,1,Low,93
4711,Codeforces,21.5,4.9,3215,Varied,Limited,Monthly,Free,2011,False,True,9,High,119
4712,CodeChef,23.2,5.0,1187,Easy,Limited,Monthly,Paid,2006,False,True,2,High,108
4713,HackerRank,17.8,4.5,2616,Medium,Yes,Monthly,Freemium,2014,False,True,1,Medium,99
4714,LeetCode,8.6,4.3,657,Medium,No,Occasionally,Free,2014,True,True,6,High,83
4715,LeetCode,8.8,3.8,871,Varied,Yes,Biweekly,Free,2018,False,False,6,Low,80
4716,Codeforces,9.0,4.0,3142,Varied,No,Biweekly,Paid,2009,True,False,6,High,76
4717,CodeChef,24.5,4.6,2786,Medium,No,Weekly,Freemium,2013,True,False,9,High,116
4718,HackerRank,20.5,4.2,3439,Hard,Limited,Monthly,Free,2020,False,True,1,Low,91
4719,CodeChef,28.6,4.2,1023,Varied,Limited,Occasionally,Free,2015,True,True,5,Low,111
4720,CodeChef,27.2,4.0,1457,Varied,Yes,Weekly,Freemium,2009,False,True,10,Low,127
4721,HackerRank,22.4,3.6,1656,Easy,Yes,Weekly,Freemium,2005,False,True,7,Medium,112
4722,Codeforces,28.8,4.4,3208,Hard,Limited,Monthly,Free,2011,False,False,7,High,116
4723,Codeforces,10.7,3.8,2643,Hard,Limited,Monthly,Paid,2014,False,True,7,Medium,85
4724,Codeforces,21.9,4.7,2977,Varied,No,Biweekly,Paid,2012,False,False,3,High,96
4725,HackerRank,5.2,4.1,778,Medium,No,Weekly,Freemium,2011,True,True,3,Medium,73
4726,LeetCode,27.5,3.6,3336,Varied,Yes,Monthly,Freemium,2011,False,True,4,Medium,110
4727,CodeChef,5.1,3.6,3362,Medium,Limited,Biweekly,Freemium,2012,True,True,9,Low,81
4728,Codeforces,18.0,4.7,3869,Medium,Yes,Weekly,Paid,2015,True,False,8,High,112
4729,Codeforces,17.0,4.6,2942,Easy,Yes,Biweekly,Freemium,2012,True,True,8,High,116
4730,Codeforces,8.2,3.8,1676,Hard,Yes,Occasionally,Paid,2017,False,True,9,High,92
4731,LeetCode,1.7,4.0,3008,Varied,Yes,Weekly,Freemium,2013,True,True,6,Low,81
4732,CodeChef,12.5,4.3,650,Hard,No,Occasionally,Free,2020,True,False,8,High,88
4733,Codeforces,26.9,3.5,2940,Varied,No,Biweekly,Freemium,2015,True,False,6,High,100
4734,CodeChef,25.8,4.0,2757,Easy,Limited,Weekly,Free,2016,True,True,5,Medium,110
4735,CodeChef,20.0,3.6,2821,Medium,No,Monthly,Freemium,2007,False,False,8,Low,90
4736,HackerRank,13.3,4.2,2649,Easy,Yes,Weekly,Freemium,2010,True,True,5,High,102
4737,Codeforces,17.7,4.8,1248,Hard,No,Monthly,Free,2007,False,True,2,High,94
4738,Codeforces,13.5,3.8,3236,Varied,Yes,Occasionally,Paid,2018,False,True,3,Medium,86
4739,Codeforces,6.4,4.7,730,Hard,Limited,Weekly,Paid,2009,True,False,7,High,88
4740,CodeChef,8.8,4.2,1319,Medium,Limited,Monthly,Paid,2008,True,True,9,Low,88
4741,Codeforces,28.8,5.0,3882,Varied,Yes,Weekly,Free,2020,False,False,7,Medium,128
4742,LeetCode,1.4,3.8,2980,Varied,No,Occasionally,Freemium,2006,True,False,5,Low,58
4743,LeetCode,2.6,4.4,1399,Hard,Limited,Weekly,Paid,2021,False,False,10,Low,81
4744,LeetCode,16.5,4.8,2670,Medium,Yes,Weekly,Freemium,2007,False,False,3,Low,100
4745,HackerRank,15.3,4.5,3694,Varied,No,Monthly,Free,2007,True,False,7,Medium,90
4746,Codeforces,19.0,4.6,3776,Easy,Yes,Occasionally,Free,2016,True,True,10,Medium,118
4747,CodeChef,14.4,4.1,826,Easy,No,Occasionally,Free,2013,False,True,9,Low,92
4748,Codeforces,23.0,4.2,2635,Easy,No,Occasionally,Freemium,2010,True,True,3,Low,96
4749,LeetCode,4.3,4.1,3874,Hard,Limited,Occasionally,Paid,2016,False,True,3,Medium,70
4750,Codeforces,20.8,4.3,1125,Hard,Yes,Occasionally,Freemium,2019,False,True,3,High,107
4751,LeetCode,6.5,4.7,3841,Medium,Limited,Biweekly,Free,2021,False,True,6,Low,86
4752,LeetCode,1.0,4.7,1786,Medium,Limited,Biweekly,Free,2021,True,True,9,Medium,86
4753,LeetCode,6.6,4.6,1528,Hard,Yes,Weekly,Paid,2019,False,False,3,Medium,82
4754,LeetCode,29.5,4.2,543,Hard,Yes,Biweekly,Freemium,2010,True,False,8,High,125
4755,LeetCode,2.6,4.2,3601,Hard,No,Biweekly,Paid,2005,True,True,6,Medium,71
4756,Codeforces,26.9,3.6,2917,Hard,Yes,Monthly,Paid,2010,True,True,5,Medium,108
4757,HackerRank,20.6,4.4,1386,Hard,Yes,Monthly,Freemium,2018,True,True,3,Medium,106
4758,HackerRank,11.9,4.0,2845,Easy,Yes,Biweekly,Paid,2015,True,False,3,High,84
4759,Codeforces,5.9,4.3,1933,Hard,Yes,Weekly,Paid,2007,True,False,6,Medium,84
4760,Codeforces,4.6,3.9,2831,Varied,Yes,Occasionally,Freemium,2005,False,False,6,High,80
4761,CodeChef,17.0,3.8,1163,Hard,Limited,Weekly,Freemium,2005,True,False,8,High,100
4762,LeetCode,23.0,4.2,1897,Medium,Yes,Weekly,Freemium,2008,True,False,2,Medium,104
4763,LeetCode,21.6,4.1,876,Medium,Limited,Monthly,Freemium,2014,False,False,10,Low,106
4764,LeetCode,15.4,4.2,1553,Medium,No,Monthly,Paid,2015,False,False,10,Medium,92
4765,HackerRank,4.5,4.2,2251,Varied,Yes,Monthly,Paid,2011,True,True,9,Medium,89
4766,HackerRank,14.5,3.7,2736,Easy,Limited,Monthly,Free,2013,False,False,6,Low,82
4767,LeetCode,8.0,3.8,2992,Hard,No,Biweekly,Freemium,2013,False,False,4,Medium,69
4768,LeetCode,24.3,3.8,1487,Varied,Limited,Occasionally,Freemium,2017,False,True,7,High,110
4769,Codeforces,12.2,3.9,1409,Medium,Yes,Biweekly,Free,2015,True,True,5,Low,89
4770,CodeChef,4.2,4.6,3382,Hard,Yes,Weekly,Paid,2015,False,False,8,High,90
4771,Codeforces,19.8,3.6,3474,Easy,No,Monthly,Free,2014,False,True,1,High,83
4772,LeetCode,21.5,3.7,1594,Varied,No,Occasionally,Paid,2010,True,True,9,High,101
4773,HackerRank,6.4,4.3,2064,Medium,Limited,Monthly,Freemium,2020,True,False,10,Medium,88
4774,CodeChef,17.4,4.1,616,Hard,Limited,Occasionally,Free,2009,True,True,1,Medium,87
4775,Codeforces,2.0,3.6,3536,Varied,Limited,Biweekly,Free,2014,True,False,5,Medium,63
4776,Codeforces,2.3,3.9,642,Hard,No,Biweekly,Paid,2015,True,False,9,Medium,68
4777,Codeforces,1.5,3.6,1842,Hard,Limited,Occasionally,Free,2017,False,True,10,Medium,76
4778,Codeforces,17.2,4.5,960,Easy,Yes,Weekly,Freemium,2022,False,False,7,High,110
4779,CodeChef,23.1,4.2,1957,Medium,Yes,Weekly,Free,2005,True,True,1,Low,103
4780,CodeChef,25.6,4.7,3691,Easy,Yes,Biweekly,Freemium,2010,True,False,1,High,110
4781,CodeChef,3.9,4.0,1343,Easy,Limited,Occasionally,Free,2016,False,True,3,High,72
4782,HackerRank,25.2,4.7,3196,Easy,Yes,Monthly,Freemium,2014,True,True,8,High,128
4783,Codeforces,27.9,3.7,1184,Easy,No,Monthly,Paid,2017,True,False,5,Medium,96
4784,Codeforces,3.0,4.7,3919,Medium,Limited,Biweekly,Free,2018,True,True,10,Low,88
4785,CodeChef,21.8,4.3,3649,Medium,No,Monthly,Free,2013,False,False,8,High,102
4786,LeetCode,25.6,4.9,864,Varied,Limited,Weekly,Free,2018,False,False,4,High,113
4787,CodeChef,19.4,4.4,963,Hard,Yes,Weekly,Freemium,2020,False,True,1,High,105
4788,CodeChef,12.5,4.0,861,Medium,Yes,Biweekly,Freemium,2016,False,True,9,Medium,103
4789,LeetCode,29.4,3.8,3360,Easy,Yes,Biweekly,Freemium,2006,False,False,1,Low,103
4790,Codeforces,29.4,4.8,2802,Easy,Yes,Biweekly,Paid,2013,True,False,7,Low,122
4791,Codeforces,20.6,4.1,1993,Varied,No,Biweekly,Paid,2010,False,False,8,Medium,96
4792,Codeforces,3.4,4.7,3031,Easy,Yes,Biweekly,Freemium,2012,False,True,9,Low,94
4793,CodeChef,7.8,4.1,3984,Medium,No,Weekly,Paid,2021,True,False,9,Medium,81
4794,HackerRank,25.5,4.9,2516,Hard,Limited,Biweekly,Freemium,2022,True,True,4,Low,114
4795,HackerRank,12.1,4.9,1594,Medium,Limited,Monthly,Freemium,2011,True,False,1,Low,82
4796,Codeforces,16.6,4.3,1250,Medium,Limited,Weekly,Paid,2021,True,False,6,Medium,95
4797,LeetCode,1.5,4.1,1314,Hard,Yes,Monthly,Free,2005,False,True,10,Medium,86
4798,HackerRank,27.8,3.5,3759,Hard,Yes,Occasionally,Paid,2021,True,False,7,High,110
4799,CodeChef,27.0,3.6,3243,Hard,No,Biweekly,Freemium,2022,False,True,1,Low,92
4800,HackerRank,24.2,4.3,3078,Medium,Limited,Biweekly,Paid,2011,False,True,1,Medium,99
4801,HackerRank,4.5,4.0,3599,Medium,Yes,Weekly,Freemium,2018,False,False,6,High,84
4802,LeetCode,20.2,5.0,3295,Varied,Yes,Occasionally,Paid,2014,False,False,8,High,115
4803,LeetCode,25.4,3.7,1898,Varied,No,Monthly,Free,2016,True,True,1,High,92
4804,CodeChef,4.4,3.7,2238,Medium,Yes,Occasionally,Free,2015,False,False,8,Medium,78
4805,LeetCode,17.8,4.3,3516,Medium,Yes,Monthly,Freemium,2015,True,True,1,High,99
4806,Codeforces,25.7,3.9,3558,Medium,Limited,Biweekly,Freemium,2011,False,True,10,High,121
4807,HackerRank,19.0,3.8,1726,Easy,No,Biweekly,Paid,2018,False,True,4,Medium,88
4808,Codeforces,9.1,4.7,3374,Easy,Limited,Biweekly,Free,2011,False,True,1,Low,80
4809,HackerRank,8.7,4.2,1263,Medium,No,Occasionally,Freemium,2021,False,True,8,Low,84
4810,HackerRank,6.4,3.5,3119,Hard,Yes,Weekly,Freemium,2022,False,True,9,Low,89
4811,CodeChef,5.1,3.9,1559,Varied,Limited,Weekly,Paid,2006,False,True,1,Low,67
4812,LeetCode,21.0,3.8,1826,Varied,Limited,Biweekly,Paid,2006,True,False,5,Low,90
4813,Codeforces,28.2,3.9,3713,Easy,Limited,Occasionally,Paid,2013,False,False,3,High,101
4814,Codeforces,6.5,4.5,1901,Easy,Limited,Weekly,Paid,2010,False,False,7,Medium,84
4815,HackerRank,10.0,4.3,3472,Medium,No,Monthly,Freemium,2017,False,False,4,Medium,76
4816,HackerRank,4.8,4.7,786,Hard,Limited,Occasionally,Paid,2013,True,False,9,Medium,84
4817,LeetCode,18.1,4.6,585,Medium,Limited,Monthly,Free,2008,False,False,5,High,98
4818,Codeforces,9.9,3.5,2542,Hard,No,Monthly,Paid,2010,False,False,9,Medium,75
4819,LeetCode,3.2,3.7,3573,Hard,No,Occasionally,Free,2016,True,True,10,Low,73
4820,HackerRank,13.6,4.8,2173,Medium,Limited,Monthly,Free,2010,True,True,1,Medium,88
4821,Codeforces,27.7,4.8,1984,Medium,Yes,Weekly,Paid,2014,False,True,8,High,133
4822,CodeChef,25.8,4.8,3041,Varied,No,Monthly,Paid,2016,False,False,10,Medium,114
4823,CodeChef,20.4,4.5,544,Hard,Limited,Weekly,Free,2014,False,False,10,Medium,112
4824,Codeforces,26.3,4.6,1606,Varied,Yes,Monthly,Freemium,2021,False,True,5,High,122
4825,HackerRank,3.6,4.6,3774,Easy,No,Monthly,Freemium,2009,False,True,3,Medium,72
4826,Codeforces,9.9,4.0,1701,Medium,Limited,Occasionally,Free,2011,False,False,7,Medium,82
4827,CodeChef,12.8,3.7,3060,Easy,Limited,Monthly,Freemium,2016,True,False,10,Low,89
4828,LeetCode,26.1,4.3,2843,Hard,Limited,Occasionally,Paid,2007,True,True,8,High,117
4829,LeetCode,23.9,4.2,1042,Hard,No,Biweekly,Paid,2022,False,False,4,High,96
4830,Codeforces,17.2,4.2,3594,Varied,No,Monthly,Free,2007,False,False,9,High,96
4831,Codeforces,26.1,4.6,1167,Easy,Yes,Occasionally,Paid,2018,False,False,4,Medium,110
4832,HackerRank,10.4,3.9,3110,Hard,Limited,Weekly,Freemium,2021,True,True,9,Low,94
4833,Codeforces,27.6,4.1,1571,Easy,No,Occasionally,Freemium,2011,True,True,10,Medium,117
4834,LeetCode,18.9,4.3,3722,Hard,Limited,Monthly,Free,2010,False,False,4,Low,90
4835,LeetCode,17.9,4.5,3711,Easy,Yes,Weekly,Paid,2007,True,False,7,Low,104
4836,Codeforces,8.4,3.6,2119,Hard,Limited,Biweekly,Paid,2022,True,True,4,Low,73
4837,HackerRank,25.5,3.7,3858,Hard,Limited,Weekly,Free,2014,False,True,2,Medium,100
4838,Codeforces,17.3,3.8,2017,Medium,Limited,Occasionally,Paid,2018,True,False,9,Low,92
4839,Codeforces,25.5,4.3,3138,Easy,Yes,Occasionally,Paid,2007,False,False,4,Low,104
4840,CodeChef,26.2,3.9,1214,Easy,Limited,Biweekly,Free,2012,True,False,5,Medium,102
4841,LeetCode,3.3,4.3,2291,Easy,No,Occasionally,Freemium,2016,True,False,7,Medium,72
4842,CodeChef,4.6,4.3,3789,Varied,Yes,Biweekly,Free,2017,True,False,8,Low,83
4843,HackerRank,16.7,3.5,857,Medium,Limited,Weekly,Freemium,2021,False,False,4,Low,84
4844,CodeChef,22.5,3.8,1185,Varied,Limited,Occasionally,Freemium,2018,True,False,7,Medium,101
4845,HackerRank,23.1,4.6,956,Medium,No,Weekly,Freemium,2006,False,False,1,Low,94
4846,HackerRank,7.2,4.1,2481,Hard,Yes,Biweekly,Paid,2014,False,True,9,Low,91
4847,CodeChef,23.4,3.9,3917,Varied,No,Weekly,Freemium,2010,False,False,10,Low,105
4848,LeetCode,24.9,3.9,1576,Easy,No,Occasionally,Paid,2021,False,True,10,Low,106
4849,Codeforces,26.3,3.6,2737,Varied,Limited,Monthly,Freemium,2007,False,False,7,Medium,104
4850,CodeChef,26.9,4.7,746,Varied,No,Weekly,Freemium,2018,True,True,6,High,119
4851,CodeChef,21.2,4.4,3713,Medium,Yes,Monthly,Paid,2013,True,True,6,Low,108
4852,LeetCode,2.2,4.0,2740,Varied,No,Weekly,Free,2014,False,False,3,High,62
4853,HackerRank,23.3,4.0,539,Easy,No,Occasionally,Freemium,2013,False,False,3,Medium,91
4854,CodeChef,2.0,3.5,2103,Medium,No,Biweekly,Free,2015,True,True,7,Low,64
4855,Codeforces,12.2,4.4,2574,Easy,No,Weekly,Paid,2010,False,False,1,High,76
4856,Codeforces,11.1,3.9,1793,Varied,No,Occasionally,Freemium,2022,True,False,8,Low,80
4857,CodeChef,11.6,3.6,1787,Medium,Limited,Weekly,Freemium,2019,True,False,4,High,81
4858,Codeforces,25.2,3.7,997,Varied,Yes,Occasionally,Free,2020,False,True,3,Medium,104
4859,Codeforces,13.5,4.4,3669,Easy,No,Occasionally,Paid,2006,True,False,2,Low,73
4860,LeetCode,14.3,3.6,1367,Easy,Limited,Weekly,Freemium,2022,False,True,3,Low,84
4861,CodeChef,17.3,4.9,2146,Easy,Yes,Monthly,Free,2020,False,True,5,Medium,108
4862,CodeChef,11.2,4.3,3976,Hard,Limited,Occasionally,Free,2009,True,True,3,Low,82
4863,Codeforces,7.3,4.2,1739,Easy,Yes,Occasionally,Freemium,2009,True,False,5,High,85
4864,Codeforces,6.7,4.8,2976,Hard,Yes,Weekly,Paid,2005,True,True,2,Low,85
4865,LeetCode,15.9,3.9,1725,Medium,Limited,Biweekly,Freemium,2020,False,False,7,Medium,93
4866,CodeChef,14.4,4.0,2726,Medium,Yes,Biweekly,Paid,2014,True,False,6,Medium,92
4867,LeetCode,25.1,4.6,2978,Varied,No,Occasionally,Free,2008,True,False,8,High,110
4868,Codeforces,23.9,4.0,3156,Hard,Yes,Occasionally,Freemium,2014,False,False,8,Low,110
4869,CodeChef,29.0,4.5,1534,Hard,Limited,Biweekly,Free,2009,True,False,6,High,116
4870,LeetCode,19.7,4.6,1242,Varied,Limited,Occasionally,Paid,2006,False,True,2,Medium,97
4871,LeetCode,6.2,3.9,2425,Hard,No,Occasionally,Paid,2006,False,False,1,Low,55
4872,LeetCode,12.9,3.7,2590,Hard,No,Occasionally,Free,2012,False,False,10,Low,82
4873,CodeChef,20.5,3.6,3688,Easy,Yes,Biweekly,Free,2015,False,False,2,Low,88
4874,LeetCode,11.6,4.1,3555,Hard,Yes,Biweekly,Freemium,2007,False,False,1,Low,79
4875,LeetCode,27.6,4.5,3229,Medium,Yes,Biweekly,Free,2010,False,True,1,Medium,112
4876,CodeChef,14.3,3.5,2763,Varied,Limited,Biweekly,Paid,2006,True,False,10,Low,87
4877,LeetCode,9.0,5.0,2676,Hard,Yes,Occasionally,Free,2006,False,False,5,Low,90
4878,HackerRank,28.1,5.0,2050,Medium,Limited,Monthly,Freemium,2012,True,True,7,High,128
4879,LeetCode,15.6,4.9,1377,Hard,Yes,Biweekly,Freemium,2018,False,True,3,Medium,104
4880,LeetCode,20.0,3.7,2513,Easy,Yes,Occasionally,Freemium,2021,True,True,1,High,96
4881,LeetCode,10.1,4.6,2710,Hard,Limited,Biweekly,Paid,2009,False,False,7,Medium,88
4882,Codeforces,8.8,4.0,1070,Medium,No,Biweekly,Free,2017,True,False,1,High,66
4883,CodeChef,29.8,4.0,1623,Easy,Limited,Occasionally,Paid,2005,False,True,2,Medium,106
4884,Codeforces,6.2,4.0,1406,Easy,Yes,Monthly,Paid,2022,True,False,3,Medium,72
4885,CodeChef,3.3,3.9,1378,Varied,Yes,Occasionally,Freemium,2005,True,False,10,Low,82
4886,Codeforces,17.4,3.9,2111,Hard,Yes,Biweekly,Paid,2008,False,False,5,Low,91
4887,Codeforces,10.2,4.2,3524,Medium,Yes,Occasionally,Free,2022,False,True,1,High,84
4888,LeetCode,6.5,4.9,1612,Varied,Limited,Biweekly,Free,2020,True,False,8,Medium,89
4889,Codeforces,10.8,3.5,1930,Varied,Limited,Weekly,Paid,2016,True,False,8,Low,80
4890,LeetCode,25.9,4.9,1819,Medium,No,Weekly,Freemium,2010,True,True,4,Low,112
4891,LeetCode,2.9,4.2,1020,Varied,Limited,Biweekly,Paid,2016,False,True,5,Low,72
4892,CodeChef,12.0,3.6,1770,Medium,No,Weekly,Paid,2017,False,False,7,Low,76
4893,CodeChef,12.5,3.8,2980,Easy,Limited,Biweekly,Paid,2015,False,True,5,Low,83
4894,HackerRank,27.8,3.9,3502,Varied,Yes,Occasionally,Free,2022,False,False,10,Medium,119
4895,CodeChef,13.2,4.0,3407,Easy,No,Biweekly,Paid,2022,True,True,6,Low,83
4896,CodeChef,20.0,4.3,2899,Varied,No,Biweekly,Paid,2006,False,True,10,High,108
4897,Codeforces,17.7,4.1,3893,Varied,No,Monthly,Paid,2022,False,False,5,Low,83
4898,CodeChef,22.3,4.9,2737,Hard,Limited,Monthly,Freemium,2017,True,False,3,Medium,103
4899,Codeforces,26.4,3.9,2176,Medium,Limited,Biweekly,Freemium,2010,False,False,3,High,103
4900,Codeforces,25.1,4.8,3230,Easy,No,Occasionally,Freemium,2021,False,False,7,High,112
4901,Codeforces,2.6,3.6,3326,Hard,Limited,Monthly,Free,2011,True,True,9,Medium,76
4902,HackerRank,6.5,4.9,3992,Medium,Yes,Occasionally,Free,2020,False,False,8,High,95
4903,LeetCode,17.4,3.8,2959,Hard,Limited,Occasionally,Paid,2012,True,False,5,High,88
4904,HackerRank,7.3,3.9,1050,Easy,Yes,Weekly,Free,2010,False,True,2,Low,78
4905,CodeChef,4.1,4.7,2130,Hard,Yes,Occasionally,Freemium,2021,False,True,5,High,90
4906,HackerRank,12.3,4.0,2236,Medium,Yes,Weekly,Free,2007,True,True,8,Medium,100
4907,CodeChef,4.0,4.2,1205,Medium,Yes,Biweekly,Freemium,2007,False,False,7,Medium,83
4908,CodeChef,17.5,4.0,3614,Varied,Limited,Biweekly,Paid,2007,False,False,8,Medium,95
4909,CodeChef,17.0,4.8,3664,Varied,Yes,Monthly,Freemium,2008,False,False,2,Medium,98
4910,Codeforces,5.1,4.3,3750,Varied,No,Monthly,Freemium,2012,False,True,1,Low,66
4911,CodeChef,23.9,4.5,1883,Hard,No,Monthly,Freemium,2021,False,True,8,High,114
4912,LeetCode,24.5,4.7,3019,Hard,Limited,Weekly,Free,2022,True,True,1,Medium,107
4913,CodeChef,24.9,4.6,3396,Varied,No,Monthly,Paid,2009,True,False,5,Low,98
4914,CodeChef,7.7,3.5,3536,Easy,Yes,Weekly,Paid,2021,False,False,9,Medium,85
4915,HackerRank,10.3,4.6,2757,Varied,Limited,Biweekly,Freemium,2016,False,False,3,Low,81
4916,CodeChef,29.1,4.6,552,Hard,No,Monthly,Free,2012,False,False,3,Medium,104
4917,LeetCode,20.9,4.8,963,Hard,No,Monthly,Free,2020,True,False,1,Low,87
4918,Codeforces,8.3,3.5,2053,Hard,Limited,Weekly,Free,2007,False,True,8,High,86
4919,HackerRank,3.7,4.2,3353,Hard,Limited,Weekly,Paid,2006,True,True,1,High,72
4920,CodeChef,15.9,4.4,1204,Easy,Yes,Biweekly,Paid,2015,False,False,9,Low,102
4921,Codeforces,22.3,4.7,1950,Medium,Yes,Occasionally,Paid,2016,True,False,6,Low,107
4922,LeetCode,23.8,4.0,3563,Medium,Limited,Weekly,Paid,2013,False,True,1,Low,96
4923,CodeChef,29.5,3.7,2431,Varied,Yes,Monthly,Paid,2020,True,True,10,Low,121
4924,Codeforces,2.8,4.8,1915,Easy,Yes,Monthly,Freemium,2010,True,False,1,Medium,74
4925,HackerRank,14.4,3.8,3553,Easy,No,Biweekly,Paid,2013,False,False,2,Medium,72
4926,LeetCode,26.3,4.9,3008,Medium,Limited,Biweekly,Free,2013,True,True,10,Medium,127
4927,HackerRank,17.2,4.8,3559,Hard,Yes,Occasionally,Free,2009,False,True,5,Medium,107
4928,Codeforces,11.2,3.9,637,Hard,No,Weekly,Freemium,2016,True,False,5,Low,77
4929,Codeforces,27.0,4.6,3755,Medium,No,Weekly,Free,2016,True,True,7,Low,114
4930,LeetCode,26.4,5.0,3707,Medium,Yes,Biweekly,Paid,2005,True,False,7,Medium,122
4931,HackerRank,25.1,4.4,3346,Easy,Yes,Monthly,Paid,2010,True,False,6,High,113
4932,Codeforces,23.3,4.5,3731,Hard,Yes,Biweekly,Paid,2008,False,False,8,Low,112
4933,HackerRank,5.2,5.0,2841,Easy,Yes,Biweekly,Paid,2022,False,True,9,Low,97
4934,HackerRank,19.3,5.0,935,Varied,Limited,Occasionally,Paid,2010,False,False,7,High,107
4935,HackerRank,19.0,4.7,3773,Medium,No,Monthly,Paid,2007,False,True,8,Low,102
4936,HackerRank,2.3,4.8,831,Varied,Yes,Weekly,Free,2014,False,False,4,High,82
4937,LeetCode,22.3,4.9,1868,Varied,Limited,Biweekly,Freemium,2013,False,True,3,Low,107
4938,Codeforces,17.0,4.9,2126,Medium,Yes,Biweekly,Freemium,2020,False,False,10,High,118
4939,Codeforces,4.6,3.8,2757,Hard,No,Monthly,Freemium,2010,True,True,10,Low,78
4940,HackerRank,26.2,4.5,1026,Medium,Yes,Occasionally,Free,2013,True,True,4,Low,113
4941,Codeforces,14.7,4.3,1334,Easy,Limited,Biweekly,Freemium,2020,True,False,4,Low,87
4942,HackerRank,5.9,4.3,1571,Hard,No,Weekly,Free,2019,False,True,7,High,84
4943,LeetCode,11.5,3.8,2496,Medium,Limited,Occasionally,Freemium,2017,True,True,7,High,91
4944,Codeforces,22.0,4.3,2882,Hard,Yes,Monthly,Free,2015,False,True,9,Medium,117
4945,HackerRank,15.2,4.6,1235,Easy,Limited,Biweekly,Paid,2021,False,False,9,Medium,100
4946,HackerRank,25.2,4.7,1528,Medium,Yes,Biweekly,Free,2012,True,True,8,Low,123
4947,LeetCode,4.0,4.4,1782,Easy,No,Monthly,Free,2007,False,False,6,High,72
4948,HackerRank,19.6,5.0,1414,Hard,Yes,Weekly,Freemium,2005,False,False,4,Low,108
4949,CodeChef,2.8,4.1,1782,Medium,No,Weekly,Freemium,2015,True,True,6,Medium,75
4950,LeetCode,2.2,4.8,3282,Hard,Limited,Monthly,Freemium,2021,True,False,2,Low,68
4951,CodeChef,9.6,4.2,978,Varied,Limited,Weekly,Free,2009,True,True,1,Low,77
4952,HackerRank,15.8,3.8,2334,Easy,Yes,Weekly,Free,2008,True,False,9,High,103
4953,Codeforces,7.0,4.2,558,Hard,Yes,Biweekly,Freemium,2013,False,True,7,High,94
4954,LeetCode,29.4,3.7,2542,Hard,No,Monthly,Paid,2021,True,False,3,Medium,94
4955,HackerRank,13.8,4.2,550,Easy,Yes,Biweekly,Paid,2009,False,True,1,High,90
4956,CodeChef,5.1,4.0,2144,Hard,No,Weekly,Free,2009,True,True,5,Medium,74
4957,Codeforces,2.2,5.0,2628,Hard,Limited,Weekly,Paid,2017,False,False,8,Medium,84
4958,Codeforces,3.9,3.7,1140,Hard,No,Weekly,Free,2016,True,True,7,Medium,73
4959,LeetCode,8.7,4.4,2571,Easy,No,Biweekly,Freemium,2012,False,False,1,Low,68
4960,HackerRank,24.3,4.7,906,Medium,Limited,Biweekly,Free,2014,True,False,5,High,109
4961,LeetCode,12.2,4.8,855,Medium,No,Weekly,Free,2016,True,False,10,Medium,97
4962,CodeChef,15.5,4.8,1261,Medium,Yes,Weekly,Paid,2008,True,True,3,Medium,102
4963,HackerRank,26.8,4.5,1050,Easy,Limited,Weekly,Freemium,2022,True,True,6,High,122
4964,LeetCode,29.8,4.6,1999,Hard,No,Weekly,Free,2022,True,False,8,High,120
4965,LeetCode,23.2,4.9,1906,Easy,No,Occasionally,Paid,2020,True,False,1,Medium,93
4966,LeetCode,2.9,4.0,1846,Easy,Limited,Occasionally,Paid,2021,False,False,6,High,70
4967,LeetCode,24.0,3.7,1354,Varied,Limited,Weekly,Free,2021,False,True,3,Low,98
4968,CodeChef,7.2,4.9,949,Easy,Yes,Weekly,Free,2007,True,False,2,High,87
4969,Codeforces,15.0,4.2,774,Medium,Yes,Occasionally,Free,2011,True,False,7,High,98
4970,CodeChef,29.2,4.2,1226,Varied,Yes,Occasionally,Paid,2015,True,False,3,Low,107
4971,HackerRank,5.3,3.8,1358,Easy,Limited,Weekly,Paid,2015,False,True,4,High,76
4972,LeetCode,23.8,4.4,2429,Easy,Limited,Biweekly,Free,2016,True,True,6,Medium,111
4973,LeetCode,17.3,3.6,2837,Varied,Yes,Occasionally,Free,2017,False,False,3,Medium,86
4974,CodeChef,24.8,3.6,1599,Hard,Yes,Weekly,Free,2007,True,True,10,High,121
4975,CodeChef,16.3,3.6,1005,Medium,Yes,Monthly,Freemium,2005,False,True,6,Medium,97
4976,Codeforces,26.5,4.0,733,Varied,Limited,Monthly,Paid,2017,True,False,5,Medium,102
4977,LeetCode,6.6,4.8,3966,Easy,Yes,Occasionally,Freemium,2022,True,True,10,Low,101
4978,LeetCode,24.6,4.2,1238,Varied,No,Biweekly,Free,2006,True,True,5,Medium,103
4979,CodeChef,22.3,4.2,2720,Easy,Limited,Monthly,Free,2010,False,False,9,Low,104
4980,CodeChef,24.0,3.7,2042,Hard,Limited,Occasionally,Paid,2013,True,True,1,Low,90
4981,CodeChef,21.5,4.8,595,Easy,Yes,Weekly,Freemium,2014,False,False,3,High,111
4982,LeetCode,21.4,3.5,1203,Easy,Limited,Monthly,Paid,2005,False,True,5,Low,92
4983,Codeforces,1.7,4.5,3748,Varied,Limited,Monthly,Paid,2015,False,False,4,Medium,68
4984,HackerRank,19.8,4.8,743,Varied,No,Occasionally,Paid,2009,True,True,1,Low,90
4985,CodeChef,16.3,3.8,3645,Medium,Yes,Monthly,Paid,2015,False,False,8,Low,93
4986,Codeforces,9.4,4.6,2433,Varied,Yes,Monthly,Paid,2022,False,True,9,Medium,100
4987,HackerRank,28.9,4.7,3933,Easy,Yes,Biweekly,Freemium,2009,True,False,9,Low,127
4988,HackerRank,23.5,4.4,1409,Hard,Yes,Weekly,Free,2019,True,True,8,High,123
4989,HackerRank,10.0,3.6,3451,Easy,No,Biweekly,Freemium,2020,True,True,7,Low,79
4990,Codeforces,25.1,4.8,3818,Hard,No,Biweekly,Freemium,2010,False,False,7,High,113
4991,HackerRank,18.8,3.6,871,Easy,No,Monthly,Freemium,2017,True,False,4,Low,80
4992,Codeforces,14.6,4.8,932,Medium,Yes,Weekly,Free,2016,False,False,2,High,97
4993,LeetCode,15.2,4.4,2287,Easy,Limited,Weekly,Free,2010,False,True,4,Medium,96
4994,Codeforces,4.5,4.4,2495,Easy,Yes,Occasionally,Paid,2021,True,True,2,Low,75
4995,LeetCode,15.8,4.9,3651,Easy,Limited,Occasionally,Freemium,2020,True,True,10,Medium,113
4996,LeetCode,7.3,3.8,3738,Medium,Limited,Weekly,Freemium,2017,False,True,6,Low,82
4997,HackerRank,13.6,4.2,951,Varied,No,Occasionally,Free,2008,True,False,4,Low,76
4998,Codeforces,15.3,4.1,2183,Hard,No,Biweekly,Freemium,2013,True,False,6,High,89
4999,Codeforces,26.7,4.4,2918,Medium,Limited,Occasionally,Freemium,2021,False,False,2,Medium,103
5000,HackerRank,17.9,4.2,2460,Medium,Limited,Occasionally,Free,2013,False,False,6,Medium,94
5001,HackerRank,4.7,3.8,1661,Varied,Yes,Occasionally,Paid,2006,True,True,6,Low,77
5002,HackerRank,19.6,3.8,2184,Medium,Limited,Weekly,Freemium,2017,True,False,10,Medium,105
5003,CodeChef,18.4,3.6,715,Hard,Limited,Occasionally,Freemium,2007,True,True,2,High,90
5004,LeetCode,4.5,4.7,2460,Easy,Limited,Monthly,Free,2010,True,False,8,Low,81
5005,LeetCode,18.1,4.6,3857,Varied,Limited,Weekly,Free,2013,False,False,8,Medium,105
5006,CodeChef,20.8,4.0,2485,Easy,Limited,Occasionally,Freemium,2006,True,False,2,Low,88
5007,LeetCode,21.5,4.1,3414,Medium,Yes,Weekly,Free,2019,True,False,8,Low,108
5008,CodeChef,21.5,4.7,3439,Medium,No,Weekly,Free,2008,True,False,4,High,100
5009,LeetCode,14.7,4.6,3444,Hard,Yes,Occasionally,Free,2012,True,False,8,Low,100
5010,LeetCode,19.2,4.8,3192,Hard,No,Weekly,Freemium,2006,False,True,4,Low,101
5011,CodeChef,17.0,3.7,1847,Easy,No,Weekly,Free,2020,False,True,3,Medium,84
5012,Codeforces,12.3,4.9,3132,Easy,Yes,Occasionally,Freemium,2012,False,True,7,High,108
5013,LeetCode,10.7,4.7,2381,Hard,No,Occasionally,Paid,2014,False,False,4,High,80
5014,HackerRank,20.8,4.9,2343,Varied,No,Occasionally,Free,2006,False,False,8,High,106
5015,LeetCode,9.7,4.7,2849,Medium,Limited,Monthly,Paid,2014,True,False,2,High,80
5016,Codeforces,7.3,4.7,3694,Easy,Limited,Monthly,Freemium,2013,True,False,7,Medium,87
5017,Codeforces,14.7,4.5,1827,Medium,Yes,Weekly,Free,2005,True,True,7,Medium,107
5018,LeetCode,28.5,4.8,3652,Varied,Yes,Occasionally,Paid,2015,True,True,7,Medium,127
5019,Codeforces,8.6,4.2,3762,Hard,No,Weekly,Freemium,2010,True,False,5,Medium,78
5020,CodeChef,21.2,4.1,3943,Easy,Yes,Monthly,Freemium,2010,False,False,1,High,97
5021,LeetCode,29.0,3.8,2650,Hard,No,Biweekly,Free,2009,True,False,7,Medium,104
5022,Codeforces,17.2,4.5,2872,Varied,Limited,Occasionally,Free,2008,True,False,1,Low,84
5023,Codeforces,18.5,4.3,3011,Medium,Limited,Monthly,Paid,2006,True,False,5,High,95
5024,CodeChef,13.2,4.0,560,Easy,Yes,Weekly,Free,2010,False,False,1,Medium,83
5025,LeetCode,27.2,5.0,775,Hard,Limited,Biweekly,Paid,2020,True,True,3,Low,113
5026,HackerRank,4.1,4.8,1276,Varied,Yes,Monthly,Free,2010,True,True,2,High,83
5027,Codeforces,7.7,4.5,3868,Easy,No,Occasionally,Paid,2014,True,False,5,Low,72
5028,LeetCode,4.0,4.8,3314,Medium,Yes,Weekly,Free,2005,True,False,6,Low,85
5029,HackerRank,3.8,4.0,2069,Medium,Limited,Occasionally,Freemium,2019,True,True,3,Low,70
5030,Codeforces,9.8,4.7,1566,Medium,Yes,Monthly,Paid,2018,False,False,10,Low,97
5031,Codeforces,26.8,4.6,734,Easy,Yes,Biweekly,Free,2007,True,True,1,Low,110
5032,CodeChef,6.1,4.5,2248,Varied,Yes,Biweekly,Free,2013,True,True,9,Medium,96
5033,HackerRank,8.3,4.8,2521,Medium,No,Occasionally,Paid,2005,False,True,8,Medium,88
5034,CodeChef,28.4,3.6,1476,Medium,No,Occasionally,Free,2017,True,False,1,Low,87
5035,HackerRank,10.3,4.9,2043,Medium,Limited,Monthly,Free,2005,False,False,3,Low,81
5036,Codeforces,3.4,4.2,652,Medium,Yes,Monthly,Free,2008,True,False,2,High,71
5037,Codeforces,3.1,4.7,3380,Varied,No,Biweekly,Freemium,2016,True,True,8,Medium,84
5038,HackerRank,21.1,4.3,1007,Varied,Limited,Biweekly,Free,2017,False,False,4,High,99
5039,LeetCode,29.2,4.2,3872,Medium,No,Monthly,Freemium,2013,False,False,7,Medium,110
5040,LeetCode,19.1,3.7,1254,Varied,No,Occasionally,Freemium,2007,False,False,6,Low,86
5041,Codeforces,24.0,3.6,940,Medium,Limited,Biweekly,Paid,2010,True,False,6,Medium,97
5042,HackerRank,1.2,4.9,2483,Hard,Limited,Occasionally,Free,2017,True,False,3,Medium,70
5043,HackerRank,6.1,4.5,2716,Easy,Yes,Biweekly,Freemium,2006,False,True,2,High,86
5044,HackerRank,8.4,4.6,804,Hard,Yes,Occasionally,Freemium,2007,True,False,8,Low,93
5045,LeetCode,26.1,4.1,3618,Medium,Limited,Biweekly,Paid,2022,True,True,10,Low,116
5046,LeetCode,27.4,4.8,3099,Medium,Limited,Biweekly,Free,2022,True,False,7,High,119
5047,Codeforces,26.4,3.7,2802,Varied,No,Biweekly,Freemium,2020,False,False,10,Medium,108
5048,CodeChef,1.7,4.4,2257,Easy,No,Biweekly,Free,2014,False,True,6,Low,71
5049,LeetCode,5.7,4.6,1268,Varied,Yes,Occasionally,Paid,2021,False,True,5,Low,85
5050,Codeforces,10.0,4.6,1457,Medium,Limited,Occasionally,Freemium,2016,False,False,8,High,94
5051,CodeChef,22.3,3.9,3374,Varied,Yes,Monthly,Freemium,2022,False,False,10,High,114
5052,Codeforces,15.6,5.0,1832,Varied,Limited,Occasionally,Paid,2019,True,True,10,High,112
5053,HackerRank,13.0,4.0,3409,Varied,No,Occasionally,Free,2009,False,True,1,Medium,74
5054,CodeChef,22.0,4.5,1891,Medium,No,Monthly,Free,2018,False,False,3,Low,90
5055,Codeforces,29.7,4.5,2722,Hard,No,Monthly,Free,2022,True,False,5,Medium,108
5056,CodeChef,9.9,3.9,1926,Medium,Yes,Weekly,Paid,2021,True,True,6,High,93
5057,Codeforces,2.7,4.7,3273,Easy,Yes,Monthly,Freemium,2008,False,False,10,High,93
5058,Codeforces,6.8,4.4,2387,Medium,Limited,Monthly,Paid,2006,True,True,7,High,87
5059,Codeforces,15.7,4.3,634,Varied,Yes,Occasionally,Freemium,2005,False,False,2,Medium,91
5060,HackerRank,27.0,3.7,1552,Medium,No,Biweekly,Free,2017,False,True,8,Low,106
5061,LeetCode,5.5,4.2,2183,Medium,Yes,Monthly,Freemium,2013,True,True,10,Medium,95
5062,HackerRank,17.9,3.9,2608,Easy,Limited,Weekly,Freemium,2005,True,False,3,High,92
5063,Codeforces,17.5,4.9,3224,Hard,No,Biweekly,Paid,2012,False,True,7,Medium,102
5064,LeetCode,10.7,4.4,663,Medium,No,Monthly,Free,2017,True,False,6,Low,78
5065,LeetCode,25.9,3.5,2423,Medium,Limited,Monthly,Freemium,2009,True,False,10,Medium,109
5066,HackerRank,5.0,3.5,1116,Easy,Yes,Occasionally,Paid,2011,False,True,10,Low,82
5067,HackerRank,21.4,3.7,949,Varied,No,Monthly,Free,2020,False,True,10,Low,100
5068,CodeChef,9.1,3.8,2043,Easy,Limited,Monthly,Freemium,2011,False,True,7,Low,84
5069,Codeforces,14.9,5.0,1961,Varied,Limited,Weekly,Paid,2021,False,False,1,Medium,89
5070,CodeChef,23.9,4.6,3007,Medium,Yes,Occasionally,Paid,2014,True,True,5,Low,112
5071,HackerRank,21.9,4.7,3267,Easy,No,Monthly,Freemium,2010,True,False,7,Low,102
5072,CodeChef,19.8,3.5,1719,Medium,No,Weekly,Free,2012,True,True,10,Medium,101
5073,LeetCode,5.0,4.6,3994,Hard,Limited,Monthly,Free,2018,True,False,4,High,76
5074,CodeChef,17.0,4.3,2709,Medium,No,Weekly,Freemium,2007,False,True,1,Medium,88
5075,HackerRank,3.2,3.7,3655,Hard,Limited,Monthly,Free,2021,True,True,2,Low,62
5076,Codeforces,11.4,3.9,1259,Hard,Limited,Biweekly,Free,2018,False,False,2,Low,72
5077,HackerRank,9.7,3.7,2633,Hard,Limited,Weekly,Paid,2021,True,False,3,Medium,73
5078,Codeforces,21.2,4.3,2628,Hard,Yes,Biweekly,Paid,2021,True,True,9,Medium,116
5079,HackerRank,17.8,4.6,1874,Hard,Yes,Occasionally,Paid,2021,True,False,1,Medium,92
5080,LeetCode,10.7,4.5,2942,Medium,Limited,Biweekly,Free,2019,False,False,1,Low,75
5081,CodeChef,26.9,3.5,983,Easy,No,Monthly,Free,2015,True,False,9,High,103
5082,CodeChef,28.2,3.7,2104,Varied,No,Biweekly,Free,2019,False,False,6,Medium,100
5083,LeetCode,15.2,4.9,2172,Varied,No,Biweekly,Free,2018,False,True,9,Low,102
5084,LeetCode,10.1,3.9,1473,Medium,Yes,Occasionally,Paid,2019,True,False,7,Low,83
5085,LeetCode,16.8,3.6,3753,Medium,Yes,Occasionally,Paid,2015,True,False,10,High,100
5086,CodeChef,17.8,3.6,3420,Hard,Yes,Weekly,Paid,2005,False,False,10,Low,101
5087,Codeforces,18.4,4.9,3018,Varied,No,Biweekly,Paid,2019,True,False,2,High,91
5088,CodeChef,11.6,4.6,3549,Hard,No,Monthly,Free,2010,False,False,9,Medium,89
5089,CodeChef,16.6,3.6,554,Easy,Yes,Biweekly,Free,2014,True,False,2,High,86
5090,CodeChef,24.1,4.7,3842,Medium,Yes,Monthly,Free,2013,True,True,8,High,124
5091,Codeforces,10.9,4.6,2264,Medium,Yes,Monthly,Paid,2015,False,False,1,Medium,81
5092,HackerRank,18.5,3.7,1848,Easy,Limited,Biweekly,Freemium,2017,True,True,2,Medium,90
5093,LeetCode,21.4,4.0,3450,Easy,Yes,Occasionally,Paid,2021,True,True,9,Low,110
5094,HackerRank,29.1,3.9,2695,Hard,No,Biweekly,Free,2019,False,False,2,Medium,96
5095,HackerRank,23.7,4.7,3043,Hard,Yes,Biweekly,Paid,2011,True,True,6,Medium,118
5096,LeetCode,26.8,3.6,2283,Easy,Limited,Biweekly,Free,2020,False,True,1,Low,95
5097,HackerRank,29.6,4.5,1501,Varied,Yes,Weekly,Freemium,2020,False,True,6,High,131
5098,HackerRank,7.5,3.6,1801,Varied,No,Occasionally,Paid,2010,False,True,1,Low,59
5099,CodeChef,27.1,3.5,2579,Medium,Yes,Biweekly,Free,2009,True,False,6,Low,105
5100,Codeforces,19.0,5.0,3082,Varied,Limited,Monthly,Freemium,2011,True,False,1,High,98
5101,LeetCode,9.3,4.0,3334,Varied,No,Monthly,Freemium,2009,False,True,1,Low,69
5102,LeetCode,25.5,3.8,1155,Varied,Yes,Weekly,Freemium,2010,False,True,2,Low,106
5103,Codeforces,20.4,4.9,2014,Varied,No,Monthly,Free,2010,True,True,7,High,109
5104,HackerRank,16.8,4.0,790,Easy,Limited,Monthly,Freemium,2021,True,False,4,Low,86
5105,CodeChef,11.9,3.8,905,Easy,Yes,Weekly,Freemium,2022,False,False,2,Medium,83
5106,CodeChef,29.2,4.5,3374,Hard,No,Weekly,Freemium,2005,True,False,7,Low,114
5107,LeetCode,7.4,4.4,3410,Easy,No,Monthly,Freemium,2008,False,True,1,Medium,72
5108,LeetCode,21.8,3.7,2994,Hard,Limited,Occasionally,Paid,2006,True,True,6,Medium,99
5109,CodeChef,10.7,4.5,728,Hard,Yes,Biweekly,Freemium,2021,False,True,3,High,95
5110,HackerRank,4.0,3.6,3043,Easy,Yes,Occasionally,Paid,2018,False,False,2,High,65
5111,HackerRank,4.8,4.5,849,Easy,Yes,Occasionally,Free,2018,True,False,8,Medium,86
5112,HackerRank,27.7,4.0,3430,Varied,Limited,Weekly,Paid,2019,True,False,2,High,103
5113,LeetCode,25.8,4.4,1276,Easy,No,Biweekly,Free,2015,True,True,2,Medium,101
5114,Codeforces,10.1,4.1,1290,Easy,Yes,Occasionally,Free,2021,True,False,9,Low,90
5115,Codeforces,8.2,3.6,3058,Varied,No,Biweekly,Freemium,2018,False,True,1,Low,64
5116,LeetCode,15.5,4.2,2463,Medium,Yes,Occasionally,Paid,2019,True,True,1,High,91
5117,Codeforces,12.6,3.8,1322,Medium,Yes,Monthly,Freemium,2010,True,False,6,Low,87
5118,Codeforces,16.0,3.6,3437,Easy,Limited,Weekly,Paid,2007,False,False,5,Medium,85
5119,LeetCode,21.5,3.8,3223,Medium,Yes,Occasionally,Free,2022,False,False,1,Low,88
5120,LeetCode,17.9,3.6,802,Easy,Yes,Monthly,Freemium,2009,False,True,1,High,92
5121,HackerRank,1.2,4.2,695,Medium,No,Occasionally,Paid,2016,True,True,1,Medium,58
5122,Codeforces,9.4,4.7,1030,Medium,Limited,Occasionally,Paid,2011,False,False,8,Medium,89
5123,Codeforces,3.1,4.6,1316,Easy,No,Occasionally,Freemium,2012,True,True,2,High,72
5124,LeetCode,6.4,4.6,2348,Medium,No,Occasionally,Paid,2016,True,True,8,Medium,84
5125,CodeChef,2.3,4.0,638,Easy,No,Monthly,Paid,2013,False,True,3,Low,59
5126,CodeChef,23.8,3.9,1853,Easy,No,Occasionally,Paid,2017,True,True,10,Low,105
5127,LeetCode,27.7,3.9,1412,Varied,Limited,Monthly,Freemium,2014,False,False,3,Medium,102
5128,CodeChef,26.5,4.3,1672,Hard,No,Monthly,Free,2008,True,False,6,Medium,103
5129,CodeChef,7.0,4.4,1432,Varied,No,Weekly,Paid,2007,True,False,5,High,76
5130,LeetCode,26.1,3.6,1797,Easy,Yes,Biweekly,Paid,2018,True,False,3,High,101
5131,CodeChef,10.7,4.9,1871,Easy,No,Monthly,Freemium,2017,False,False,5,Low,83
5132,LeetCode,20.5,4.7,1580,Varied,No,Weekly,Freemium,2020,False,False,5,Low,99
5133,Codeforces,5.9,4.5,3335,Medium,Limited,Weekly,Free,2015,True,True,1,Low,75
5134,LeetCode,16.8,4.0,1488,Easy,No,Monthly,Freemium,2016,True,False,8,Low,89
5135,Codeforces,16.3,4.8,2507,Hard,Limited,Biweekly,Free,2009,False,True,7,Medium,105
5136,HackerRank,25.3,5.0,1696,Hard,No,Monthly,Free,2009,True,False,7,High,112
5137,LeetCode,23.5,4.1,2258,Medium,No,Monthly,Freemium,2007,False,True,10,Medium,111
5138,CodeChef,26.5,4.8,2093,Varied,Limited,Monthly,Freemium,2022,False,False,5,Medium,113
5139,LeetCode,7.1,3.6,3983,Medium,No,Biweekly,Paid,2019,True,True,3,Low,64
5140,HackerRank,1.5,4.8,515,Easy,No,Monthly,Free,2010,True,True,9,Low,79
5141,HackerRank,22.5,4.8,1256,Medium,Yes,Occasionally,Freemium,2018,False,True,1,Low,107
5142,HackerRank,1.4,4.9,2163,Hard,Yes,Biweekly,Freemium,2013,True,False,3,Low,76
5143,HackerRank,19.4,4.1,2938,Varied,Limited,Weekly,Freemium,2008,True,False,6,Low,98
5144,HackerRank,1.8,4.3,3561,Hard,No,Biweekly,Paid,2017,False,True,1,Medium,61
5145,CodeChef,17.2,4.4,717,Hard,Limited,Monthly,Freemium,2013,False,True,2,High,96
5146,Codeforces,1.6,3.8,2236,Hard,No,Weekly,Freemium,2018,True,True,4,Medium,66
5147,Codeforces,22.3,4.1,2892,Hard,Yes,Biweekly,Free,2009,False,False,4,High,103
5148,CodeChef,26.0,3.5,2132,Medium,Yes,Occasionally,Free,2022,True,True,9,Medium,115
5149,LeetCode,19.3,4.3,3949,Medium,No,Occasionally,Free,2021,False,True,1,Medium,87
5150,HackerRank,9.8,3.5,1981,Medium,Yes,Monthly,Free,2013,False,False,1,Medium,70
5151,LeetCode,24.8,3.9,3708,Easy,Yes,Occasionally,Paid,2011,False,False,3,Medium,99
5152,LeetCode,25.7,4.6,1083,Varied,Yes,Biweekly,Freemium,2009,False,False,6,Low,116
5153,LeetCode,14.3,4.8,3793,Hard,No,Biweekly,Paid,2008,True,True,9,Medium,100
5154,CodeChef,8.0,3.9,1056,Medium,Yes,Monthly,Paid,2017,False,True,1,High,77
5155,CodeChef,10.7,4.5,997,Hard,Yes,Occasionally,Free,2016,False,False,9,Low,95
5156,LeetCode,8.9,4.2,2509,Hard,Limited,Biweekly,Freemium,2010,True,False,10,Medium,91
5157,HackerRank,29.6,4.9,2368,Easy,No,Weekly,Freemium,2009,True,False,10,Low,124
5158,CodeChef,27.6,3.8,2205,Easy,No,Biweekly,Paid,2008,False,False,3,Low,91
5159,LeetCode,26.4,4.2,523,Easy,No,Occasionally,Paid,2017,True,False,7,Low,101
5160,HackerRank,5.1,4.7,2777,Hard,Yes,Monthly,Paid,2005,False,False,6,High,86
5161,CodeChef,9.2,3.6,549,Easy,Yes,Monthly,Freemium,2009,True,False,8,Medium,86
5162,Codeforces,9.3,3.7,912,Varied,Limited,Biweekly,Freemium,2013,True,False,1,High,71
5163,CodeChef,13.6,3.7,2141,Easy,Limited,Biweekly,Free,2018,True,True,5,High,88
5164,LeetCode,28.6,5.0,3723,Medium,No,Biweekly,Free,2021,False,True,8,Medium,123
5165,CodeChef,24.4,4.8,2416,Easy,No,Biweekly,Paid,2007,False,True,7,High,114
5166,CodeChef,26.4,5.0,2744,Easy,Yes,Monthly,Paid,2022,True,True,4,High,122
5167,CodeChef,18.0,4.6,3441,Easy,Yes,Monthly,Freemium,2008,False,False,2,Medium,97
5168,LeetCode,14.8,4.4,2384,Varied,Yes,Monthly,Free,2011,False,True,2,Low,91
5169,Codeforces,22.6,3.9,3678,Easy,Yes,Weekly,Freemium,2017,False,True,7,Low,113
5170,Codeforces,4.8,3.6,1906,Varied,Limited,Occasionally,Paid,2019,True,False,2,High,61
5171,CodeChef,6.2,4.2,3001,Varied,No,Biweekly,Paid,2011,True,True,3,High,72
5172,CodeChef,2.3,3.9,3244,Easy,Limited,Monthly,Free,2011,True,True,1,Low,60
5173,LeetCode,10.9,4.9,1451,Hard,Yes,Occasionally,Freemium,2009,False,False,8,Medium,101
5174,CodeChef,23.4,5.0,1802,Varied,Limited,Weekly,Paid,2005,True,False,8,Medium,116
5175,LeetCode,18.5,4.1,1716,Hard,Limited,Biweekly,Paid,2006,False,True,9,Medium,105
5176,CodeChef,25.8,4.1,2310,Hard,Limited,Occasionally,Free,2006,True,False,3,Medium,99
5177,LeetCode,5.6,4.4,2105,Medium,Limited,Weekly,Paid,2007,True,True,8,Medium,88
5178,Codeforces,6.8,4.8,2023,Hard,Limited,Monthly,Free,2018,True,False,5,High,83
5179,LeetCode,24.3,4.2,2416,Easy,Limited,Monthly,Paid,2005,True,False,6,High,104
5180,LeetCode,14.2,4.7,2685,Varied,No,Monthly,Free,2020,True,False,3,Low,80
5181,CodeChef,14.7,5.0,1816,Varied,Yes,Monthly,Paid,2006,True,False,1,Medium,91
5182,HackerRank,21.5,4.6,1592,Varied,No,Occasionally,Freemium,2022,False,True,7,Low,105
5183,CodeChef,14.9,4.6,2559,Hard,No,Monthly,Paid,2016,True,True,9,Medium,98
5184,LeetCode,22.2,4.4,1478,Medium,Limited,Biweekly,Freemium,2020,False,False,7,High,109
5185,CodeChef,10.5,5.0,705,Hard,No,Biweekly,Paid,2014,True,False,9,Low,90
5186,HackerRank,12.6,4.2,2766,Varied,Limited,Monthly,Freemium,2010,False,False,4,Medium,84
5187,LeetCode,14.5,4.8,2889,Easy,Yes,Biweekly,Free,2015,False,True,9,High,114
5188,CodeChef,23.0,3.5,3639,Hard,Yes,Occasionally,Paid,2019,True,False,6,High,100
5189,CodeChef,18.6,4.9,3116,Hard,Yes,Occasionally,Free,2006,True,True,2,Low,102
5190,LeetCode,11.4,4.7,2270,Hard,No,Occasionally,Paid,2016,False,False,5,High,83
5191,LeetCode,2.7,4.8,2416,Medium,No,Monthly,Freemium,2015,False,True,10,High,89
5192,Codeforces,3.4,4.9,816,Medium,Limited,Biweekly,Paid,2008,True,False,5,High,79
5193,LeetCode,10.2,4.9,3402,Medium,Yes,Occasionally,Freemium,2020,True,False,3,Medium,90
5194,HackerRank,26.6,3.6,2993,Varied,Yes,Weekly,Paid,2014,False,True,1,Medium,103
5195,CodeChef,9.2,3.7,2405,Medium,Yes,Biweekly,Free,2022,False,True,2,Low,77
5196,Codeforces,18.8,4.7,2956,Hard,Limited,Biweekly,Free,2006,True,False,7,Low,101
5197,CodeChef,17.2,4.2,1985,Hard,Limited,Weekly,Paid,2016,False,False,2,Low,85
5198,HackerRank,11.5,4.0,3916,Varied,Limited,Occasionally,Free,2006,False,True,10,Medium,95
5199,HackerRank,10.6,4.8,1161,Medium,No,Occasionally,Free,2014,True,False,6,Low,82
5200,CodeChef,9.5,4.3,1053,Hard,Yes,Monthly,Paid,2010,False,True,4,Medium,87
5201,HackerRank,10.5,5.0,3369,Varied,No,Monthly,Freemium,2018,False,True,4,High,91
5202,HackerRank,15.5,3.6,2289,Medium,Limited,Monthly,Free,2012,False,True,5,High,89
5203,HackerRank,24.6,3.8,681,Hard,Limited,Monthly,Paid,2012,False,True,1,Medium,94
5204,LeetCode,5.7,5.0,2013,Varied,No,Biweekly,Paid,2016,True,False,9,Low,83
5205,LeetCode,5.1,4.5,1637,Varied,Limited,Biweekly,Paid,2005,False,False,4,Medium,74
5206,HackerRank,13.8,3.6,2153,Varied,No,Monthly,Paid,2008,False,True,4,Low,75
5207,LeetCode,3.9,4.6,2969,Medium,Limited,Biweekly,Free,2018,False,False,2,High,72
5208,CodeChef,16.8,4.9,2750,Medium,Limited,Monthly,Free,2016,True,True,6,Medium,104
5209,LeetCode,6.3,4.4,3916,Hard,Limited,Occasionally,Freemium,2018,True,False,9,Low,84
5210,Codeforces,13.0,4.9,3128,Varied,Limited,Biweekly,Paid,2011,False,False,6,Medium,94
5211,Codeforces,20.6,3.9,3975,Easy,Limited,Monthly,Free,2022,True,False,8,High,101
5212,Codeforces,13.2,4.0,1695,Easy,No,Biweekly,Free,2021,True,False,2,Medium,73
5213,LeetCode,6.7,3.7,1558,Hard,No,Weekly,Freemium,2011,False,False,2,Low,62
5214,LeetCode,1.2,4.6,3466,Varied,Limited,Biweekly,Free,2007,True,True,6,Medium,79
5215,CodeChef,16.7,4.3,2200,Easy,Limited,Weekly,Freemium,2013,True,True,10,High,113
5216,Codeforces,15.8,4.7,3914,Varied,Limited,Weekly,Freemium,2022,False,False,8,Medium,105
5217,LeetCode,19.7,3.9,2693,Medium,No,Biweekly,Freemium,2015,False,False,10,Low,98
5218,HackerRank,2.1,3.6,1536,Hard,Yes,Occasionally,Free,2009,False,False,4,Medium,65
5219,HackerRank,20.2,4.0,1638,Varied,No,Occasionally,Paid,2017,False,False,6,Low,87
5220,CodeChef,21.6,4.3,1549,Hard,Limited,Biweekly,Paid,2022,True,False,9,High,108
5221,Codeforces,25.6,4.6,3561,Varied,Yes,Biweekly,Free,2014,True,True,8,Low,122
5222,HackerRank,28.8,3.8,1250,Hard,Yes,Monthly,Free,2014,False,True,9,Low,120
5223,LeetCode,2.2,4.7,1256,Easy,Limited,Monthly,Freemium,2007,False,True,8,Low,84
5224,HackerRank,22.0,3.8,1747,Easy,Yes,Monthly,Freemium,2008,False,True,1,Medium,98
5225,LeetCode,20.6,4.6,2069,Easy,No,Biweekly,Freemium,2014,False,True,6,Low,103
5226,HackerRank,22.4,4.9,851,Varied,Limited,Occasionally,Freemium,2013,True,False,2,Medium,102
5227,Codeforces,17.6,3.6,1519,Varied,Limited,Occasionally,Paid,2009,True,True,10,High,101
5228,Codeforces,17.8,4.0,1799,Medium,Yes,Monthly,Free,2012,True,False,1,High,89
5229,Codeforces,13.3,4.7,633,Easy,No,Biweekly,Freemium,2005,False,False,4,Medium,86
5230,CodeChef,22.9,4.3,2308,Easy,No,Weekly,Paid,2021,True,True,5,High,104
5231,HackerRank,2.8,3.6,1394,Varied,No,Weekly,Paid,2020,True,True,3,Low,59
5232,LeetCode,1.2,4.6,3167,Easy,No,Biweekly,Free,2018,True,True,3,High,70
5233,LeetCode,8.3,4.8,2551,Hard,Limited,Monthly,Paid,2013,True,False,10,Low,90
5234,Codeforces,22.3,3.9,3393,Medium,Yes,Biweekly,Paid,2015,False,True,4,Low,101
5235,HackerRank,1.7,3.6,2349,Hard,Yes,Weekly,Paid,2009,True,True,8,High,82
5236,Codeforces,21.0,4.7,570,Easy,Yes,Monthly,Paid,2019,True,False,7,Low,108
5237,HackerRank,4.6,4.2,1851,Hard,Yes,Weekly,Free,2008,True,True,1,High,79
5238,HackerRank,22.1,4.9,583,Hard,No,Weekly,Free,2008,True,False,9,High,113
5239,Codeforces,17.4,3.7,3415,Varied,Yes,Biweekly,Freemium,2017,True,True,8,Low,103
5240,HackerRank,27.3,4.2,656,Varied,No,Occasionally,Free,2011,True,True,3,Medium,102
5241,LeetCode,27.7,4.7,1120,Hard,No,Biweekly,Paid,2012,False,False,9,High,117
5242,Codeforces,12.7,4.9,1067,Medium,Limited,Biweekly,Paid,2019,True,False,1,Low,81
5243,LeetCode,5.1,4.6,2869,Easy,Yes,Weekly,Paid,2006,False,True,7,Medium,93
5244,HackerRank,9.5,4.9,3005,Hard,No,Monthly,Free,2021,True,False,9,Low,87
5245,CodeChef,7.9,4.7,2539,Medium,Limited,Weekly,Paid,2011,False,True,9,High,99
5246,CodeChef,28.8,3.9,3774,Easy,Yes,Monthly,Free,2016,False,True,3,Low,109
5247,LeetCode,11.5,5.0,3009,Hard,No,Biweekly,Paid,2014,False,False,8,High,93
5248,CodeChef,12.9,4.8,1509,Easy,No,Occasionally,Freemium,2021,True,True,1,Medium,84
5249,HackerRank,9.3,5.0,739,Varied,No,Occasionally,Free,2013,False,True,3,Medium,83
5250,LeetCode,20.9,3.6,1824,Varied,No,Occasionally,Paid,2016,False,False,9,High,94
5251,LeetCode,18.5,4.3,2354,Easy,Yes,Biweekly,Paid,2016,True,False,2,Low,91
5252,LeetCode,28.0,4.7,1476,Medium,Limited,Occasionally,Freemium,2007,True,True,2,Medium,113
5253,HackerRank,23.5,5.0,2409,Medium,Limited,Occasionally,Free,2007,False,False,10,Medium,118
5254,CodeChef,3.7,4.8,1775,Varied,No,Occasionally,Paid,2007,True,True,4,Medium,74
5255,CodeChef,16.8,4.1,3676,Easy,Yes,Weekly,Paid,2011,False,False,8,Low,100
5256,Codeforces,20.2,4.6,3335,Medium,Yes,Monthly,Paid,2013,True,True,4,Medium,106
5257,CodeChef,21.0,4.9,2073,Hard,No,Monthly,Paid,2012,False,False,3,Medium,94
5258,LeetCode,21.9,4.0,623,Varied,Limited,Biweekly,Free,2019,True,True,3,Medium,98
5259,CodeChef,18.8,4.1,1118,Hard,Limited,Weekly,Freemium,2016,False,False,2,Medium,91
5260,LeetCode,14.8,4.0,748,Varied,No,Occasionally,Paid,2019,True,False,9,Low,85
5261,Codeforces,20.5,4.9,2780,Medium,No,Weekly,Freemium,2021,True,False,4,High,103
5262,HackerRank,20.2,4.3,3429,Hard,No,Occasionally,Paid,2015,True,True,6,Low,95
5263,HackerRank,4.8,3.9,1133,Medium,Yes,Weekly,Paid,2015,False,False,3,Medium,72
5264,HackerRank,20.2,4.6,2600,Medium,Limited,Weekly,Freemium,2006,False,True,6,Medium,111
5265,HackerRank,27.1,4.5,2643,Hard,Yes,Biweekly,Free,2011,True,False,9,High,125
5266,LeetCode,21.0,4.1,2577,Varied,Limited,Weekly,Paid,2014,True,False,1,Low,88
5267,LeetCode,9.8,4.0,3693,Easy,Yes,Occasionally,Free,2010,True,True,1,Medium,80
5268,CodeChef,3.7,4.3,1529,Easy,No,Weekly,Free,2012,True,False,9,Medium,78
5269,CodeChef,5.2,4.1,3444,Easy,Yes,Weekly,Freemium,2005,True,True,9,Medium,95
5270,LeetCode,13.6,4.7,2600,Varied,No,Weekly,Paid,2020,False,False,8,Medium,93
5271,Codeforces,20.8,4.9,1805,Medium,No,Weekly,Free,2014,True,False,7,High,107
5272,LeetCode,2.9,4.8,2092,Medium,No,Biweekly,Free,2006,True,True,5,Medium,76
5273,LeetCode,21.3,4.0,2933,Hard,Yes,Weekly,Freemium,2017,False,False,4,Medium,103
5274,Codeforces,10.5,4.2,3398,Varied,Limited,Occasionally,Freemium,2008,False,True,8,High,96
5275,HackerRank,12.3,4.9,2984,Easy,No,Monthly,Freemium,2008,True,False,3,Medium,83
5276,LeetCode,4.6,4.5,3777,Easy,No,Occasionally,Paid,2011,True,False,10,Medium,79
5277,LeetCode,9.6,3.6,1046,Varied,Yes,Biweekly,Freemium,2022,True,True,9,High,96
5278,HackerRank,19.3,3.9,1970,Easy,No,Weekly,Freemium,2005,True,False,2,Low,83
5279,Codeforces,23.9,4.8,1064,Varied,No,Biweekly,Free,2006,True,False,4,Medium,101
5280,LeetCode,21.3,3.8,1616,Easy,Limited,Monthly,Paid,2014,False,False,1,Low,82
5281,LeetCode,8.5,4.4,1389,Varied,No,Weekly,Paid,2012,False,False,6,Medium,79
5282,HackerRank,16.7,3.5,3857,Easy,Yes,Weekly,Paid,2014,True,True,7,Medium,99
5283,HackerRank,23.2,4.6,825,Medium,Limited,Biweekly,Freemium,2021,False,True,9,Low,118
5284,HackerRank,28.9,3.8,2323,Hard,Yes,Occasionally,Paid,2007,True,True,9,High,123
5285,HackerRank,26.5,4.4,3589,Hard,Yes,Weekly,Freemium,2019,True,False,9,Low,123
5286,Codeforces,8.6,4.2,1791,Varied,No,Occasionally,Free,2021,True,False,10,Medium,83
5287,HackerRank,18.9,4.4,1394,Medium,Limited,Weekly,Paid,2005,False,False,2,High,93
5288,CodeChef,8.3,4.9,2777,Hard,No,Occasionally,Free,2021,False,False,10,Medium,89
5289,CodeChef,29.1,3.5,3367,Medium,Yes,Monthly,Free,2012,True,False,6,High,111
5290,Codeforces,18.4,4.2,2064,Varied,No,Weekly,Paid,2011,False,False,8,Low,94
5291,LeetCode,27.1,4.5,3261,Hard,No,Occasionally,Free,2017,False,False,6,Low,104
5292,LeetCode,17.4,4.0,3760,Easy,Yes,Monthly,Freemium,2015,True,False,10,Low,104
5293,HackerRank,8.5,4.2,3095,Hard,Limited,Occasionally,Freemium,2007,False,False,8,Low,84
5294,CodeChef,20.4,3.8,1741,Varied,Limited,Monthly,Freemium,2022,False,True,9,Medium,107
5295,Codeforces,24.4,3.6,851,Medium,Limited,Weekly,Freemium,2012,True,False,2,Medium,95
5296,CodeChef,17.2,4.9,894,Medium,No,Monthly,Freemium,2014,True,True,1,Medium,92
5297,HackerRank,4.9,4.4,3590,Varied,Limited,Biweekly,Free,2018,True,False,7,High,81
5298,Codeforces,26.7,4.7,2979,Hard,Yes,Occasionally,Paid,2014,True,False,3,Low,108
5299,LeetCode,23.5,4.7,3991,Medium,No,Biweekly,Free,2010,False,True,10,Low,114
5300,CodeChef,11.5,4.4,1904,Medium,No,Occasionally,Freemium,2009,True,False,4,Medium,79
5301,LeetCode,21.5,4.4,2023,Easy,No,Biweekly,Free,2018,True,False,5,High,97
5302,Codeforces,8.4,3.9,2647,Hard,Yes,Occasionally,Freemium,2010,True,False,2,Medium,76
5303,HackerRank,4.5,4.8,2668,Hard,Limited,Monthly,Freemium,2012,True,True,1,Medium,77
5304,HackerRank,4.6,4.4,1062,Easy,Limited,Monthly,Freemium,2013,False,True,1,Low,71
5305,CodeChef,12.3,3.9,1230,Hard,Limited,Occasionally,Paid,2022,False,False,10,High,91
5306,HackerRank,23.0,4.9,3380,Easy,Yes,Monthly,Paid,2016,True,True,9,Medium,124
5307,HackerRank,13.8,4.6,1620,Medium,Limited,Monthly,Freemium,2012,False,True,4,Low,93
5308,LeetCode,5.4,4.7,3054,Easy,No,Monthly,Freemium,2005,False,True,8,Low,84
5309,HackerRank,1.6,4.9,1318,Medium,No,Biweekly,Freemium,2016,True,False,10,Medium,82
5310,LeetCode,4.0,4.9,2890,Medium,No,Occasionally,Freemium,2015,True,True,3,Low,74
5311,CodeChef,17.6,4.0,3539,Easy,No,Monthly,Paid,2015,False,True,9,Medium,96
5312,LeetCode,8.4,4.7,3217,Easy,Yes,Weekly,Free,2015,False,True,3,High,94
5313,CodeChef,11.5,4.4,1321,Varied,No,Weekly,Free,2021,True,True,9,High,97
5314,CodeChef,20.3,4.8,1393,Hard,No,Weekly,Paid,2010,False,False,2,High,94
5315,HackerRank,15.0,3.7,2323,Varied,No,Monthly,Paid,2022,False,False,8,Low,80
5316,HackerRank,19.1,3.5,747,Medium,Limited,Monthly,Paid,2018,True,False,7,High,92
5317,CodeChef,18.5,4.2,2366,Varied,Limited,Occasionally,Paid,2018,True,False,2,Medium,86
5318,CodeChef,25.3,4.1,2830,Hard,Limited,Biweekly,Paid,2009,False,True,3,Low,101
5319,HackerRank,7.0,4.2,2412,Varied,No,Weekly,Paid,2021,True,False,4,Medium,70
5320,LeetCode,9.6,4.5,567,Medium,No,Biweekly,Free,2005,False,True,5,Medium,83
5321,HackerRank,24.3,4.9,1599,Easy,No,Occasionally,Freemium,2007,False,True,9,Low,116
5322,Codeforces,19.2,3.8,542,Varied,Yes,Biweekly,Free,2022,False,False,3,High,94
5323,CodeChef,10.9,4.2,763,Varied,Limited,Weekly,Freemium,2019,True,False,1,Medium,78
5324,LeetCode,4.1,3.7,848,Easy,Limited,Occasionally,Paid,2012,False,False,7,High,71
5325,LeetCode,24.1,4.4,2728,Hard,Limited,Monthly,Free,2021,True,False,1,High,97
5326,CodeChef,20.7,5.0,1833,Medium,No,Monthly,Paid,2010,True,False,10,Medium,108
5327,CodeChef,14.2,4.1,1722,Varied,No,Biweekly,Freemium,2021,False,True,7,Low,90
5328,LeetCode,29.6,4.0,3272,Easy,Yes,Occasionally,Paid,2021,False,False,5,High,113
5329,LeetCode,5.1,4.6,690,Varied,Yes,Monthly,Free,2006,True,False,6,Medium,84
5330,Codeforces,20.7,4.1,1185,Easy,Limited,Weekly,Paid,2022,True,True,8,Low,106
5331,LeetCode,16.6,3.7,1194,Medium,Limited,Weekly,Freemium,2021,False,True,7,High,101
5332,CodeChef,12.1,4.9,1027,Medium,No,Weekly,Freemium,2006,True,True,1,Low,85
5333,Codeforces,5.5,4.7,2624,Varied,Yes,Biweekly,Free,2010,False,False,3,Medium,80
5334,CodeChef,17.1,3.8,1343,Medium,No,Occasionally,Free,2020,False,True,2,High,83
5335,CodeChef,9.9,4.4,1466,Varied,Limited,Weekly,Paid,2022,True,True,1,Low,79
5336,LeetCode,6.1,3.9,1501,Varied,Limited,Monthly,Paid,2008,True,False,2,High,66
5337,CodeChef,13.6,4.2,1935,Medium,Limited,Monthly,Free,2008,False,False,2,Low,77
5338,LeetCode,14.9,4.4,2482,Varied,Yes,Weekly,Freemium,2021,False,True,6,High,108
5339,HackerRank,3.7,4.6,2726,Varied,Yes,Occasionally,Freemium,2019,False,True,3,Medium,83
5340,Codeforces,7.9,4.7,2997,Varied,No,Weekly,Paid,2017,True,True,3,High,82
5341,Codeforces,23.3,4.7,3331,Hard,Yes,Weekly,Paid,2016,False,True,6,High,121
5342,HackerRank,21.1,4.2,3189,Hard,No,Weekly,Paid,2016,True,True,1,Low,89
5343,LeetCode,19.2,4.7,594,Medium,Yes,Weekly,Paid,2007,False,True,9,High,121
5344,HackerRank,1.0,4.1,914,Varied,Yes,Biweekly,Paid,2005,True,False,9,Medium,78
5345,HackerRank,1.3,3.8,1478,Easy,Yes,Biweekly,Free,2007,False,True,4,Medium,72
5346,CodeChef,1.5,3.5,966,Easy,Yes,Monthly,Freemium,2008,True,True,4,Medium,70
5347,HackerRank,22.5,4.0,906,Medium,Yes,Occasionally,Free,2008,True,True,2,Medium,101
5348,HackerRank,20.0,4.0,1970,Medium,Yes,Monthly,Paid,2022,True,True,3,Low,96
5349,CodeChef,14.1,3.9,1050,Easy,No,Monthly,Free,2008,False,True,7,High,89
5350,Codeforces,14.5,3.8,3831,Easy,No,Occasionally,Free,2008,True,False,7,High,84
5351,HackerRank,22.3,4.3,796,Varied,No,Weekly,Freemium,2021,False,True,2,High,100
5352,CodeChef,16.5,3.8,1870,Varied,No,Biweekly,Paid,2014,False,True,7,High,92
5353,LeetCode,19.6,4.4,3214,Easy,Limited,Biweekly,Freemium,2014,True,False,6,High,103
5354,CodeChef,3.9,4.1,2293,Easy,Yes,Biweekly,Paid,2015,False,True,4,Low,76
5355,Codeforces,19.4,3.7,1219,Varied,Limited,Biweekly,Free,2009,False,False,8,High,98
5356,LeetCode,6.2,4.3,755,Medium,Limited,Weekly,Free,2019,False,True,3,High,81
5357,HackerRank,5.3,4.0,3447,Varied,Limited,Biweekly,Paid,2017,True,True,10,Medium,86
5358,HackerRank,22.0,4.1,3260,Medium,Limited,Occasionally,Paid,2009,False,True,3,Low,95
5359,HackerRank,21.9,4.6,2083,Varied,Yes,Biweekly,Free,2007,False,True,1,Medium,105
5360,Codeforces,12.2,4.1,2888,Medium,Yes,Monthly,Paid,2014,True,True,6,Low,91
5361,Codeforces,5.6,4.6,2819,Varied,Yes,Monthly,Freemium,2014,True,True,1,Medium,81
5362,Codeforces,18.6,4.3,986,Easy,Yes,Occasionally,Freemium,2015,True,True,3,Low,100
5363,LeetCode,6.1,3.9,1409,Medium,No,Weekly,Paid,2022,True,True,10,Low,81
5364,HackerRank,5.2,4.5,1471,Medium,Yes,Occasionally,Paid,2014,True,True,3,Low,79
5365,Codeforces,2.3,4.7,2458,Hard,Yes,Monthly,Paid,2005,False,True,9,Medium,90
5366,Codeforces,17.2,4.3,2235,Hard,No,Monthly,Freemium,2009,False,True,4,Low,90
5367,HackerRank,13.8,4.0,2868,Easy,Yes,Biweekly,Free,2019,False,True,6,High,99
5368,Codeforces,17.6,4.3,962,Varied,Yes,Biweekly,Paid,2005,True,True,10,High,114
5369,HackerRank,23.1,4.0,2394,Varied,Limited,Biweekly,Freemium,2015,False,True,7,Medium,110
5370,HackerRank,18.8,3.8,3066,Varied,Yes,Biweekly,Free,2014,False,False,3,High,93
5371,CodeChef,22.1,3.9,2012,Varied,Yes,Biweekly,Freemium,2013,True,False,1,Low,93
5372,HackerRank,20.2,4.7,2602,Medium,Limited,Biweekly,Freemium,2018,False,True,4,Medium,106
5373,Codeforces,5.0,4.6,2611,Easy,Yes,Occasionally,Freemium,2019,True,True,3,High,86
5374,Codeforces,8.8,4.4,2882,Easy,Yes,Occasionally,Paid,2018,True,True,7,High,95
5375,Codeforces,18.2,3.8,2158,Varied,Limited,Weekly,Freemium,2019,True,False,2,Low,85
5376,Codeforces,26.5,4.4,3466,Hard,Limited,Occasionally,Free,2014,True,False,5,High,109
5377,HackerRank,4.0,3.9,1954,Easy,No,Occasionally,Free,2014,True,False,10,High,75
5378,Codeforces,3.6,4.4,2589,Hard,Yes,Weekly,Freemium,2018,True,True,5,Low,85
5379,LeetCode,28.7,4.8,1587,Medium,No,Monthly,Freemium,2021,False,False,4,High,111
5380,HackerRank,17.7,4.8,3977,Varied,Limited,Biweekly,Paid,2006,True,False,6,Low,98
5381,Codeforces,28.4,3.7,1703,Varied,Limited,Biweekly,Freemium,2016,False,False,3,Low,100
5382,CodeChef,15.7,4.4,3538,Medium,Limited,Occasionally,Freemium,2014,True,False,3,Medium,89
5383,CodeChef,5.7,4.4,2001,Hard,Limited,Weekly,Freemium,2015,False,False,9,Low,87
5384,Codeforces,18.1,4.6,3315,Varied,Limited,Monthly,Free,2021,True,True,6,Low,101
5385,Codeforces,1.2,3.8,1060,Varied,Yes,Monthly,Free,2014,False,True,10,Medium,83
5386,CodeChef,17.7,4.0,930,Medium,No,Weekly,Free,2016,False,True,10,High,105
5387,Codeforces,28.1,4.0,3623,Varied,Yes,Biweekly,Paid,2022,True,True,5,Medium,115
5388,HackerRank,15.7,3.9,2454,Varied,Limited,Biweekly,Free,2005,True,True,2,Low,84
5389,HackerRank,13.1,4.5,3892,Varied,No,Weekly,Paid,2018,False,True,4,Medium,88
5390,LeetCode,13.2,4.1,917,Hard,No,Monthly,Freemium,2007,False,True,3,High,84
5391,HackerRank,18.5,3.5,3744,Easy,Limited,Monthly,Freemium,2020,True,True,10,Medium,103
5392,LeetCode,5.4,4.7,970,Varied,Yes,Weekly,Free,2014,False,True,1,Low,81
5393,HackerRank,25.3,4.3,2495,Medium,Limited,Monthly,Free,2022,False,False,2,Medium,98
5394,CodeChef,28.5,4.3,3364,Medium,Limited,Biweekly,Freemium,2012,False,False,2,Medium,106
5395,CodeChef,19.6,4.1,1889,Hard,No,Occasionally,Freemium,2013,True,True,1,Medium,87
5396,Codeforces,13.8,3.5,2782,Easy,No,Occasionally,Paid,2014,True,True,8,High,86
5397,HackerRank,29.2,3.8,3444,Hard,No,Monthly,Paid,2006,True,True,4,High,104
5398,HackerRank,13.9,4.7,748,Easy,Limited,Weekly,Paid,2012,False,True,6,Medium,100
5399,CodeChef,5.0,4.6,2254,Easy,Limited,Occasionally,Freemium,2008,True,True,9,Medium,92
5400,HackerRank,12.7,4.2,532,Easy,No,Weekly,Free,2018,True,True,7,Low,89
5401,HackerRank,21.3,4.9,2287,Easy,No,Occasionally,Freemium,2006,False,False,9,High,111
5402,Codeforces,20.9,3.7,1284,Easy,Limited,Biweekly,Paid,2008,False,True,5,High,98
5403,LeetCode,6.8,4.2,3203,Medium,No,Monthly,Paid,2012,True,False,6,Low,69
5404,LeetCode,24.6,4.6,1401,Easy,Limited,Weekly,Paid,2006,False,False,8,Low,112
5405,HackerRank,9.6,4.3,2190,Varied,Yes,Monthly,Paid,2005,True,False,8,Low,88
5406,Codeforces,18.3,4.8,3989,Medium,Yes,Biweekly,Paid,2006,False,False,8,Medium,109
5407,Codeforces,29.9,4.0,3989,Medium,Yes,Weekly,Freemium,2020,False,True,2,Low,115
5408,HackerRank,24.7,4.0,900,Medium,Yes,Monthly,Freemium,2022,True,True,7,Medium,116
5409,LeetCode,11.1,3.8,2909,Varied,No,Weekly,Freemium,2009,False,False,9,Low,84
5410,Codeforces,12.3,4.5,3991,Easy,Yes,Biweekly,Free,2009,False,True,4,High,97
5411,HackerRank,1.1,4.9,3096,Medium,Yes,Occasionally,Freemium,2018,False,True,10,Low,94
5412,CodeChef,12.3,4.4,1471,Easy,Limited,Weekly,Paid,2019,False,False,4,Low,83
5413,Codeforces,29.1,4.3,1192,Varied,Limited,Weekly,Free,2014,False,False,3,Low,107
5414,LeetCode,28.2,4.9,3975,Hard,Yes,Monthly,Free,2020,False,False,4,Medium,117
5415,Codeforces,12.7,4.9,539,Varied,No,Occasionally,Free,2005,False,False,8,Medium,92
5416,CodeChef,26.7,4.0,3217,Easy,Yes,Weekly,Free,2020,True,False,1,High,105
5417,CodeChef,29.8,3.8,2113,Hard,Limited,Monthly,Free,2019,False,False,10,Low,114
5418,LeetCode,18.6,4.0,1603,Easy,Yes,Occasionally,Paid,2017,False,True,4,High,100
5419,CodeChef,8.6,4.1,3540,Easy,No,Weekly,Freemium,2009,False,False,10,High,89
5420,LeetCode,29.4,4.4,2880,Varied,Yes,Monthly,Paid,2016,True,True,9,Low,126
5421,Codeforces,8.0,3.9,2240,Hard,Limited,Occasionally,Free,2012,False,True,6,Medium,81
5422,HackerRank,7.7,3.8,3742,Hard,No,Weekly,Freemium,2015,True,False,3,Medium,69
5423,Codeforces,1.2,4.5,2288,Hard,Limited,Biweekly,Paid,2013,True,True,3,High,73
5424,CodeChef,21.8,4.4,2721,Hard,No,Occasionally,Free,2019,True,False,8,High,103
5425,LeetCode,22.4,3.5,1280,Medium,No,Biweekly,Free,2016,False,True,6,Medium,95
5426,LeetCode,11.3,4.9,3354,Easy,No,Monthly,Free,2014,False,True,9,High,99
5427,HackerRank,7.0,4.4,3215,Varied,Yes,Biweekly,Paid,2011,False,False,10,Medium,92
5428,CodeChef,24.6,4.0,2881,Varied,No,Weekly,Paid,2015,True,False,1,Medium,89
5429,HackerRank,15.4,4.9,1524,Hard,Yes,Weekly,Paid,2017,False,False,2,High,98
5430,CodeChef,28.6,3.9,3289,Varied,No,Biweekly,Free,2013,True,True,9,Medium,114
5431,HackerRank,28.5,4.9,2001,Easy,Limited,Weekly,Free,2012,False,True,6,Medium,125
5432,CodeChef,9.3,4.8,1246,Medium,No,Occasionally,Free,2022,False,False,4,High,80
5433,LeetCode,14.5,4.5,1544,Varied,No,Weekly,Freemium,2008,True,True,6,High,99
5434,Codeforces,11.1,3.6,3626,Hard,Yes,Weekly,Paid,2018,True,False,4,Low,79
5435,HackerRank,16.7,4.0,1035,Medium,Limited,Monthly,Free,2008,False,False,2,Medium,82
5436,HackerRank,24.2,4.9,1284,Hard,Limited,Monthly,Free,2009,False,False,10,High,120
5437,HackerRank,4.0,4.1,1827,Medium,No,Weekly,Free,2018,False,False,3,Low,62
5438,Codeforces,15.3,4.2,2884,Easy,No,Weekly,Paid,2021,True,True,4,High,90
5439,HackerRank,17.2,4.7,3979,Hard,Yes,Monthly,Paid,2021,True,True,7,Medium,109
5440,CodeChef,7.4,4.1,1029,Medium,Limited,Biweekly,Free,2019,True,True,10,Low,89
5441,LeetCode,24.9,4.3,758,Easy,Yes,Biweekly,Free,2011,True,False,10,Low,117
5442,HackerRank,7.2,4.4,635,Easy,No,Occasionally,Paid,2011,False,True,5,High,79
5443,HackerRank,26.5,5.0,2121,Easy,Yes,Monthly,Freemium,2012,False,False,6,Low,120
5444,Codeforces,17.3,4.4,2708,Varied,No,Monthly,Freemium,2017,True,True,10,Low,103
5445,HackerRank,19.8,3.9,2431,Varied,Yes,Biweekly,Free,2007,True,True,5,Low,101
5446,LeetCode,1.8,4.7,1050,Easy,Yes,Occasionally,Paid,2022,True,False,7,Medium,81
5447,CodeChef,8.7,4.1,1042,Medium,No,Monthly,Paid,2021,False,True,2,Low,68
5448,HackerRank,9.8,3.6,1243,Varied,Limited,Biweekly,Paid,2012,True,False,8,Medium,80
5449,CodeChef,9.6,4.2,2242,Easy,Limited,Biweekly,Paid,2014,True,False,8,High,87
5450,HackerRank,5.6,4.0,1998,Hard,Limited,Weekly,Free,2019,True,False,3,Low,68
5451,CodeChef,25.1,4.7,2060,Easy,Yes,Occasionally,Free,2021,True,False,1,High,107
5452,CodeChef,3.0,4.8,3224,Medium,No,Monthly,Free,2018,False,True,4,High,76
5453,HackerRank,26.2,4.4,1434,Varied,Limited,Occasionally,Free,2012,True,False,2,High,102
5454,LeetCode,12.8,4.0,1238,Easy,Limited,Monthly,Paid,2006,True,True,4,Low,82
5455,Codeforces,20.2,4.6,2127,Easy,No,Biweekly,Freemium,2013,False,False,2,High,93
5456,Codeforces,22.9,3.8,1087,Medium,No,Weekly,Free,2022,False,False,4,Low,89
5457,LeetCode,28.0,4.0,786,Varied,Yes,Weekly,Freemium,2022,False,False,3,Low,109
5458,HackerRank,2.7,3.7,2383,Varied,Limited,Biweekly,Freemium,2013,False,False,8,High,75
5459,LeetCode,28.7,4.4,3821,Medium,No,Occasionally,Free,2017,True,True,8,Medium,116
5460,Codeforces,22.0,4.9,3093,Hard,Limited,Monthly,Free,2018,True,True,4,Low,106
5461,HackerRank,10.3,4.6,659,Hard,No,Occasionally,Free,2008,True,True,4,Medium,82
5462,HackerRank,9.7,4.5,2688,Easy,Yes,Biweekly,Free,2009,False,False,8,High,97
5463,HackerRank,25.1,3.8,1413,Varied,No,Biweekly,Paid,2009,True,False,5,High,96
5464,Codeforces,6.8,3.8,2862,Easy,Yes,Biweekly,Paid,2022,False,True,7,Low,83
5465,HackerRank,4.4,4.6,2565,Easy,No,Occasionally,Paid,2020,True,False,2,Medium,64
5466,CodeChef,18.1,4.9,2562,Varied,Limited,Monthly,Paid,2019,True,False,8,High,106
5467,CodeChef,3.9,3.7,2384,Medium,No,Biweekly,Free,2018,True,False,10,Low,70
5468,HackerRank,25.5,4.3,777,Hard,Limited,Occasionally,Free,2006,True,True,1,Low,99
5469,HackerRank,29.9,4.1,3042,Varied,Limited,Biweekly,Paid,2005,False,True,3,Medium,110
5470,Codeforces,20.8,4.6,2658,Medium,Yes,Biweekly,Freemium,2010,False,False,3,High,106
5471,LeetCode,29.0,3.9,713,Hard,Limited,Weekly,Paid,2008,False,True,2,High,108
5472,LeetCode,26.3,5.0,2355,Varied,No,Monthly,Freemium,2010,False,False,6,Medium,111
5473,CodeChef,8.9,3.6,2874,Varied,No,Monthly,Free,2015,True,True,3,Low,66
5474,Codeforces,19.8,4.1,3393,Hard,No,Monthly,Paid,2016,True,False,4,High,88
5475,HackerRank,10.6,4.9,1239,Easy,No,Biweekly,Freemium,2008,False,False,5,High,88
5476,HackerRank,10.6,4.8,1941,Hard,Limited,Weekly,Free,2017,True,True,3,Medium,91
5477,Codeforces,4.2,3.9,2981,Varied,Yes,Biweekly,Freemium,2015,True,True,3,High,79
5478,HackerRank,3.9,4.0,2171,Hard,Limited,Monthly,Free,2016,False,True,4,Low,70
5479,CodeChef,13.1,4.5,1138,Medium,Yes,Biweekly,Freemium,2016,True,False,9,Medium,104
5480,Codeforces,19.9,3.6,764,Medium,Yes,Biweekly,Freemium,2010,False,False,6,Low,97
5481,LeetCode,22.9,4.9,1509,Hard,Limited,Monthly,Paid,2021,False,True,4,High,110
5482,HackerRank,3.5,4.6,727,Varied,Yes,Weekly,Freemium,2022,True,True,1,Low,79
5483,Codeforces,19.5,3.8,1717,Hard,Limited,Monthly,Freemium,2017,False,True,4,Medium,95
5484,LeetCode,7.1,4.8,3383,Easy,Limited,Occasionally,Free,2021,False,False,2,High,78
5485,Codeforces,25.7,3.7,2149,Hard,Limited,Biweekly,Paid,2021,False,True,4,Low,100
5486,LeetCode,16.4,4.1,1014,Easy,Limited,Biweekly,Freemium,2006,True,False,8,Low,96
5487,LeetCode,26.2,4.2,2390,Varied,Yes,Biweekly,Freemium,2018,False,False,3,Low,106
5488,LeetCode,11.2,3.7,1158,Easy,No,Weekly,Paid,2012,False,False,4,High,74
5489,LeetCode,19.7,4.1,3965,Medium,No,Weekly,Freemium,2020,False,True,6,Low,99
5490,HackerRank,29.6,4.5,637,Medium,No,Monthly,Paid,2017,False,True,4,Medium,109
5491,CodeChef,16.5,4.2,3224,Medium,No,Monthly,Freemium,2010,True,False,1,High,81
5492,Codeforces,11.8,4.5,1520,Medium,Yes,Biweekly,Freemium,2020,True,False,1,Low,84
5493,CodeChef,3.6,4.6,3511,Medium,Limited,Monthly,Freemium,2018,False,True,9,Medium,89
5494,Codeforces,24.5,4.9,1764,Hard,Yes,Occasionally,Freemium,2019,False,False,4,High,116
5495,HackerRank,9.9,3.7,1707,Medium,Yes,Occasionally,Paid,2017,True,True,3,Low,78
5496,LeetCode,11.2,4.8,3291,Medium,Yes,Monthly,Free,2007,True,True,10,Medium,108
5497,LeetCode,30.0,3.8,1175,Easy,Limited,Biweekly,Paid,2015,False,True,2,Medium,105
5498,Codeforces,2.9,3.9,2505,Hard,No,Monthly,Free,2010,True,True,1,Medium,58
5499,LeetCode,27.9,5.0,3777,Easy,Limited,Biweekly,Freemium,2014,True,True,6,Low,123
5500,HackerRank,27.6,4.7,2665,Medium,Yes,Biweekly,Paid,2012,False,False,10,Medium,126
5501,CodeChef,19.0,4.8,2301,Varied,Limited,Weekly,Paid,2009,True,True,5,High,108
5502,LeetCode,9.6,4.8,3895,Medium,Limited,Occasionally,Freemium,2013,False,True,4,Medium,90
5503,HackerRank,8.8,3.7,1252,Varied,No,Weekly,Freemium,2022,False,True,5,Low,76
5504,HackerRank,13.4,4.6,1824,Hard,Yes,Monthly,Free,2011,False,True,10,Medium,109
5505,Codeforces,21.4,3.7,749,Hard,Yes,Occasionally,Free,2022,False,False,10,Low,105
5506,Codeforces,19.7,4.9,1508,Easy,No,Monthly,Free,2021,False,False,2,Low,89
5507,Codeforces,17.0,3.7,3677,Easy,Limited,Biweekly,Freemium,2008,False,False,10,Low,96
5508,Codeforces,18.5,3.7,1833,Medium,Limited,Weekly,Free,2006,False,False,2,Medium,85
5509,Codeforces,16.1,4.9,3114,Hard,Limited,Monthly,Freemium,2014,True,True,9,Low,109
5510,CodeChef,12.0,5.0,3274,Hard,No,Biweekly,Paid,2006,False,False,10,Low,94
5511,Codeforces,8.3,4.9,2561,Hard,No,Monthly,Paid,2016,True,False,2,Medium,72
5512,LeetCode,20.9,4.5,1725,Medium,Limited,Weekly,Paid,2022,True,False,1,Medium,93
5513,HackerRank,11.7,4.9,1950,Easy,Yes,Weekly,Free,2010,True,False,5,High,100
5514,LeetCode,22.3,4.3,2627,Medium,Limited,Weekly,Free,2008,True,False,6,Medium,104
5515,CodeChef,15.7,3.6,3889,Varied,Limited,Biweekly,Freemium,2008,True,True,9,Medium,99
5516,HackerRank,28.0,4.9,1007,Medium,No,Monthly,Paid,2020,False,True,4,High,113
5517,HackerRank,16.8,4.1,2139,Hard,No,Weekly,Paid,2006,False,False,5,Low,84
5518,CodeChef,29.3,4.2,3232,Hard,No,Occasionally,Freemium,2011,True,True,9,Low,117
5519,LeetCode,18.3,4.0,3620,Hard,Yes,Occasionally,Paid,2014,True,True,1,Medium,91
5520,LeetCode,5.2,4.3,1476,Medium,Limited,Weekly,Paid,2019,True,True,5,Medium,81
5521,Codeforces,15.4,3.8,1186,Easy,Limited,Monthly,Free,2011,False,False,5,Medium,84
5522,HackerRank,6.0,4.7,546,Hard,Limited,Occasionally,Freemium,2014,True,True,9,Low,92
5523,Codeforces,15.9,4.8,1680,Medium,Limited,Monthly,Paid,2017,False,False,9,Low,100
5524,HackerRank,17.1,3.7,1734,Hard,Limited,Occasionally,Paid,2021,False,False,8,Medium,91
5525,CodeChef,21.9,3.6,1916,Varied,No,Biweekly,Paid,2014,False,False,5,High,89
5526,Codeforces,21.1,4.6,755,Hard,No,Biweekly,Paid,2014,False,False,6,Medium,98
5527,HackerRank,18.0,4.3,2085,Varied,Yes,Occasionally,Paid,2018,False,False,5,Medium,97
5528,HackerRank,16.6,4.7,2543,Easy,Limited,Occasionally,Paid,2016,False,True,6,High,103
5529,Codeforces,6.5,4.5,2246,Easy,No,Biweekly,Free,2017,True,False,1,Medium,66
5530,CodeChef,10.0,4.7,2400,Varied,Limited,Biweekly,Free,2005,True,True,2,High,87
5531,Codeforces,24.2,4.9,868,Varied,Yes,Monthly,Free,2022,False,False,3,Low,107
5532,Codeforces,13.9,4.1,952,Medium,No,Weekly,Free,2022,False,False,4,High,83
5533,LeetCode,12.5,4.5,3533,Easy,Yes,Occasionally,Paid,2013,False,False,8,Low,95
5534,HackerRank,25.4,4.4,1070,Easy,No,Weekly,Freemium,2008,True,False,9,Medium,113
5535,Codeforces,4.1,3.7,1668,Medium,No,Biweekly,Freemium,2009,False,False,10,High,76
5536,HackerRank,13.3,4.3,3309,Hard,Yes,Weekly,Free,2015,False,False,9,Low,100
5537,CodeChef,17.6,3.5,1335,Hard,No,Biweekly,Freemium,2017,True,True,4,Low,83
5538,HackerRank,15.6,4.7,2530,Varied,Yes,Occasionally,Paid,2005,True,True,9,High,112
5539,HackerRank,22.1,3.6,1900,Varied,Limited,Biweekly,Paid,2022,False,False,9,Medium,100
5540,LeetCode,10.8,4.3,3551,Easy,No,Weekly,Free,2013,True,True,1,Low,75
5541,LeetCode,18.6,3.6,1268,Easy,Limited,Occasionally,Free,2017,True,False,10,High,99
5542,LeetCode,29.5,3.7,3810,Easy,Limited,Monthly,Freemium,2022,False,False,10,Low,114
5543,HackerRank,4.9,3.5,2887,Varied,No,Occasionally,Freemium,2010,False,False,9,Medium,70
5544,HackerRank,5.3,3.9,3612,Hard,Limited,Biweekly,Paid,2021,True,False,9,Medium,78
5545,CodeChef,6.6,3.6,1220,Varied,Limited,Monthly,Freemium,2018,False,True,2,High,72
5546,LeetCode,5.7,3.9,1681,Medium,Limited,Biweekly,Paid,2010,True,True,9,Medium,84
5547,CodeChef,7.4,4.7,1006,Medium,No,Monthly,Paid,2012,False,False,9,High,85
5548,CodeChef,22.2,4.1,3659,Hard,No,Monthly,Free,2020,True,True,7,High,103
5549,CodeChef,15.9,3.5,3625,Easy,Yes,Monthly,Free,2020,False,False,3,Low,81
5550,Codeforces,8.9,4.3,2340,Easy,Yes,Weekly,Freemium,2007,False,False,7,High,95
5551,CodeChef,27.8,4.7,3754,Medium,No,Monthly,Paid,2007,False,False,4,Medium,104
5552,HackerRank,29.5,5.0,3226,Hard,Limited,Monthly,Free,2010,False,True,1,Medium,114
5553,LeetCode,4.4,4.3,1022,Hard,Limited,Biweekly,Paid,2008,True,True,3,Medium,74
5554,CodeChef,24.3,4.9,3843,Easy,No,Biweekly,Free,2019,False,False,8,Medium,110
5555,HackerRank,26.0,4.3,2480,Hard,Limited,Weekly,Freemium,2020,True,True,6,High,119
5556,HackerRank,1.2,4.2,805,Hard,Yes,Weekly,Free,2022,True,False,8,Low,79
5557,LeetCode,21.9,3.5,2885,Varied,No,Monthly,Freemium,2017,True,True,6,High,97
5558,Codeforces,8.2,4.8,3170,Varied,Limited,Weekly,Freemium,2009,True,False,8,High,96
5559,HackerRank,3.2,4.9,1165,Varied,Yes,Weekly,Free,2010,False,False,7,Medium,89
5560,HackerRank,25.6,5.0,1953,Hard,Limited,Occasionally,Free,2018,False,True,10,Medium,126
5561,LeetCode,9.7,4.1,3941,Easy,No,Occasionally,Paid,2016,False,True,4,Medium,76
5562,CodeChef,13.6,4.4,2010,Varied,Yes,Monthly,Free,2012,True,False,7,Low,94
5563,Codeforces,5.2,4.8,2623,Hard,Yes,Monthly,Freemium,2007,True,False,5,Low,84
5564,Codeforces,23.4,4.2,2402,Medium,No,Weekly,Free,2012,False,False,3,Low,92
5565,Codeforces,4.9,3.6,1420,Hard,Yes,Biweekly,Paid,2021,True,True,3,Low,70
5566,HackerRank,27.1,4.4,3377,Easy,No,Weekly,Paid,2007,True,False,8,Medium,111
5567,LeetCode,12.5,4.9,1307,Hard,No,Occasionally,Paid,2009,True,True,5,High,92
5568,Codeforces,13.5,3.8,999,Medium,No,Biweekly,Paid,2013,False,True,2,Medium,75
5569,Codeforces,11.8,3.8,3326,Medium,Limited,Monthly,Paid,2018,True,False,7,Low,80
5570,LeetCode,13.6,4.4,872,Varied,Limited,Biweekly,Freemium,2012,True,True,4,Low,91
5571,CodeChef,18.3,4.9,1197,Hard,Yes,Biweekly,Paid,2010,True,False,7,Medium,108
5572,CodeChef,19.0,4.8,1868,Varied,No,Monthly,Free,2021,True,True,7,High,106
5573,LeetCode,17.4,3.7,1600,Easy,No,Weekly,Paid,2007,True,True,7,Medium,92
5574,LeetCode,11.3,4.5,619,Hard,Yes,Biweekly,Free,2020,True,True,5,Low,94
5575,HackerRank,17.2,4.8,1457,Easy,No,Occasionally,Free,2006,True,True,4,Low,93
5576,LeetCode,26.0,4.1,2684,Varied,No,Biweekly,Freemium,2018,True,False,2,High,97
5577,Codeforces,20.1,4.9,1940,Varied,Yes,Biweekly,Paid,2011,True,True,4,High,112
5578,HackerRank,25.5,4.8,2981,Varied,Limited,Biweekly,Paid,2022,False,True,10,High,126
5579,LeetCode,25.3,3.7,2381,Medium,No,Monthly,Freemium,2010,True,True,8,High,108
5580,Codeforces,24.9,4.4,1177,Medium,Yes,Monthly,Freemium,2011,False,False,5,Medium,111
5581,HackerRank,18.6,4.5,1912,Medium,No,Weekly,Paid,2014,True,False,4,High,93
5582,HackerRank,16.2,3.7,729,Hard,No,Monthly,Free,2005,False,False,9,High,89
5583,HackerRank,13.6,4.1,2740,Hard,No,Biweekly,Freemium,2008,True,True,3,High,85
5584,Codeforces,14.9,4.0,2406,Varied,No,Biweekly,Paid,2012,False,False,3,Medium,76
5585,Codeforces,25.7,4.8,623,Easy,Yes,Occasionally,Paid,2008,True,True,7,Low,121
5586,LeetCode,23.5,4.5,928,Varied,Yes,Biweekly,Free,2014,False,False,10,High,121
5587,LeetCode,21.5,4.3,2983,Varied,No,Weekly,Free,2011,False,True,5,Medium,101
5588,HackerRank,2.1,4.9,2396,Medium,No,Occasionally,Freemium,2009,True,True,6,Medium,79
5589,CodeChef,22.4,3.6,2979,Varied,Yes,Monthly,Free,2011,True,True,7,High,109
5590,Codeforces,8.3,4.3,816,Easy,Limited,Monthly,Freemium,2008,False,False,5,Medium,80
5591,LeetCode,7.4,4.7,3966,Hard,Yes,Monthly,Free,2009,True,True,1,High,85
5592,Codeforces,7.2,3.5,557,Easy,Yes,Occasionally,Free,2013,False,False,8,Low,78
5593,HackerRank,22.0,4.8,3717,Varied,Limited,Occasionally,Freemium,2016,False,False,7,Low,108
5594,LeetCode,5.7,4.1,2513,Easy,Limited,Monthly,Freemium,2008,False,False,5,Low,73
5595,CodeChef,10.9,4.2,2277,Medium,No,Weekly,Free,2014,False,True,9,Low,90
5596,Codeforces,9.8,3.9,2212,Hard,Yes,Occasionally,Paid,2012,False,True,2,High,82
5597,LeetCode,27.9,4.6,1721,Hard,Limited,Biweekly,Paid,2017,False,True,3,Low,110
5598,LeetCode,28.5,4.0,1086,Varied,Yes,Biweekly,Freemium,2008,False,True,3,Medium,115
5599,Codeforces,22.8,5.0,3593,Medium,No,Monthly,Freemium,2022,False,False,1,Medium,96
5600,Codeforces,9.4,4.1,1069,Medium,No,Monthly,Free,2010,False,True,10,Low,86
5601,HackerRank,12.2,4.1,2850,Medium,No,Weekly,Paid,2012,False,False,10,Low,87
5602,CodeChef,26.7,4.8,3662,Easy,No,Monthly,Paid,2005,False,False,3,Medium,101
5603,CodeChef,24.0,4.1,1768,Varied,Limited,Biweekly,Freemium,2009,True,True,4,Low,104
5604,LeetCode,11.2,4.4,1380,Easy,No,Occasionally,Free,2010,False,False,4,Low,75
5605,Codeforces,23.9,4.2,2573,Easy,No,Occasionally,Free,2014,True,False,6,Low,96
5606,LeetCode,21.2,4.2,656,Varied,Yes,Occasionally,Paid,2017,True,True,2,Low,98
5607,LeetCode,6.8,4.9,1759,Medium,Limited,Occasionally,Paid,2009,True,True,4,Medium,84
5608,LeetCode,15.7,4.1,904,Hard,No,Biweekly,Free,2019,False,False,9,Medium,92
5609,Codeforces,18.9,4.7,824,Easy,No,Weekly,Free,2015,True,False,4,High,96
5610,LeetCode,10.4,4.5,2606,Hard,No,Monthly,Free,2009,False,True,7,Medium,88
5611,Codeforces,2.1,3.5,2934,Medium,Limited,Occasionally,Freemium,2014,False,True,4,Low,64
5612,HackerRank,20.3,4.5,2450,Hard,Yes,Occasionally,Free,2012,True,False,3,Low,97
5613,HackerRank,15.6,3.8,2223,Hard,No,Occasionally,Paid,2015,False,False,7,Medium,82
5614,LeetCode,25.9,4.1,1284,Hard,No,Biweekly,Free,2019,False,False,7,High,105
5615,LeetCode,21.8,3.7,2663,Hard,No,Monthly,Paid,2016,False,True,3,High,90
5616,CodeChef,10.0,4.5,523,Easy,No,Occasionally,Freemium,2017,False,False,9,Low,86
5617,LeetCode,24.1,4.2,3729,Medium,No,Weekly,Freemium,2010,True,True,10,Low,114
5618,LeetCode,7.8,4.9,1553,Easy,Limited,Occasionally,Paid,2015,True,True,1,Low,78
5619,Codeforces,29.3,4.5,2505,Hard,No,Monthly,Freemium,2015,True,True,2,Low,106
5620,CodeChef,2.8,4.0,3924,Hard,No,Biweekly,Free,2006,True,True,9,Low,74
5621,LeetCode,13.1,4.7,1286,Varied,Yes,Weekly,Free,2017,False,True,10,Low,111
5622,CodeChef,23.8,5.0,1594,Varied,Yes,Monthly,Free,2019,True,True,10,High,131
5623,HackerRank,24.4,4.5,1936,Varied,Limited,Biweekly,Free,2022,True,True,6,High,115
5624,Codeforces,14.5,4.9,2228,Medium,No,Occasionally,Freemium,2018,True,False,5,Medium,91
5625,CodeChef,17.7,4.1,970,Easy,Yes,Occasionally,Freemium,2006,False,False,8,Medium,104
5626,CodeChef,26.0,3.7,2823,Easy,No,Occasionally,Free,2006,False,True,7,Low,101
5627,LeetCode,27.3,3.7,1044,Easy,No,Occasionally,Paid,2013,False,False,5,Medium,95
5628,CodeChef,17.6,3.7,2035,Hard,Limited,Biweekly,Paid,2022,False,False,4,Medium,84
5629,CodeChef,3.2,3.7,2729,Easy,Limited,Monthly,Paid,2013,False,False,10,High,76
5630,Codeforces,13.8,4.5,713,Hard,Yes,Biweekly,Free,2005,False,True,4,High,100
5631,LeetCode,21.0,3.9,1084,Medium,Yes,Monthly,Freemium,2016,True,False,6,High,104
5632,Codeforces,27.6,4.4,2005,Medium,Limited,Monthly,Paid,2022,False,False,3,Medium,103
5633,Codeforces,5.9,3.8,1494,Hard,Limited,Occasionally,Paid,2022,True,False,10,Low,77
5634,CodeChef,22.0,4.0,783,Varied,Yes,Weekly,Paid,2022,True,False,9,Medium,111
5635,HackerRank,5.9,4.8,1362,Hard,Limited,Weekly,Paid,2013,True,True,10,High,99
5636,HackerRank,6.2,4.3,2604,Medium,No,Weekly,Paid,2018,False,True,9,High,87
5637,CodeChef,29.3,3.6,3539,Easy,No,Occasionally,Freemium,2020,False,False,3,High,98
5638,LeetCode,7.2,4.7,3437,Easy,No,Biweekly,Paid,2012,False,False,4,Medium,74
5639,CodeChef,14.0,3.5,3477,Easy,Limited,Occasionally,Paid,2022,False,False,7,Low,80
5640,LeetCode,14.8,4.7,2494,Easy,Limited,Occasionally,Free,2013,False,True,8,Medium,103
5641,CodeChef,28.9,3.5,2253,Hard,Yes,Biweekly,Free,2006,False,True,6,High,116
5642,LeetCode,25.7,4.4,1235,Hard,Limited,Weekly,Freemium,2007,True,True,10,Medium,126
5643,HackerRank,24.0,3.7,1983,Varied,Limited,Occasionally,Freemium,2015,False,False,9,Medium,106
5644,Codeforces,18.5,4.7,2228,Medium,Yes,Weekly,Free,2020,True,False,10,High,118
5645,Codeforces,18.3,4.2,846,Medium,Yes,Weekly,Paid,2021,False,False,6,Low,99
5646,HackerRank,27.5,4.5,745,Hard,No,Occasionally,Free,2012,True,False,6,High,108
5647,CodeChef,4.5,4.1,3217,Varied,Yes,Biweekly,Free,2005,True,True,1,High,76
5648,Codeforces,22.1,4.0,2960,Hard,Yes,Monthly,Paid,2005,True,True,8,High,113
5649,HackerRank,26.6,4.8,1839,Easy,Limited,Biweekly,Free,2016,False,True,3,High,115
5650,CodeChef,29.6,3.6,1693,Medium,Limited,Biweekly,Free,2019,False,True,4,High,109
5651,Codeforces,18.4,4.0,2117,Medium,Limited,Weekly,Paid,2021,False,True,2,Medium,92
5652,HackerRank,3.5,3.9,1577,Hard,Limited,Monthly,Freemium,2008,False,False,6,Medium,71
5653,CodeChef,9.4,4.9,3653,Medium,Yes,Monthly,Freemium,2022,False,True,1,Low,88
5654,CodeChef,26.2,3.9,1562,Varied,No,Weekly,Free,2020,False,True,6,Low,104
5655,CodeChef,14.7,4.7,1599,Hard,Limited,Monthly,Freemium,2019,False,False,8,High,102
5656,Codeforces,9.1,4.9,2207,Medium,No,Biweekly,Paid,2015,True,True,3,Low,80
5657,CodeChef,10.6,4.8,3492,Easy,Limited,Occasionally,Free,2006,False,False,2,Low,79
5658,Codeforces,15.3,4.8,1766,Medium,No,Weekly,Freemium,2009,True,False,8,Low,98
5659,CodeChef,7.2,4.8,1313,Varied,No,Weekly,Paid,2010,True,False,3,Low,73
5660,Codeforces,9.7,3.9,1807,Varied,Limited,Occasionally,Paid,2007,True,False,1,High,70
5661,CodeChef,11.4,3.7,2073,Medium,No,Weekly,Freemium,2013,False,False,3,Low,71
5662,CodeChef,25.9,4.9,1714,Hard,Limited,Weekly,Free,2022,True,False,9,Low,120
5663,CodeChef,4.3,3.7,1455,Varied,No,Biweekly,Freemium,2017,True,False,6,Medium,66
5664,Codeforces,6.8,4.1,628,Medium,No,Occasionally,Freemium,2005,False,True,6,High,80
5665,LeetCode,19.9,3.9,2202,Varied,No,Weekly,Paid,2009,True,False,4,Low,85
5666,CodeChef,12.6,3.8,1216,Medium,No,Occasionally,Freemium,2014,True,True,7,Low,84
5667,HackerRank,14.7,4.3,1986,Medium,Limited,Weekly,Paid,2017,False,False,1,Low,80
5668,Codeforces,15.1,4.0,2338,Hard,No,Weekly,Freemium,2010,True,True,10,Medium,101
5669,CodeChef,1.9,4.9,2533,Hard,No,Biweekly,Paid,2014,False,True,6,Medium,77
5670,HackerRank,19.6,4.6,2236,Medium,Yes,Occasionally,Free,2013,True,True,3,Low,102
5671,CodeChef,17.6,4.5,3405,Easy,Limited,Occasionally,Freemium,2018,False,True,3,Medium,97
5672,LeetCode,28.9,4.4,3265,Medium,Yes,Occasionally,Free,2016,True,True,2,High,116
5673,Codeforces,11.4,4.6,2522,Varied,Limited,Occasionally,Free,2019,False,True,10,Medium,101
5674,LeetCode,6.1,3.7,3887,Medium,Limited,Biweekly,Freemium,2007,True,False,1,Low,62
5675,HackerRank,22.1,4.3,1958,Hard,Limited,Weekly,Paid,2016,True,True,9,High,116
5676,LeetCode,10.7,4.0,2651,Hard,Limited,Biweekly,Paid,2005,True,True,5,High,86
5677,Codeforces,2.4,3.6,3963,Hard,Limited,Weekly,Free,2021,False,True,5,High,73
5678,CodeChef,15.1,4.6,1599,Medium,No,Weekly,Free,2013,True,True,6,Medium,97
5679,Codeforces,8.1,4.7,1391,Medium,Yes,Biweekly,Paid,2015,False,True,2,High,88
5680,CodeChef,15.1,4.1,3482,Easy,Yes,Weekly,Free,2006,True,False,4,Medium,93
5681,LeetCode,27.0,3.5,661,Hard,Limited,Occasionally,Free,2022,False,True,3,High,102
5682,Codeforces,22.7,4.1,1706,Medium,No,Weekly,Paid,2005,False,False,2,Medium,89
5683,CodeChef,19.0,4.8,2788,Medium,Limited,Weekly,Paid,2020,True,True,9,High,116
5684,Codeforces,27.7,3.8,1754,Medium,No,Monthly,Freemium,2006,False,True,5,Low,103
5685,LeetCode,1.4,4.6,1621,Varied,Yes,Occasionally,Free,2018,True,True,8,High,89
5686,CodeChef,5.3,4.2,3441,Varied,Limited,Biweekly,Free,2007,False,False,3,Low,68
5687,HackerRank,14.9,4.6,1925,Varied,No,Occasionally,Paid,2017,False,False,1,Medium,77
5688,CodeChef,6.2,3.9,2723,Varied,Yes,Monthly,Free,2015,True,True,4,Medium,79
5689,CodeChef,5.9,3.7,3767,Varied,No,Weekly,Freemium,2017,True,True,3,High,72
5690,CodeChef,11.3,4.6,1007,Hard,Limited,Weekly,Freemium,2007,False,True,1,High,90
5691,Codeforces,14.4,3.6,778,Medium,Yes,Occasionally,Paid,2011,True,False,9,High,95
5692,HackerRank,1.3,4.1,3022,Easy,Limited,Weekly,Free,2015,False,True,1,Low,64
5693,CodeChef,15.3,4.4,3947,Easy,Limited,Weekly,Freemium,2017,True,False,3,High,93
5694,CodeChef,2.5,4.5,3959,Easy,No,Weekly,Paid,2007,True,True,6,Medium,76
5695,LeetCode,15.7,4.1,2563,Varied,Yes,Occasionally,Free,2014,True,False,3,High,91
5696,Codeforces,9.9,3.8,2064,Easy,No,Biweekly,Paid,2018,True,False,2,Medium,65
5697,HackerRank,23.3,4.4,1048,Hard,Yes,Weekly,Freemium,2007,False,False,10,Medium,122
5698,LeetCode,4.3,4.0,1381,Easy,Yes,Monthly,Paid,2016,False,False,9,Medium,81
5699,HackerRank,27.5,4.9,2319,Varied,Yes,Biweekly,Free,2006,False,True,7,Low,126
5700,LeetCode,14.2,4.7,1188,Medium,Yes,Monthly,Free,2017,False,False,8,High,104
5701,CodeChef,10.0,3.9,2272,Varied,No,Biweekly,Free,2015,True,False,7,High,79
5702,CodeChef,23.9,3.7,1874,Hard,Limited,Monthly,Freemium,2013,True,False,3,High,96
5703,HackerRank,9.2,4.2,653,Medium,No,Weekly,Freemium,2011,True,False,4,Low,75
5704,Codeforces,26.3,4.7,2338,Easy,Yes,Weekly,Free,2006,False,True,9,Medium,130
5705,CodeChef,26.0,3.9,1519,Hard,Limited,Biweekly,Freemium,2005,True,False,1,Low,94
5706,LeetCode,22.1,4.3,3455,Medium,Yes,Monthly,Free,2022,True,False,4,Low,100
5707,HackerRank,1.8,4.9,3413,Varied,No,Biweekly,Paid,2013,False,False,9,High,80
5708,LeetCode,27.0,3.7,1391,Medium,Limited,Occasionally,Free,2010,True,True,7,Medium,110
5709,Codeforces,11.3,4.5,3050,Varied,Limited,Biweekly,Free,2013,False,False,7,Low,88
5710,Codeforces,9.6,3.8,3227,Varied,Limited,Occasionally,Free,2017,False,False,6,Medium,77
5711,Codeforces,26.8,5.0,2453,Varied,Yes,Monthly,Freemium,2014,False,False,1,Medium,112
5712,HackerRank,24.5,4.2,2863,Varied,Yes,Occasionally,Freemium,2007,True,False,3,Medium,105
5713,HackerRank,3.5,4.4,841,Hard,Yes,Occasionally,Free,2014,False,False,5,Low,75
5714,HackerRank,9.1,3.6,2988,Easy,No,Monthly,Freemium,2007,False,False,2,High,66
5715,HackerRank,26.0,3.6,3633,Varied,Yes,Weekly,Freemium,2013,True,True,9,High,123
5716,Codeforces,8.6,4.0,3081,Hard,Limited,Biweekly,Paid,2007,True,True,8,Medium,87
5717,HackerRank,12.3,4.1,2727,Varied,Yes,Weekly,Free,2022,False,True,6,Low,95
5718,Codeforces,5.9,4.3,3716,Medium,Yes,Weekly,Paid,2016,False,False,3,High,80
5719,Codeforces,20.7,3.7,3099,Hard,No,Weekly,Freemium,2021,True,False,8,Medium,97
5720,LeetCode,15.8,4.4,3620,Hard,Limited,Weekly,Free,2008,True,True,4,Medium,97
5721,Codeforces,27.2,3.8,2998,Hard,Yes,Monthly,Freemium,2009,True,False,6,Medium,111
5722,CodeChef,12.4,4.0,527,Easy,No,Occasionally,Paid,2013,False,False,1,Medium,68
5723,Codeforces,12.2,4.3,1416,Hard,Yes,Monthly,Free,2022,True,True,5,High,96
5724,HackerRank,24.1,3.7,1948,Varied,Yes,Monthly,Free,2011,True,True,3,High,104
5725,Codeforces,14.5,4.8,1366,Easy,No,Monthly,Free,2016,True,True,9,Low,99
5726,HackerRank,4.9,3.9,2500,Hard,No,Biweekly,Free,2019,False,False,9,Low,71
5727,Codeforces,24.2,4.2,2876,Hard,No,Occasionally,Freemium,2018,True,False,9,Low,104
5728,HackerRank,7.7,4.9,2476,Medium,No,Monthly,Free,2010,True,True,5,Medium,84
5729,LeetCode,19.8,4.9,562,Hard,No,Weekly,Paid,2020,False,False,10,Low,107
5730,HackerRank,8.1,4.2,2174,Easy,Limited,Occasionally,Freemium,2020,False,True,9,Medium,92
5731,LeetCode,13.4,3.7,3955,Varied,Yes,Occasionally,Paid,2018,True,True,8,Medium,95
5732,CodeChef,21.9,4.0,1854,Medium,Limited,Monthly,Freemium,2013,False,True,1,High,97
5733,CodeChef,11.2,4.2,1512,Hard,Yes,Monthly,Paid,2016,True,False,2,Low,78
5734,Codeforces,24.9,3.8,953,Easy,Yes,Weekly,Paid,2005,False,True,5,High,112
5735,LeetCode,22.4,3.5,3973,Easy,Yes,Biweekly,Paid,2015,True,True,2,High,98
5736,HackerRank,4.1,5.0,1059,Medium,Limited,Weekly,Paid,2006,False,True,4,Low,82
5737,CodeChef,12.1,4.3,3444,Medium,Yes,Monthly,Freemium,2012,True,True,10,Medium,106
5738,Codeforces,22.4,4.0,506,Medium,No,Occasionally,Freemium,2018,False,True,5,High,101
5739,HackerRank,27.1,3.7,2467,Varied,Yes,Weekly,Freemium,2016,False,True,3,Low,110
5740,CodeChef,20.5,3.8,3145,Hard,No,Monthly,Free,2006,False,True,1,High,86
5741,LeetCode,1.5,3.6,3852,Medium,Yes,Monthly,Freemium,2012,True,True,3,Medium,69
5742,HackerRank,26.2,4.3,1330,Varied,Yes,Occasionally,Freemium,2016,True,False,6,High,116
5743,HackerRank,23.7,4.2,3349,Varied,Yes,Occasionally,Paid,2010,True,True,5,Low,108
5744,LeetCode,29.2,3.6,3712,Medium,No,Monthly,Paid,2011,False,True,10,High,114
5745,LeetCode,27.8,4.5,2544,Varied,Limited,Biweekly,Free,2012,False,True,1,Low,106
5746,LeetCode,21.5,3.6,2806,Varied,Yes,Weekly,Free,2008,True,True,8,High,112
5747,CodeChef,24.2,5.0,1490,Hard,No,Weekly,Paid,2009,True,True,7,High,117
5748,LeetCode,2.6,3.7,3358,Easy,Limited,Biweekly,Paid,2012,True,False,4,Medium,62
5749,Codeforces,17.0,4.9,2837,Medium,Yes,Occasionally,Free,2019,True,False,4,High,102
5750,Codeforces,14.9,4.6,1365,Medium,No,Monthly,Free,2015,True,False,7,Medium,90
5751,CodeChef,16.1,3.7,2922,Varied,Yes,Occasionally,Paid,2015,True,False,2,Medium,82
5752,Codeforces,16.2,4.7,2293,Medium,No,Weekly,Free,2018,False,True,8,Low,101
5753,LeetCode,1.1,3.6,3992,Varied,No,Biweekly,Freemium,2017,False,True,1,Medium,56
5754,CodeChef,13.2,3.7,1441,Hard,No,Weekly,Free,2014,True,True,10,Medium,93
5755,HackerRank,26.2,4.9,1369,Easy,Yes,Monthly,Paid,2017,False,False,2,Medium,109
5756,Codeforces,23.9,4.8,3965,Hard,Limited,Biweekly,Paid,2008,True,False,9,Low,113
5757,CodeChef,6.9,4.5,2840,Varied,No,Occasionally,Free,2009,True,False,3,Medium,69
5758,HackerRank,8.7,4.4,3358,Medium,No,Monthly,Freemium,2006,False,False,10,High,89
5759,Codeforces,9.3,4.0,2455,Hard,No,Weekly,Freemium,2017,True,True,5,Low,80
5760,HackerRank,12.6,3.6,1765,Varied,No,Monthly,Freemium,2019,True,False,6,Low,75
5761,LeetCode,28.1,4.6,2356,Medium,Yes,Occasionally,Free,2014,False,True,4,Low,117
5762,HackerRank,26.6,3.7,2065,Easy,No,Weekly,Paid,2009,True,True,10,Low,110
5763,CodeChef,26.6,3.9,1029,Varied,Limited,Biweekly,Free,2020,False,False,3,Medium,99
5764,CodeChef,11.3,3.6,2156,Easy,Limited,Weekly,Freemium,2010,False,True,2,Medium,80
5765,LeetCode,22.6,4.6,1825,Easy,No,Biweekly,Paid,2011,True,False,3,Medium,94
5766,LeetCode,6.4,4.5,2189,Medium,Limited,Biweekly,Freemium,2015,True,True,5,Low,84
5767,Codeforces,15.6,3.7,1330,Medium,No,Weekly,Freemium,2007,False,True,3,Medium,84
5768,CodeChef,12.4,4.3,3614,Varied,Yes,Monthly,Freemium,2013,True,True,2,High,93
5769,CodeChef,9.9,5.0,1705,Easy,No,Biweekly,Paid,2010,False,True,9,High,98
5770,CodeChef,9.9,4.5,2584,Hard,No,Biweekly,Paid,2017,True,False,9,Medium,86
5771,Codeforces,21.6,3.8,1087,Medium,Yes,Occasionally,Free,2011,True,True,7,Low,105
5772,Codeforces,14.2,4.8,3950,Easy,No,Biweekly,Paid,2013,False,False,9,High,97
5773,Codeforces,18.1,3.5,1104,Varied,Limited,Occasionally,Freemium,2018,True,True,2,Medium,86
5774,HackerRank,9.7,4.4,789,Medium,Yes,Weekly,Freemium,2005,False,True,7,Low,99
5775,CodeChef,16.3,4.3,1190,Medium,Yes,Biweekly,Paid,2012,False,False,1,Low,85
5776,LeetCode,18.9,4.0,2050,Easy,Yes,Biweekly,Paid,2015,True,True,4,Low,97
5777,CodeChef,8.6,4.7,2529,Medium,Limited,Occasionally,Freemium,2013,True,True,1,High,84
5778,Codeforces,21.6,4.5,2352,Easy,Yes,Occasionally,Paid,2013,True,False,10,High,116
5779,Codeforces,29.9,3.8,1423,Varied,Yes,Occasionally,Freemium,2020,True,True,2,High,114
5780,CodeChef,6.4,4.3,3008,Hard,No,Weekly,Free,2018,False,True,8,High,87
5781,CodeChef,17.6,4.6,3048,Hard,No,Weekly,Paid,2010,True,True,5,Medium,97
5782,LeetCode,1.9,4.3,2550,Medium,Limited,Occasionally,Paid,2008,False,True,8,Medium,79
5783,Codeforces,20.9,5.0,2257,Hard,Yes,Occasionally,Free,2007,False,False,3,Low,103
5784,CodeChef,2.8,3.8,3450,Hard,Yes,Biweekly,Freemium,2009,True,False,2,Medium,67
5785,HackerRank,8.0,3.8,2870,Easy,No,Monthly,Free,2020,False,False,1,Low,58
5786,Codeforces,23.2,4.1,3617,Varied,No,Weekly,Paid,2005,True,False,2,High,92
5787,Codeforces,28.4,4.0,907,Medium,Yes,Occasionally,Paid,2021,True,True,1,Medium,107
5788,LeetCode,19.3,3.8,1327,Hard,No,Occasionally,Paid,2019,True,True,5,Low,87
5789,LeetCode,6.1,3.6,1511,Easy,Yes,Biweekly,Paid,2015,True,False,9,Low,79
5790,Codeforces,26.0,4.7,3149,Medium,No,Biweekly,Paid,2014,True,True,7,Medium,113
5791,CodeChef,22.6,4.4,2751,Easy,No,Biweekly,Paid,2012,False,True,10,Medium,111
5792,CodeChef,4.0,4.4,3366,Varied,Yes,Monthly,Freemium,2013,True,False,8,Low,84
5793,Codeforces,17.1,3.7,2952,Medium,No,Weekly,Freemium,2009,True,False,2,Low,78
5794,HackerRank,8.5,3.6,2771,Hard,No,Biweekly,Free,2017,True,True,6,Medium,75
5795,HackerRank,25.6,3.6,2966,Easy,Limited,Monthly,Paid,2009,False,True,4,Low,97
5796,Codeforces,20.6,4.4,3569,Hard,Limited,Monthly,Paid,2005,False,True,5,High,104
5797,CodeChef,8.5,4.6,1106,Hard,Yes,Occasionally,Paid,2021,True,True,2,High,87
5798,Codeforces,27.6,4.5,2884,Hard,Yes,Monthly,Paid,2017,False,True,4,High,118
5799,CodeChef,9.3,4.6,2403,Hard,Limited,Occasionally,Freemium,2010,True,True,2,High,86
5800,HackerRank,16.1,4.4,1244,Hard,No,Biweekly,Free,2009,True,False,10,Low,95
5801,HackerRank,23.3,4.9,1212,Medium,Limited,Monthly,Freemium,2013,False,False,9,Low,115
5802,LeetCode,1.1,3.8,2043,Hard,No,Weekly,Freemium,2005,True,False,1,Medium,55
5803,CodeChef,8.0,3.9,2177,Hard,No,Monthly,Free,2014,True,False,8,High,77
5804,CodeChef,1.7,3.8,1895,Hard,Limited,Weekly,Freemium,2005,False,True,1,Medium,66
5805,CodeChef,20.6,4.8,2187,Hard,Yes,Biweekly,Freemium,2021,False,True,6,Medium,117
5806,CodeChef,7.8,4.3,3128,Easy,Limited,Occasionally,Freemium,2020,True,True,9,Medium,93
5807,CodeChef,29.4,4.6,3742,Hard,No,Monthly,Freemium,2020,True,True,8,Medium,121
5808,HackerRank,16.1,4.1,3370,Hard,No,Occasionally,Free,2021,True,True,5,Medium,88
5809,HackerRank,1.3,4.4,3321,Medium,No,Monthly,Paid,2018,True,True,7,Low,70
5810,HackerRank,5.0,4.7,603,Hard,Limited,Weekly,Freemium,2005,True,True,10,High,100
5811,HackerRank,22.5,5.0,1997,Easy,Limited,Monthly,Free,2017,False,False,10,Low,115
5812,HackerRank,9.4,3.8,3896,Medium,Yes,Weekly,Freemium,2011,False,True,9,Low,96
5813,HackerRank,9.0,4.1,3998,Medium,Yes,Occasionally,Free,2005,False,True,2,Low,80
5814,Codeforces,12.0,3.8,1350,Hard,Yes,Weekly,Free,2016,True,True,6,Low,92
5815,LeetCode,25.6,4.3,3737,Hard,No,Occasionally,Paid,2019,False,False,8,Low,102
5816,Codeforces,24.3,3.6,3633,Varied,Limited,Monthly,Freemium,2018,True,False,9,Medium,105
5817,HackerRank,3.1,4.6,2246,Varied,No,Biweekly,Paid,2013,False,True,8,Low,78
5818,HackerRank,5.5,3.6,956,Hard,Yes,Monthly,Freemium,2007,False,False,10,High,86
5819,LeetCode,16.6,4.4,3467,Hard,Yes,Occasionally,Freemium,2020,True,False,1,High,93
5820,CodeChef,28.7,3.7,3714,Varied,Limited,Biweekly,Paid,2009,False,True,8,High,116
5821,Codeforces,20.6,3.8,1468,Varied,No,Weekly,Freemium,2011,False,True,7,High,103
5822,Codeforces,8.5,3.9,608,Varied,Yes,Weekly,Paid,2016,False,False,1,Low,72
5823,CodeChef,25.3,4.4,3641,Varied,No,Monthly,Paid,2011,False,False,2,Low,91
5824,CodeChef,4.6,4.7,1110,Easy,No,Biweekly,Paid,2022,True,True,1,High,71
5825,LeetCode,12.4,3.9,2219,Easy,Yes,Monthly,Freemium,2007,True,False,6,High,92
5826,HackerRank,4.6,4.0,1330,Easy,No,Monthly,Paid,2016,False,True,7,Medium,73
5827,CodeChef,19.1,4.1,1199,Medium,Limited,Occasionally,Free,2015,True,False,10,Low,101
5828,HackerRank,19.7,4.9,3225,Medium,Yes,Occasionally,Paid,2019,True,True,2,High,107
5829,Codeforces,7.5,4.2,3307,Varied,No,Weekly,Freemium,2006,True,True,10,High,93
5830,Codeforces,25.4,4.8,3539,Easy,Limited,Biweekly,Freemium,2007,True,True,3,Low,111
5831,LeetCode,5.9,4.6,2717,Medium,Limited,Occasionally,Paid,2006,True,True,6,Low,82
5832,HackerRank,29.9,3.8,2335,Easy,No,Weekly,Free,2015,False,False,10,Medium,114
5833,CodeChef,12.2,4.3,2604,Hard,No,Monthly,Paid,2008,False,True,9,Low,89
5834,LeetCode,25.8,4.3,2558,Medium,Limited,Weekly,Paid,2019,False,True,6,Low,112
5835,LeetCode,2.6,3.6,3856,Medium,No,Weekly,Paid,2016,True,False,3,High,58
5836,CodeChef,25.8,3.7,3061,Varied,Yes,Occasionally,Freemium,2007,True,True,3,Medium,107
5837,Codeforces,15.8,3.5,1164,Medium,Limited,Weekly,Free,2018,True,False,8,Medium,91
5838,Codeforces,8.3,4.7,795,Varied,No,Biweekly,Freemium,2014,True,False,3,Low,74
5839,HackerRank,26.8,4.4,2642,Easy,Yes,Weekly,Free,2017,True,True,10,Medium,130
5840,HackerRank,19.9,3.6,1966,Medium,Yes,Monthly,Freemium,2009,True,True,4,Low,97
5841,HackerRank,25.2,3.7,3138,Easy,Yes,Weekly,Freemium,2006,True,False,6,High,112
5842,CodeChef,26.1,4.0,3592,Medium,Yes,Occasionally,Free,2021,True,True,1,Medium,104
5843,LeetCode,7.9,3.7,580,Varied,Limited,Weekly,Freemium,2016,True,True,10,Medium,92
5844,CodeChef,14.9,3.6,850,Medium,Limited,Biweekly,Freemium,2014,True,True,5,Low,87
5845,HackerRank,13.7,4.7,2613,Medium,No,Occasionally,Paid,2021,False,True,6,Medium,92
5846,CodeChef,9.1,4.9,725,Hard,Yes,Weekly,Free,2018,False,False,2,High,90
5847,Codeforces,13.9,4.1,1892,Hard,Limited,Occasionally,Free,2013,True,True,8,High,98
5848,HackerRank,25.8,4.8,2505,Medium,Yes,Occasionally,Paid,2007,False,True,2,High,115
5849,Codeforces,29.3,4.0,2533,Varied,Yes,Occasionally,Freemium,2013,False,False,5,Low,112
5850,HackerRank,22.6,3.6,2577,Medium,Limited,Monthly,Freemium,2007,True,False,5,Low,93
5851,CodeChef,6.8,4.7,3593,Varied,No,Occasionally,Freemium,2007,False,True,10,High,94
5852,HackerRank,14.4,4.3,1666,Medium,Yes,Weekly,Free,2020,True,True,2,High,97
5853,Codeforces,28.3,4.6,3689,Medium,No,Monthly,Free,2009,True,False,6,Medium,108
5854,Codeforces,18.2,4.5,3687,Medium,Limited,Weekly,Free,2012,True,True,6,High,107
5855,HackerRank,12.5,4.8,2098,Medium,Yes,Biweekly,Free,2011,False,True,2,High,97
5856,LeetCode,19.0,3.9,1538,Hard,Limited,Weekly,Free,2006,True,False,2,High,90
5857,Codeforces,16.8,4.3,2483,Medium,No,Monthly,Free,2018,True,False,7,Low,88
5858,CodeChef,28.5,4.7,3190,Medium,Limited,Monthly,Paid,2022,False,True,2,Low,109
5859,HackerRank,14.0,4.9,1559,Varied,Limited,Monthly,Free,2012,False,False,8,High,101
5860,CodeChef,21.2,4.5,3148,Varied,Limited,Biweekly,Freemium,2009,False,True,6,Medium,110
5861,LeetCode,23.5,3.9,1967,Medium,Yes,Monthly,Paid,2007,False,False,8,High,109
5862,Codeforces,8.2,4.3,1001,Hard,Yes,Biweekly,Paid,2018,False,False,5,High,85
5863,HackerRank,29.7,4.5,2612,Hard,No,Weekly,Paid,2017,True,False,3,Low,104
5864,LeetCode,3.1,4.6,3653,Hard,Yes,Monthly,Paid,2005,True,True,4,Medium,81
5865,Codeforces,24.2,4.0,983,Easy,Limited,Weekly,Freemium,2019,False,False,8,Low,108
5866,Codeforces,25.5,5.0,3908,Varied,No,Monthly,Paid,2009,False,False,7,Medium,109
5867,Codeforces,15.2,3.5,1967,Hard,Yes,Biweekly,Free,2006,False,True,5,High,94
5868,HackerRank,13.3,3.7,621,Varied,Limited,Occasionally,Paid,2019,True,True,10,High,96
5869,CodeChef,12.1,3.5,2079,Medium,Limited,Biweekly,Free,2015,False,True,9,High,92
5870,HackerRank,10.2,3.9,1257,Varied,No,Occasionally,Freemium,2020,False,True,4,Medium,77
5871,CodeChef,6.3,4.8,778,Hard,Limited,Biweekly,Paid,2016,True,True,8,Medium,91
5872,CodeChef,28.7,3.8,1894,Hard,No,Weekly,Paid,2012,True,True,3,High,104
5873,CodeChef,21.9,4.2,2941,Easy,No,Biweekly,Paid,2021,True,True,1,Low,88
5874,HackerRank,27.1,4.9,679,Medium,Limited,Monthly,Paid,2014,False,True,5,Low,115
5875,CodeChef,5.7,4.5,3164,Easy,Yes,Occasionally,Free,2009,True,False,10,Low,90
5876,HackerRank,19.2,4.7,1228,Easy,Limited,Occasionally,Paid,2021,True,False,4,Low,94
5877,HackerRank,18.6,4.4,3553,Medium,Limited,Monthly,Paid,2010,True,False,7,Medium,98
5878,HackerRank,19.8,4.6,1923,Easy,Limited,Biweekly,Free,2017,False,False,9,High,110
5879,Codeforces,15.8,4.7,1758,Hard,No,Monthly,Free,2010,False,True,10,Low,102
5880,LeetCode,22.2,3.7,1584,Hard,Yes,Monthly,Paid,2013,True,True,4,Medium,100
5881,CodeChef,29.9,4.4,3736,Varied,No,Biweekly,Free,2018,False,True,7,Medium,117
5882,HackerRank,24.5,4.6,1213,Easy,Yes,Weekly,Paid,2010,False,False,3,High,111
5883,HackerRank,19.6,4.8,2276,Medium,No,Occasionally,Freemium,2008,True,True,3,Low,96
5884,Codeforces,17.7,4.4,3304,Varied,Limited,Biweekly,Freemium,2013,False,False,7,Low,99
5885,HackerRank,5.2,4.4,565,Varied,Yes,Occasionally,Freemium,2007,True,False,8,Medium,88
5886,HackerRank,24.1,4.9,599,Varied,Limited,Occasionally,Free,2019,False,True,3,Low,107
5887,Codeforces,4.6,4.6,823,Easy,Yes,Weekly,Free,2008,False,False,2,Low,76
5888,HackerRank,25.9,4.4,1792,Hard,Limited,Weekly,Paid,2009,True,False,6,Medium,110
5889,LeetCode,12.7,3.9,1214,Varied,Limited,Monthly,Freemium,2010,False,False,2,Medium,77
5890,Codeforces,29.0,3.6,3410,Hard,No,Monthly,Free,2015,True,True,2,Low,94
5891,CodeChef,4.3,3.6,3239,Easy,No,Occasionally,Free,2018,True,True,8,High,73
5892,Codeforces,2.4,4.9,1865,Hard,Limited,Biweekly,Free,2010,False,True,6,Medium,84
5893,HackerRank,12.7,4.4,670,Easy,No,Biweekly,Paid,2009,False,False,7,Low,83
5894,CodeChef,14.9,4.5,2623,Varied,No,Occasionally,Free,2018,True,True,4,High,90
5895,LeetCode,24.8,4.4,1683,Hard,No,Occasionally,Free,2018,False,False,4,Medium,97
5896,Codeforces,14.2,5.0,1895,Medium,Limited,Occasionally,Freemium,2009,True,True,4,Low,97
5897,LeetCode,10.0,3.9,585,Easy,No,Biweekly,Free,2006,False,False,2,High,69
5898,LeetCode,24.2,4.5,3575,Hard,Yes,Biweekly,Free,2018,True,False,2,Medium,104
5899,Codeforces,28.0,4.3,1230,Medium,Limited,Occasionally,Freemium,2008,True,False,7,High,116
5900,HackerRank,10.1,3.7,2873,Varied,No,Monthly,Free,2006,True,True,10,High,87
5901,Codeforces,6.6,4.2,3177,Hard,Yes,Weekly,Freemium,2013,False,False,4,High,85
5902,Codeforces,26.3,4.5,3053,Medium,Yes,Occasionally,Freemium,2014,True,False,2,Low,106
5903,LeetCode,7.7,4.2,946,Medium,Yes,Monthly,Free,2009,False,True,4,High,87
5904,Codeforces,20.6,3.8,1012,Hard,Yes,Weekly,Paid,2008,False,True,6,Medium,106
5905,Codeforces,13.1,4.1,1188,Medium,Yes,Weekly,Freemium,2012,True,False,2,Low,86
5906,CodeChef,3.2,4.5,3131,Easy,Yes,Occasionally,Freemium,2013,True,False,2,Medium,74
5907,LeetCode,11.1,4.6,2148,Easy,Limited,Occasionally,Freemium,2007,False,False,9,High,98
5908,CodeChef,4.7,4.6,866,Varied,Limited,Occasionally,Paid,2013,True,True,10,Medium,90
5909,CodeChef,17.6,4.6,1229,Easy,No,Monthly,Freemium,2014,True,True,3,High,95
5910,CodeChef,22.8,4.9,3150,Hard,Yes,Occasionally,Free,2009,True,True,4,Low,112
5911,HackerRank,2.6,3.6,2554,Varied,Limited,Weekly,Freemium,2006,True,True,10,Medium,83
5912,HackerRank,9.6,4.4,3325,Medium,Limited,Occasionally,Paid,2017,False,True,4,Medium,83
5913,CodeChef,29.0,4.3,3996,Varied,Limited,Biweekly,Free,2021,True,True,1,Medium,108
5914,CodeChef,18.4,4.9,1068,Varied,Yes,Monthly,Paid,2012,False,True,4,Low,105
5915,Codeforces,26.9,4.1,1735,Varied,Yes,Weekly,Freemium,2005,False,False,2,Low,106
5916,LeetCode,8.4,3.8,668,Hard,No,Monthly,Paid,2007,True,False,5,High,70
5917,CodeChef,24.7,4.4,527,Easy,Limited,Weekly,Free,2015,True,False,1,Low,97
5918,HackerRank,27.0,3.6,2074,Medium,No,Occasionally,Free,2013,True,True,10,High,112
5919,HackerRank,12.8,4.3,1562,Easy,Yes,Biweekly,Free,2009,True,True,5,Low,94
5920,LeetCode,18.5,4.0,1686,Varied,No,Occasionally,Freemium,2021,False,False,7,High,94
5921,HackerRank,25.2,4.7,3478,Hard,No,Monthly,Free,2015,True,False,1,Low,93
5922,CodeChef,21.3,4.7,2164,Medium,No,Biweekly,Freemium,2007,False,False,7,Low,102
5923,HackerRank,24.3,3.6,990,Varied,Yes,Weekly,Free,2017,False,True,5,Low,106
5924,HackerRank,1.6,3.7,1311,Medium,Yes,Biweekly,Free,2005,True,True,2,Medium,67
5925,LeetCode,22.4,4.3,2358,Hard,Limited,Monthly,Freemium,2006,False,False,5,Medium,102
5926,HackerRank,20.5,3.7,3262,Varied,Yes,Weekly,Paid,2012,True,False,10,High,110
5927,Codeforces,2.9,3.7,2642,Medium,Yes,Biweekly,Paid,2010,False,False,9,Medium,77
5928,LeetCode,15.9,3.8,3984,Varied,No,Monthly,Paid,2020,False,False,1,High,73
5929,LeetCode,1.4,4.6,2056,Easy,Yes,Biweekly,Free,2007,True,True,9,High,92
5930,Codeforces,27.9,4.7,682,Medium,No,Biweekly,Free,2019,False,False,4,High,108
5931,CodeChef,22.8,3.8,719,Varied,No,Occasionally,Freemium,2009,True,True,10,Low,105
5932,Codeforces,28.1,3.5,1182,Hard,Yes,Occasionally,Freemium,2018,True,False,2,Low,99
5933,LeetCode,22.7,4.8,3194,Varied,Limited,Monthly,Paid,2020,True,False,7,Medium,108
5934,HackerRank,13.7,5.0,3676,Easy,No,Monthly,Free,2019,True,False,10,Medium,99
5935,HackerRank,14.2,4.8,2752,Hard,No,Biweekly,Freemium,2017,True,False,5,High,92
5936,CodeChef,7.3,3.7,1749,Easy,No,Monthly,Freemium,2011,False,True,7,High,79
5937,LeetCode,21.9,4.4,1745,Varied,No,Weekly,Freemium,2006,True,True,8,High,113
5938,CodeChef,20.7,3.7,2377,Varied,Yes,Occasionally,Free,2019,False,True,3,Low,95
5939,CodeChef,8.5,4.7,3705,Medium,Yes,Monthly,Freemium,2017,True,False,1,Low,80
5940,Codeforces,28.2,4.1,1503,Varied,Yes,Weekly,Free,2021,False,False,8,Low,118
5941,LeetCode,21.4,3.6,2514,Hard,No,Weekly,Freemium,2014,True,True,3,High,94
5942,HackerRank,5.4,4.4,3803,Hard,No,Weekly,Free,2017,True,True,6,Low,78
5943,Codeforces,18.1,3.8,1099,Varied,Limited,Biweekly,Free,2006,False,False,7,High,95
5944,Codeforces,1.8,3.6,3687,Easy,No,Occasionally,Freemium,2005,False,False,5,High,61
5945,Codeforces,29.6,3.7,2757,Easy,No,Weekly,Paid,2019,False,True,3,High,104
5946,CodeChef,8.3,4.7,1652,Easy,No,Biweekly,Freemium,2009,True,False,4,Medium,78
5947,Codeforces,19.7,3.6,3082,Easy,Limited,Biweekly,Free,2022,False,False,4,Low,86
5948,HackerRank,1.4,3.9,3777,Varied,No,Biweekly,Free,2017,False,False,4,Medium,58
5949,HackerRank,16.2,4.2,2552,Medium,Limited,Biweekly,Free,2015,True,True,4,High,95
5950,HackerRank,26.2,3.6,3000,Easy,Yes,Weekly,Freemium,2017,True,True,2,Medium,107
5951,HackerRank,3.0,3.7,3916,Easy,Yes,Weekly,Freemium,2009,True,False,4,Low,70
5952,HackerRank,18.6,4.7,2526,Medium,No,Occasionally,Paid,2019,True,True,3,Medium,93
5953,CodeChef,11.3,4.5,3097,Medium,Limited,Biweekly,Paid,2009,True,True,2,Medium,84
5954,LeetCode,19.6,4.8,1958,Easy,Yes,Occasionally,Free,2007,False,False,5,High,107
5955,HackerRank,24.9,3.9,2072,Medium,Yes,Biweekly,Paid,2015,True,True,1,High,103
5956,CodeChef,22.8,3.6,3178,Medium,Yes,Occasionally,Paid,2021,True,False,8,Low,101
5957,LeetCode,8.9,4.5,1906,Varied,Limited,Monthly,Freemium,2005,False,False,9,High,93
5958,HackerRank,7.5,4.5,3393,Medium,Limited,Monthly,Freemium,2015,True,False,6,High,85
5959,CodeChef,11.6,4.4,3940,Varied,No,Occasionally,Paid,2011,False,False,6,Low,78
5960,CodeChef,14.1,4.2,1549,Hard,Limited,Monthly,Free,2015,False,False,10,Low,94
5961,Codeforces,26.7,4.0,1050,Varied,Yes,Weekly,Paid,2020,False,False,6,Medium,112
5962,CodeChef,9.1,4.2,1579,Easy,Limited,Monthly,Freemium,2009,False,False,9,High,91
5963,HackerRank,23.4,4.6,3282,Varied,Limited,Weekly,Freemium,2006,False,False,1,Medium,101
5964,HackerRank,18.8,4.7,673,Easy,No,Weekly,Free,2019,True,False,8,High,104
5965,Codeforces,15.6,3.9,3968,Easy,Yes,Biweekly,Free,2012,False,False,4,Low,87
5966,CodeChef,15.9,4.2,1582,Medium,No,Occasionally,Paid,2016,True,False,8,Low,87
5967,Codeforces,17.5,4.0,1396,Hard,No,Weekly,Paid,2011,False,False,10,High,98
5968,HackerRank,15.2,3.8,3456,Hard,Limited,Weekly,Freemium,2005,True,False,6,High,93
5969,Codeforces,11.5,3.6,2353,Easy,Limited,Biweekly,Freemium,2016,True,True,3,High,82
5970,LeetCode,15.5,3.5,2894,Hard,Limited,Monthly,Free,2007,True,False,2,High,77
5971,Codeforces,25.4,3.6,2782,Hard,No,Occasionally,Free,2013,False,True,7,Low,99
5972,LeetCode,6.1,4.6,3478,Hard,No,Monthly,Freemium,2020,False,True,1,Low,70
5973,Codeforces,13.7,4.2,3179,Hard,Limited,Occasionally,Free,2020,True,False,5,High,88
5974,Codeforces,30.0,3.6,3892,Easy,Yes,Weekly,Freemium,2016,True,True,7,Medium,123
5975,LeetCode,25.9,4.5,3945,Easy,Limited,Occasionally,Freemium,2011,False,True,4,Low,110
5976,Codeforces,28.2,4.3,2712,Hard,No,Monthly,Free,2010,True,False,7,Medium,107
5977,HackerRank,29.2,4.0,2323,Varied,No,Monthly,Free,2009,False,False,4,Medium,100
5978,HackerRank,23.3,4.1,3644,Medium,Yes,Occasionally,Freemium,2015,False,False,6,High,110
5979,HackerRank,10.2,3.8,3332,Easy,No,Weekly,Freemium,2017,True,False,10,High,88
5980,LeetCode,14.0,3.7,1424,Varied,Yes,Occasionally,Freemium,2020,False,False,1,Medium,80
5981,CodeChef,4.6,4.0,758,Varied,No,Biweekly,Freemium,2012,True,True,10,Low,81
5982,HackerRank,25.1,4.7,3678,Medium,No,Monthly,Paid,2010,False,False,10,Low,110
5983,LeetCode,17.4,3.6,2005,Varied,No,Monthly,Paid,2015,True,False,7,Medium,83
5984,HackerRank,19.9,4.3,3642,Easy,No,Monthly,Paid,2014,False,True,9,Low,101
5985,HackerRank,14.5,3.8,3974,Medium,Yes,Monthly,Freemium,2005,False,True,7,Medium,99
5986,LeetCode,10.6,4.8,3607,Varied,Limited,Monthly,Freemium,2019,True,False,3,High,87
5987,LeetCode,4.7,4.5,3883,Varied,No,Weekly,Paid,2008,True,False,1,Medium,64
5988,CodeChef,1.1,4.6,3912,Easy,Yes,Biweekly,Freemium,2020,False,True,1,Low,74
5989,LeetCode,25.1,4.0,2916,Easy,Limited,Occasionally,Free,2015,True,True,4,Medium,104
5990,Codeforces,18.7,4.1,918,Hard,Limited,Occasionally,Freemium,2018,True,False,4,Low,90
5991,CodeChef,8.9,3.8,3355,Medium,Limited,Weekly,Paid,2011,False,False,9,Medium,84
5992,LeetCode,6.3,4.5,877,Varied,Yes,Weekly,Free,2008,False,False,2,Medium,79
5993,LeetCode,23.6,4.4,1071,Varied,Yes,Monthly,Paid,2013,True,False,5,High,108
5994,Codeforces,3.1,4.7,3037,Medium,No,Monthly,Paid,2017,False,False,7,Low,71
5995,Codeforces,5.7,4.0,1915,Easy,Yes,Monthly,Paid,2011,True,False,3,Medium,72
5996,HackerRank,11.4,4.3,868,Varied,Limited,Occasionally,Paid,2015,True,False,7,Medium,86
5997,LeetCode,16.1,4.6,2486,Medium,Yes,Monthly,Free,2014,True,True,5,Medium,103
5998,HackerRank,18.9,4.2,1657,Hard,Yes,Occasionally,Paid,2018,True,False,2,Medium,91
5999,Codeforces,4.1,5.0,2603,Hard,Limited,Biweekly,Freemium,2019,True,True,10,Medium,97
